Posizionamento_Disciplina,Squadra,Punti,anno,disciplina,PtTotaliOlimpiade,Posizionamento_Olimpiade
1,GUY DE MONTFORT,30,2025,Ballo,350,24
2,OTELLO,25,2025,Ballo,470,3
3,ALFREDO,21,2025,Ballo,470,2
4,LUISA MILLER,18,2025,Ballo,277,79
5,ZAMORO,16,2025,Ballo,387,12
6,ALZIRA,15,2025,Ballo,300,57
7,DON ALVARO,14,2025,Ballo,240,102
8,FILIPPO II,13,2025,Ballo,326,36
9,CONTE DI VAUDEMONT,12,2025,Ballo,416,6
10,FLORA,12,2025,Ballo,299,61
11,CONTE DI WALTER,12,2025,Ballo,396,8
12,AMONASRO,12,2025,Ballo,297,64
13,MINA,12,2025,Ballo,349,25
14,DON RICCARDO,12,2025,Ballo,300,59
15,RAMFIS,12,2025,Ballo,403,7
16,ULRICA,12,2025,Ballo,326,37
17,ABIGAILLE,11,2025,Ballo,385,13
18,CASSIO,11,2025,Ballo,392,11
19,ATALIBA,11,2025,Ballo,327,35
20,IAGO,11,2025,Ballo,479,1
21,ISMAELE,11,2025,Ballo,280,76
22,ALICE,11,2025,Ballo,332,32
23,ERNANI,11,2025,Ballo,283,73
24,CONTE RICCARDO,11,2025,Ballo,329,33
25,CONTE DI LUNA,10,2025,Ballo,357,21
26,MARCOVALDO,10,2025,Ballo,451,4
27,GULNARA,10,2025,Ballo,338,29
28,SPARAFUCILE,10,2025,Ballo,362,16
29,PREZIOSILLA,10,2025,Ballo,241,101
30,OVANDO,10,2025,Ballo,312,47
31,BRIANO,10,2025,Ballo,224,106
32,LINA,10,2025,Ballo,301,56
33,VIOLETTA,10,2025,Ballo,345,26
34,CALATRAVA,10,2025,Ballo,259,92
35,DUNCANO,10,2025,Ballo,343,28
36,SELIMO,10,2025,Ballo,323,38
37,EZIO,8,2025,Ballo,394,9
38,BARDOLFO,8,2025,Ballo,248,97
39,FERRANDO,8,2025,Ballo,267,87
40,DUCA DI MANTOVA,8,2025,Ballo,307,50
41,FENTON,8,2025,Ballo,266,89
42,DOROTEA,8,2025,Ballo,301,54
43,EGBERTO,8,2025,Ballo,293,67
44,GUSMANO,8,2025,Ballo,266,88
45,AMNERIS,8,2025,Ballo,300,58
46,RODOLFO,8,2025,Ballo,317,44
47,IMELDA,8,2025,Ballo,286,72
48,ELISABETTA DI VALOIS,8,2025,Ballo,287,71
49,PAGANO,8,2025,Ballo,392,10
50,OSCAR,8,2025,Ballo,275,81
51,ELVIRA,8,2025,Ballo,279,77
52,AZUCENA,8,2025,Ballo,337,30
53,EMILIA,8,2025,Ballo,277,80
54,FORD,8,2025,Ballo,317,43
55,GISELDA,8,2025,Ballo,358,19
56,BORSA,8,2025,Ballo,302,53
57,NINETTA,8,2025,Ballo,213,107
58,RADAMÈS,8,2025,Ballo,291,69
59,AIDA,8,2025,Ballo,308,48
60,GILDA,8,2025,Ballo,315,45
61,MACBETH,7,2025,Ballo,361,17
62,MEDORA,7,2025,Ballo,288,70
63,BARBAROSSA,7,2025,Ballo,301,55
64,RUY GOMEZ,7,2025,Ballo,261,91
65,AROLDO,7,2025,Ballo,320,41
66,RAFFAELE,7,2025,Ballo,251,94
67,RENATO,7,2025,Ballo,271,84
68,DESDEMONA,7,2025,Ballo,343,27
69,LEONORA,7,2025,Ballo,297,63
70,ELENA,7,2025,Ballo,382,15
71,FALSTAFF,7,2025,Ballo,320,40
72,RODRIGO,7,2025,Ballo,291,68
73,ZACCARIA,7,2025,Ballo,384,14
74,STIFFELIO,7,2025,Ballo,307,49
75,ARRIGO,7,2025,Ballo,293,66
76,ULDINO,7,2025,Ballo,248,96
77,WURM,7,2025,Ballo,298,62
78,ABDALLO,7,2025,Ballo,281,75
79,ODABELLA,7,2025,Ballo,273,83
80,SEID,7,2025,Ballo,244,100
81,GODVINO,7,2025,Ballo,275,82
82,AMELIA,7,2025,Ballo,318,42
83,MANRICO,7,2025,Ballo,256,93
84,VICLINDA,7,2025,Ballo,251,95
85,FRA MELITONE,6,2025,Ballo,144,108
86,MACDUFF,6,2025,Ballo,355,23
87,BANCO,6,2025,Ballo,304,51
88,NABUCODONOSOR,6,2025,Ballo,328,34
89,ATTILA,6,2025,Ballo,268,86
90,PIRRO,6,2025,Ballo,233,103
91,STANKAR,6,2025,Ballo,282,74
92,ARVINO,6,2025,Ballo,438,5
93,MASSIMILIANO,6,2025,Ballo,247,98
94,RE CARLO,6,2025,Ballo,244,99
95,MALCOLM,6,2025,Ballo,360,18
96,ROLLA,6,2025,Ballo,265,90
97,GASTONE,6,2025,Ballo,355,22
98,TEBALDO,6,2025,Ballo,320,39
99,MOSER,6,2025,Ballo,230,104
100,FEDERICA,6,2025,Ballo,296,65
101,ARMINIO,6,2025,Ballo,225,105
102,CORRADO,6,2025,Ballo,358,20
103,FORESTO,6,2025,Ballo,302,52
104,GERMONT,6,2025,Ballo,312,46
105,DON CARLOS,6,2025,Ballo,337,31
106,LIDA,6,2025,Ballo,277,78
107,ROLANDO,6,2025,Ballo,300,60
108,RIGOLETTO,6,2025,Ballo,271,85
1,PAGANO,30,2025,Basket Connect 4,392,10
2,GASTONE,25,2025,Basket Connect 4,355,22
3,CONTE DI WALTER,21,2025,Basket Connect 4,396,8
4,GULNARA,18,2025,Basket Connect 4,338,29
5,EZIO,16,2025,Basket Connect 4,394,9
6,BARDOLFO,16,2025,Basket Connect 4,248,97
7,IAGO,16,2025,Basket Connect 4,479,1
8,IMELDA,16,2025,Basket Connect 4,286,72
9,MACDUFF,14,2025,Basket Connect 4,355,23
10,BANCO,14,2025,Basket Connect 4,304,51
11,GUY DE MONTFORT,14,2025,Basket Connect 4,350,24
12,TEBALDO,14,2025,Basket Connect 4,320,39
13,ISMAELE,14,2025,Basket Connect 4,280,76
14,FALSTAFF,14,2025,Basket Connect 4,320,40
15,ERNANI,14,2025,Basket Connect 4,283,73
16,ROLANDO,14,2025,Basket Connect 4,300,60
17,MACBETH,10,2025,Basket Connect 4,361,17
18,MEDORA,10,2025,Basket Connect 4,288,70
19,NABUCODONOSOR,10,2025,Basket Connect 4,328,34
20,ARVINO,10,2025,Basket Connect 4,438,5
21,DOROTEA,10,2025,Basket Connect 4,301,54
22,FILIPPO II,10,2025,Basket Connect 4,326,36
23,AROLDO,10,2025,Basket Connect 4,320,41
24,AMONASRO,10,2025,Basket Connect 4,297,64
25,MOSER,10,2025,Basket Connect 4,230,104
26,RENATO,10,2025,Basket Connect 4,271,84
27,DESDEMONA,10,2025,Basket Connect 4,343,27
28,CORRADO,10,2025,Basket Connect 4,358,20
29,GERMONT,10,2025,Basket Connect 4,312,46
30,EMILIA,10,2025,Basket Connect 4,277,80
31,VIOLETTA,10,2025,Basket Connect 4,345,26
32,RAMFIS,10,2025,Basket Connect 4,403,7
33,FRA MELITONE,6,2025,Basket Connect 4,144,108
34,ABIGAILLE,6,2025,Basket Connect 4,385,13
35,OTELLO,6,2025,Basket Connect 4,470,3
36,FERRANDO,6,2025,Basket Connect 4,267,87
37,ATTILA,6,2025,Basket Connect 4,268,86
38,DUCA DI MANTOVA,6,2025,Basket Connect 4,307,50
39,PIRRO,6,2025,Basket Connect 4,233,103
40,STANKAR,6,2025,Basket Connect 4,282,74
41,CONTE DI LUNA,6,2025,Basket Connect 4,357,21
42,CASSIO,6,2025,Basket Connect 4,392,11
43,BARBAROSSA,6,2025,Basket Connect 4,301,55
44,FENTON,6,2025,Basket Connect 4,266,89
45,MARCOVALDO,6,2025,Basket Connect 4,451,4
46,MASSIMILIANO,6,2025,Basket Connect 4,247,98
47,CONTE DI VAUDEMONT,6,2025,Basket Connect 4,416,6
48,ALFREDO,6,2025,Basket Connect 4,470,2
49,RE CARLO,6,2025,Basket Connect 4,244,99
50,ATALIBA,6,2025,Basket Connect 4,327,35
51,FLORA,6,2025,Basket Connect 4,299,61
52,MALCOLM,6,2025,Basket Connect 4,360,18
53,EGBERTO,6,2025,Basket Connect 4,293,67
54,ROLLA,6,2025,Basket Connect 4,265,90
55,GUSMANO,6,2025,Basket Connect 4,266,88
56,SPARAFUCILE,6,2025,Basket Connect 4,362,16
57,AMNERIS,6,2025,Basket Connect 4,300,58
58,PREZIOSILLA,6,2025,Basket Connect 4,241,101
59,RUY GOMEZ,6,2025,Basket Connect 4,261,91
60,ALZIRA,6,2025,Basket Connect 4,300,57
61,RODOLFO,6,2025,Basket Connect 4,317,44
62,ZAMORO,6,2025,Basket Connect 4,387,12
63,OVANDO,6,2025,Basket Connect 4,312,47
64,FEDERICA,6,2025,Basket Connect 4,296,65
65,RAFFAELE,6,2025,Basket Connect 4,251,94
66,ELISABETTA DI VALOIS,6,2025,Basket Connect 4,287,71
67,BRIANO,6,2025,Basket Connect 4,224,106
68,ARMINIO,6,2025,Basket Connect 4,225,105
69,OSCAR,6,2025,Basket Connect 4,275,81
70,LINA,6,2025,Basket Connect 4,301,56
71,DON ALVARO,6,2025,Basket Connect 4,240,102
72,LEONORA,6,2025,Basket Connect 4,297,63
73,ELVIRA,6,2025,Basket Connect 4,279,77
74,AZUCENA,6,2025,Basket Connect 4,337,30
75,ALICE,6,2025,Basket Connect 4,332,32
76,FORESTO,6,2025,Basket Connect 4,302,52
77,ELENA,6,2025,Basket Connect 4,382,15
78,FORD,6,2025,Basket Connect 4,317,43
79,RODRIGO,6,2025,Basket Connect 4,291,68
80,MINA,6,2025,Basket Connect 4,349,25
81,DON RICCARDO,6,2025,Basket Connect 4,300,59
82,GISELDA,6,2025,Basket Connect 4,358,19
83,BORSA,6,2025,Basket Connect 4,302,53
84,DON CARLOS,6,2025,Basket Connect 4,337,31
85,ZACCARIA,6,2025,Basket Connect 4,384,14
86,STIFFELIO,6,2025,Basket Connect 4,307,49
87,LIDA,6,2025,Basket Connect 4,277,78
88,ARRIGO,6,2025,Basket Connect 4,293,66
89,ULDINO,6,2025,Basket Connect 4,248,96
90,WURM,6,2025,Basket Connect 4,298,62
91,ABDALLO,6,2025,Basket Connect 4,281,75
92,CALATRAVA,6,2025,Basket Connect 4,259,92
93,NINETTA,6,2025,Basket Connect 4,213,107
94,RIGOLETTO,6,2025,Basket Connect 4,271,85
95,LUISA MILLER,6,2025,Basket Connect 4,277,79
96,ODABELLA,6,2025,Basket Connect 4,273,83
97,SEID,6,2025,Basket Connect 4,244,100
98,GODVINO,6,2025,Basket Connect 4,275,82
99,AMELIA,6,2025,Basket Connect 4,318,42
100,MANRICO,6,2025,Basket Connect 4,256,93
101,ULRICA,6,2025,Basket Connect 4,326,37
102,VICLINDA,6,2025,Basket Connect 4,251,95
103,RADAMÈS,6,2025,Basket Connect 4,291,69
104,AIDA,6,2025,Basket Connect 4,308,48
105,CONTE RICCARDO,6,2025,Basket Connect 4,329,33
106,GILDA,6,2025,Basket Connect 4,315,45
107,DUNCANO,6,2025,Basket Connect 4,343,28
108,SELIMO,6,2025,Basket Connect 4,323,38
1,MALCOLM,30,2025,Biglie,360,18
2,AMELIA,25,2025,Biglie,318,42
3,CORRADO,21,2025,Biglie,358,20
4,ARVINO,19,2025,Biglie,438,5
5,MINA,18,2025,Biglie,349,25
6,MARCOVALDO,17,2025,Biglie,451,4
7,SPARAFUCILE,16,2025,Biglie,362,16
8,GERMONT,15,2025,Biglie,312,46
9,RIGOLETTO,14,2025,Biglie,271,85
10,EZIO,13,2025,Biglie,394,9
11,DON CARLOS,12,2025,Biglie,337,31
12,ZAMORO,11,2025,Biglie,387,12
13,CASSIO,10,2025,Biglie,392,11
14,CONTE DI VAUDEMONT,10,2025,Biglie,416,6
15,FILIPPO II,10,2025,Biglie,326,36
16,PAGANO,10,2025,Biglie,392,10
17,LEONORA,10,2025,Biglie,297,63
18,ZACCARIA,10,2025,Biglie,384,14
19,STIFFELIO,10,2025,Biglie,307,49
20,VIOLETTA,10,2025,Biglie,345,26
21,MACBETH,9,2025,Biglie,361,17
22,ALFREDO,9,2025,Biglie,470,2
23,IAGO,9,2025,Biglie,479,1
24,CONTE DI WALTER,9,2025,Biglie,396,8
25,RAFFAELE,9,2025,Biglie,251,94
26,LINA,9,2025,Biglie,301,56
27,ERNANI,9,2025,Biglie,283,73
28,DUNCANO,9,2025,Biglie,343,28
29,DUCA DI MANTOVA,8,2025,Biglie,307,50
30,GUSMANO,8,2025,Biglie,266,88
31,PREZIOSILLA,8,2025,Biglie,241,101
32,TEBALDO,8,2025,Biglie,320,39
33,OVANDO,8,2025,Biglie,312,47
34,IMELDA,8,2025,Biglie,286,72
35,ISMAELE,8,2025,Biglie,280,76
36,RAMFIS,8,2025,Biglie,403,7
37,ABIGAILLE,7,2025,Biglie,385,13
38,BANCO,7,2025,Biglie,304,51
39,OTELLO,7,2025,Biglie,470,3
40,ATTILA,7,2025,Biglie,268,86
41,PIRRO,7,2025,Biglie,233,103
42,CONTE DI LUNA,7,2025,Biglie,357,21
43,BARBAROSSA,7,2025,Biglie,301,55
44,ATALIBA,7,2025,Biglie,327,35
45,GULNARA,7,2025,Biglie,338,29
46,EGBERTO,7,2025,Biglie,293,67
47,ROLLA,7,2025,Biglie,265,90
48,GUY DE MONTFORT,7,2025,Biglie,350,24
49,AROLDO,7,2025,Biglie,320,41
50,AMONASRO,7,2025,Biglie,297,64
51,FEDERICA,7,2025,Biglie,296,65
52,ELISABETTA DI VALOIS,7,2025,Biglie,287,71
53,BRIANO,7,2025,Biglie,224,106
54,DESDEMONA,7,2025,Biglie,343,27
55,ARMINIO,7,2025,Biglie,225,105
56,DON ALVARO,7,2025,Biglie,240,102
57,ELVIRA,7,2025,Biglie,279,77
58,AZUCENA,7,2025,Biglie,337,30
59,ALICE,7,2025,Biglie,332,32
60,ELENA,7,2025,Biglie,382,15
61,FALSTAFF,7,2025,Biglie,320,40
62,GISELDA,7,2025,Biglie,358,19
63,BORSA,7,2025,Biglie,302,53
64,LIDA,7,2025,Biglie,277,78
65,ARRIGO,7,2025,Biglie,293,66
66,CALATRAVA,7,2025,Biglie,259,92
67,NINETTA,7,2025,Biglie,213,107
68,GODVINO,7,2025,Biglie,275,82
69,MANRICO,7,2025,Biglie,256,93
70,ULRICA,7,2025,Biglie,326,37
71,GILDA,7,2025,Biglie,315,45
72,SELIMO,7,2025,Biglie,323,38
73,FRA MELITONE,6,2025,Biglie,144,108
74,MACDUFF,6,2025,Biglie,355,23
75,MEDORA,6,2025,Biglie,288,70
76,BARDOLFO,6,2025,Biglie,248,97
77,NABUCODONOSOR,6,2025,Biglie,328,34
78,FERRANDO,6,2025,Biglie,267,87
79,STANKAR,6,2025,Biglie,282,74
80,FENTON,6,2025,Biglie,266,89
81,MASSIMILIANO,6,2025,Biglie,247,98
82,RE CARLO,6,2025,Biglie,244,99
83,DOROTEA,6,2025,Biglie,301,54
84,FLORA,6,2025,Biglie,299,61
85,AMNERIS,6,2025,Biglie,300,58
86,RUY GOMEZ,6,2025,Biglie,261,91
87,GASTONE,6,2025,Biglie,355,22
88,ALZIRA,6,2025,Biglie,300,57
89,RODOLFO,6,2025,Biglie,317,44
90,MOSER,6,2025,Biglie,230,104
91,RENATO,6,2025,Biglie,271,84
92,OSCAR,6,2025,Biglie,275,81
93,FORESTO,6,2025,Biglie,302,52
94,EMILIA,6,2025,Biglie,277,80
95,FORD,6,2025,Biglie,317,43
96,RODRIGO,6,2025,Biglie,291,68
97,DON RICCARDO,6,2025,Biglie,300,59
98,ULDINO,6,2025,Biglie,248,96
99,WURM,6,2025,Biglie,298,62
100,ABDALLO,6,2025,Biglie,281,75
101,ROLANDO,6,2025,Biglie,300,60
102,LUISA MILLER,6,2025,Biglie,277,79
103,ODABELLA,6,2025,Biglie,273,83
104,SEID,6,2025,Biglie,244,100
105,VICLINDA,6,2025,Biglie,251,95
106,RADAMÈS,6,2025,Biglie,291,69
107,AIDA,6,2025,Biglie,308,48
108,CONTE RICCARDO,6,2025,Biglie,329,33
1,ARVINO,30,2025,Bocce,438,5
2,MARCOVALDO,25,2025,Bocce,451,4
3,CONTE DI VAUDEMONT,21,2025,Bocce,416,6
4,DESDEMONA,18,2025,Bocce,343,27
5,ABIGAILLE,16,2025,Bocce,385,13
6,CASSIO,16,2025,Bocce,392,11
7,ZAMORO,16,2025,Bocce,387,12
8,AMELIA,16,2025,Bocce,318,42
9,OTELLO,14,2025,Bocce,470,3
10,MASSIMILIANO,14,2025,Bocce,247,98
11,CONTE DI WALTER,14,2025,Bocce,396,8
12,RODOLFO,14,2025,Bocce,317,44
13,FALSTAFF,14,2025,Bocce,320,40
14,RODRIGO,14,2025,Bocce,291,68
15,ARRIGO,14,2025,Bocce,293,66
16,ODABELLA,14,2025,Bocce,273,83
17,MACBETH,12,2025,Bocce,361,17
18,EZIO,12,2025,Bocce,394,9
19,NABUCODONOSOR,12,2025,Bocce,328,34
20,FERRANDO,12,2025,Bocce,267,87
21,DUCA DI MANTOVA,12,2025,Bocce,307,50
22,AMONASRO,12,2025,Bocce,297,64
23,TEBALDO,12,2025,Bocce,320,39
24,OVANDO,12,2025,Bocce,312,47
25,PAGANO,12,2025,Bocce,392,10
26,DON ALVARO,12,2025,Bocce,240,102
27,EMILIA,12,2025,Bocce,277,80
28,DON RICCARDO,12,2025,Bocce,300,59
29,BORSA,12,2025,Bocce,302,53
30,STIFFELIO,12,2025,Bocce,307,49
31,VIOLETTA,12,2025,Bocce,345,26
32,DUNCANO,12,2025,Bocce,343,28
33,BANCO,10,2025,Bocce,304,51
34,STANKAR,10,2025,Bocce,282,74
35,BARBAROSSA,10,2025,Bocce,301,55
36,ALFREDO,10,2025,Bocce,470,2
37,IAGO,10,2025,Bocce,479,1
38,MALCOLM,10,2025,Bocce,360,18
39,FILIPPO II,10,2025,Bocce,326,36
40,RAFFAELE,10,2025,Bocce,251,94
41,IMELDA,10,2025,Bocce,286,72
42,BRIANO,10,2025,Bocce,224,106
43,CORRADO,10,2025,Bocce,358,20
44,AZUCENA,10,2025,Bocce,337,30
45,ALICE,10,2025,Bocce,332,32
46,GERMONT,10,2025,Bocce,312,46
47,MINA,10,2025,Bocce,349,25
48,GISELDA,10,2025,Bocce,358,19
49,CALATRAVA,10,2025,Bocce,259,92
50,ROLANDO,10,2025,Bocce,300,60
51,SEID,10,2025,Bocce,244,100
52,MANRICO,10,2025,Bocce,256,93
53,ULRICA,10,2025,Bocce,326,37
54,GILDA,10,2025,Bocce,315,45
55,MACDUFF,8,2025,Bocce,355,23
56,MEDORA,8,2025,Bocce,288,70
57,BARDOLFO,8,2025,Bocce,248,97
58,ATTILA,8,2025,Bocce,268,86
59,RE CARLO,8,2025,Bocce,244,99
60,EGBERTO,8,2025,Bocce,293,67
61,GUSMANO,8,2025,Bocce,266,88
62,SPARAFUCILE,8,2025,Bocce,362,16
63,AMNERIS,8,2025,Bocce,300,58
64,PREZIOSILLA,8,2025,Bocce,241,101
65,ALZIRA,8,2025,Bocce,300,57
66,FEDERICA,8,2025,Bocce,296,65
67,ELISABETTA DI VALOIS,8,2025,Bocce,287,71
68,RENATO,8,2025,Bocce,271,84
69,ISMAELE,8,2025,Bocce,280,76
70,LEONORA,8,2025,Bocce,297,63
71,ELVIRA,8,2025,Bocce,279,77
72,FORESTO,8,2025,Bocce,302,52
73,ZACCARIA,8,2025,Bocce,384,14
74,ULDINO,8,2025,Bocce,248,96
75,ABDALLO,8,2025,Bocce,281,75
76,RIGOLETTO,8,2025,Bocce,271,85
77,LUISA MILLER,8,2025,Bocce,277,79
78,GODVINO,8,2025,Bocce,275,82
79,VICLINDA,8,2025,Bocce,251,95
80,RADAMÈS,8,2025,Bocce,291,69
81,CONTE RICCARDO,8,2025,Bocce,329,33
82,FRA MELITONE,6,2025,Bocce,144,108
83,PIRRO,6,2025,Bocce,233,103
84,CONTE DI LUNA,6,2025,Bocce,357,21
85,FENTON,6,2025,Bocce,266,89
86,DOROTEA,6,2025,Bocce,301,54
87,ATALIBA,6,2025,Bocce,327,35
88,GULNARA,6,2025,Bocce,338,29
89,FLORA,6,2025,Bocce,299,61
90,ROLLA,6,2025,Bocce,265,90
91,GUY DE MONTFORT,6,2025,Bocce,350,24
92,RUY GOMEZ,6,2025,Bocce,261,91
93,AROLDO,6,2025,Bocce,320,41
94,GASTONE,6,2025,Bocce,355,22
95,MOSER,6,2025,Bocce,230,104
96,ARMINIO,6,2025,Bocce,225,105
97,OSCAR,6,2025,Bocce,275,81
98,LINA,6,2025,Bocce,301,56
99,ELENA,6,2025,Bocce,382,15
100,FORD,6,2025,Bocce,317,43
101,DON CARLOS,6,2025,Bocce,337,31
102,ERNANI,6,2025,Bocce,283,73
103,LIDA,6,2025,Bocce,277,78
104,WURM,6,2025,Bocce,298,62
105,NINETTA,6,2025,Bocce,213,107
106,RAMFIS,6,2025,Bocce,403,7
107,AIDA,6,2025,Bocce,308,48
108,SELIMO,6,2025,Bocce,323,38
1,MARCOVALDO,30,2025,Calciobalilla,451,4
2,CONTE DI VAUDEMONT,25,2025,Calciobalilla,416,6
3,ALZIRA,21,2025,Calciobalilla,300,57
4,OTELLO,18,2025,Calciobalilla,470,3
5,CORRADO,16,2025,Calciobalilla,358,20
6,GERMONT,16,2025,Calciobalilla,312,46
7,BORSA,16,2025,Calciobalilla,302,53
8,ZACCARIA,16,2025,Calciobalilla,384,14
9,MACDUFF,14,2025,Calciobalilla,355,23
10,CASSIO,14,2025,Calciobalilla,392,11
11,IAGO,14,2025,Calciobalilla,479,1
12,FEDERICA,14,2025,Calciobalilla,296,65
13,ELVIRA,14,2025,Calciobalilla,279,77
14,DON RICCARDO,14,2025,Calciobalilla,300,59
15,SEID,14,2025,Calciobalilla,244,100
16,CONTE RICCARDO,14,2025,Calciobalilla,329,33
17,MEDORA,12,2025,Calciobalilla,288,70
18,NABUCODONOSOR,12,2025,Calciobalilla,328,34
19,ALFREDO,12,2025,Calciobalilla,470,2
20,EGBERTO,12,2025,Calciobalilla,293,67
21,FILIPPO II,12,2025,Calciobalilla,326,36
22,RODOLFO,12,2025,Calciobalilla,317,44
23,ZAMORO,12,2025,Calciobalilla,387,12
24,RAFFAELE,12,2025,Calciobalilla,251,94
25,DESDEMONA,12,2025,Calciobalilla,343,27
26,ALICE,12,2025,Calciobalilla,332,32
27,FORESTO,12,2025,Calciobalilla,302,52
28,FORD,12,2025,Calciobalilla,317,43
29,RODRIGO,12,2025,Calciobalilla,291,68
30,DON CARLOS,12,2025,Calciobalilla,337,31
31,VIOLETTA,12,2025,Calciobalilla,345,26
32,LUISA MILLER,12,2025,Calciobalilla,277,79
33,BANCO,10,2025,Calciobalilla,304,51
34,DUCA DI MANTOVA,10,2025,Calciobalilla,307,50
35,CONTE DI LUNA,10,2025,Calciobalilla,357,21
36,BARBAROSSA,10,2025,Calciobalilla,301,55
37,ATALIBA,10,2025,Calciobalilla,327,35
38,FLORA,10,2025,Calciobalilla,299,61
39,MALCOLM,10,2025,Calciobalilla,360,18
40,AMNERIS,10,2025,Calciobalilla,300,58
41,TEBALDO,10,2025,Calciobalilla,320,39
42,BRIANO,10,2025,Calciobalilla,224,106
43,DON ALVARO,10,2025,Calciobalilla,240,102
44,LEONORA,10,2025,Calciobalilla,297,63
45,FALSTAFF,10,2025,Calciobalilla,320,40
46,ERNANI,10,2025,Calciobalilla,283,73
47,STIFFELIO,10,2025,Calciobalilla,307,49
48,ARRIGO,10,2025,Calciobalilla,293,66
49,ROLANDO,10,2025,Calciobalilla,300,60
50,ODABELLA,10,2025,Calciobalilla,273,83
51,AMELIA,10,2025,Calciobalilla,318,42
52,RAMFIS,10,2025,Calciobalilla,403,7
53,RADAMÈS,10,2025,Calciobalilla,291,69
54,SELIMO,10,2025,Calciobalilla,323,38
55,MACBETH,8,2025,Calciobalilla,361,17
56,BARDOLFO,8,2025,Calciobalilla,248,97
57,ATTILA,8,2025,Calciobalilla,268,86
58,PIRRO,8,2025,Calciobalilla,233,103
59,FENTON,8,2025,Calciobalilla,266,89
60,RE CARLO,8,2025,Calciobalilla,244,99
61,ROLLA,8,2025,Calciobalilla,265,90
62,GUY DE MONTFORT,8,2025,Calciobalilla,350,24
63,PREZIOSILLA,8,2025,Calciobalilla,241,101
64,AROLDO,8,2025,Calciobalilla,320,41
65,GASTONE,8,2025,Calciobalilla,355,22
66,CONTE DI WALTER,8,2025,Calciobalilla,396,8
67,AMONASRO,8,2025,Calciobalilla,297,64
68,IMELDA,8,2025,Calciobalilla,286,72
69,RENATO,8,2025,Calciobalilla,271,84
70,PAGANO,8,2025,Calciobalilla,392,10
71,OSCAR,8,2025,Calciobalilla,275,81
72,AZUCENA,8,2025,Calciobalilla,337,30
73,ELENA,8,2025,Calciobalilla,382,15
74,EMILIA,8,2025,Calciobalilla,277,80
75,LIDA,8,2025,Calciobalilla,277,78
76,ABDALLO,8,2025,Calciobalilla,281,75
77,CALATRAVA,8,2025,Calciobalilla,259,92
78,MANRICO,8,2025,Calciobalilla,256,93
79,ULRICA,8,2025,Calciobalilla,326,37
80,AIDA,8,2025,Calciobalilla,308,48
81,GILDA,8,2025,Calciobalilla,315,45
82,FRA MELITONE,6,2025,Calciobalilla,144,108
83,ABIGAILLE,6,2025,Calciobalilla,385,13
84,EZIO,6,2025,Calciobalilla,394,9
85,FERRANDO,6,2025,Calciobalilla,267,87
86,STANKAR,6,2025,Calciobalilla,282,74
87,ARVINO,6,2025,Calciobalilla,438,5
88,MASSIMILIANO,6,2025,Calciobalilla,247,98
89,DOROTEA,6,2025,Calciobalilla,301,54
90,GULNARA,6,2025,Calciobalilla,338,29
91,GUSMANO,6,2025,Calciobalilla,266,88
92,SPARAFUCILE,6,2025,Calciobalilla,362,16
93,RUY GOMEZ,6,2025,Calciobalilla,261,91
94,OVANDO,6,2025,Calciobalilla,312,47
95,MOSER,6,2025,Calciobalilla,230,104
96,ELISABETTA DI VALOIS,6,2025,Calciobalilla,287,71
97,ARMINIO,6,2025,Calciobalilla,225,105
98,ISMAELE,6,2025,Calciobalilla,280,76
99,LINA,6,2025,Calciobalilla,301,56
100,MINA,6,2025,Calciobalilla,349,25
101,GISELDA,6,2025,Calciobalilla,358,19
102,ULDINO,6,2025,Calciobalilla,248,96
103,WURM,6,2025,Calciobalilla,298,62
104,NINETTA,6,2025,Calciobalilla,213,107
105,RIGOLETTO,6,2025,Calciobalilla,271,85
106,GODVINO,6,2025,Calciobalilla,275,82
107,VICLINDA,6,2025,Calciobalilla,251,95
108,DUNCANO,6,2025,Calciobalilla,343,28
1,ABIGAILLE,30,2025,Canotto Race,385,13
2,MACBETH,25,2025,Canotto Race,361,17
3,IAGO,21,2025,Canotto Race,479,1
4,GISELDA,18,2025,Canotto Race,358,19
5,EZIO,16,2025,Canotto Race,394,9
6,MARCOVALDO,16,2025,Canotto Race,451,4
7,GULNARA,16,2025,Canotto Race,338,29
8,RAMFIS,16,2025,Canotto Race,403,7
9,ALFREDO,14,2025,Canotto Race,470,2
10,MALCOLM,14,2025,Canotto Race,360,18
11,AROLDO,14,2025,Canotto Race,320,41
12,CONTE DI WALTER,14,2025,Canotto Race,396,8
13,ELVIRA,14,2025,Canotto Race,279,77
14,STIFFELIO,14,2025,Canotto Race,307,49
15,AMELIA,14,2025,Canotto Race,318,42
16,CONTE RICCARDO,14,2025,Canotto Race,329,33
17,MACDUFF,10,2025,Canotto Race,355,23
18,NABUCODONOSOR,10,2025,Canotto Race,328,34
19,STANKAR,10,2025,Canotto Race,282,74
20,CASSIO,10,2025,Canotto Race,392,11
21,ARVINO,10,2025,Canotto Race,438,5
22,EGBERTO,10,2025,Canotto Race,293,67
23,ALZIRA,10,2025,Canotto Race,300,57
24,ZAMORO,10,2025,Canotto Race,387,12
25,TEBALDO,10,2025,Canotto Race,320,39
26,DESDEMONA,10,2025,Canotto Race,343,27
27,AZUCENA,10,2025,Canotto Race,337,30
28,RODRIGO,10,2025,Canotto Race,291,68
29,MINA,10,2025,Canotto Race,349,25
30,BORSA,10,2025,Canotto Race,302,53
31,RIGOLETTO,10,2025,Canotto Race,271,85
32,ODABELLA,10,2025,Canotto Race,273,83
33,FRA MELITONE,6,2025,Canotto Race,144,108
34,BANCO,6,2025,Canotto Race,304,51
35,MEDORA,6,2025,Canotto Race,288,70
36,OTELLO,6,2025,Canotto Race,470,3
37,BARDOLFO,6,2025,Canotto Race,248,97
38,FERRANDO,6,2025,Canotto Race,267,87
39,ATTILA,6,2025,Canotto Race,268,86
40,DUCA DI MANTOVA,6,2025,Canotto Race,307,50
41,PIRRO,6,2025,Canotto Race,233,103
42,CONTE DI LUNA,6,2025,Canotto Race,357,21
43,BARBAROSSA,6,2025,Canotto Race,301,55
44,FENTON,6,2025,Canotto Race,266,89
45,MASSIMILIANO,6,2025,Canotto Race,247,98
46,CONTE DI VAUDEMONT,6,2025,Canotto Race,416,6
47,RE CARLO,6,2025,Canotto Race,244,99
48,DOROTEA,6,2025,Canotto Race,301,54
49,ATALIBA,6,2025,Canotto Race,327,35
50,FLORA,6,2025,Canotto Race,299,61
51,ROLLA,6,2025,Canotto Race,265,90
52,GUY DE MONTFORT,6,2025,Canotto Race,350,24
53,GUSMANO,6,2025,Canotto Race,266,88
54,SPARAFUCILE,6,2025,Canotto Race,362,16
55,AMNERIS,6,2025,Canotto Race,300,58
56,PREZIOSILLA,6,2025,Canotto Race,241,101
57,FILIPPO II,6,2025,Canotto Race,326,36
58,RUY GOMEZ,6,2025,Canotto Race,261,91
59,GASTONE,6,2025,Canotto Race,355,22
60,RODOLFO,6,2025,Canotto Race,317,44
61,AMONASRO,6,2025,Canotto Race,297,64
62,OVANDO,6,2025,Canotto Race,312,47
63,MOSER,6,2025,Canotto Race,230,104
64,FEDERICA,6,2025,Canotto Race,296,65
65,RAFFAELE,6,2025,Canotto Race,251,94
66,IMELDA,6,2025,Canotto Race,286,72
67,ELISABETTA DI VALOIS,6,2025,Canotto Race,287,71
68,BRIANO,6,2025,Canotto Race,224,106
69,RENATO,6,2025,Canotto Race,271,84
70,PAGANO,6,2025,Canotto Race,392,10
71,ARMINIO,6,2025,Canotto Race,225,105
72,OSCAR,6,2025,Canotto Race,275,81
73,ISMAELE,6,2025,Canotto Race,280,76
74,LINA,6,2025,Canotto Race,301,56
75,DON ALVARO,6,2025,Canotto Race,240,102
76,LEONORA,6,2025,Canotto Race,297,63
77,CORRADO,6,2025,Canotto Race,358,20
78,ALICE,6,2025,Canotto Race,332,32
79,FORESTO,6,2025,Canotto Race,302,52
80,GERMONT,6,2025,Canotto Race,312,46
81,ELENA,6,2025,Canotto Race,382,15
82,EMILIA,6,2025,Canotto Race,277,80
83,FORD,6,2025,Canotto Race,317,43
84,FALSTAFF,6,2025,Canotto Race,320,40
85,DON RICCARDO,6,2025,Canotto Race,300,59
86,DON CARLOS,6,2025,Canotto Race,337,31
87,ERNANI,6,2025,Canotto Race,283,73
88,ZACCARIA,6,2025,Canotto Race,384,14
89,VIOLETTA,6,2025,Canotto Race,345,26
90,LIDA,6,2025,Canotto Race,277,78
91,ARRIGO,6,2025,Canotto Race,293,66
92,ULDINO,6,2025,Canotto Race,248,96
93,WURM,6,2025,Canotto Race,298,62
94,ABDALLO,6,2025,Canotto Race,281,75
95,CALATRAVA,6,2025,Canotto Race,259,92
96,ROLANDO,6,2025,Canotto Race,300,60
97,NINETTA,6,2025,Canotto Race,213,107
98,LUISA MILLER,6,2025,Canotto Race,277,79
99,SEID,6,2025,Canotto Race,244,100
100,GODVINO,6,2025,Canotto Race,275,82
101,MANRICO,6,2025,Canotto Race,256,93
102,ULRICA,6,2025,Canotto Race,326,37
103,VICLINDA,6,2025,Canotto Race,251,95
104,RADAMÈS,6,2025,Canotto Race,291,69
105,AIDA,6,2025,Canotto Race,308,48
106,GILDA,6,2025,Canotto Race,315,45
107,DUNCANO,6,2025,Canotto Race,343,28
108,SELIMO,6,2025,Canotto Race,323,38
1,ELENA,30,2025,Cars Race,382,15
2,GILDA,25,2025,Cars Race,315,45
3,MALCOLM,21,2025,Cars Race,360,18
4,OTELLO,18,2025,Cars Race,470,3
5,ABIGAILLE,16,2025,Cars Race,385,13
6,FORD,15,2025,Cars Race,317,43
7,MARCOVALDO,14,2025,Cars Race,451,4
8,CONTE DI VAUDEMONT,14,2025,Cars Race,416,6
9,BORSA,14,2025,Cars Race,302,53
10,ROLANDO,14,2025,Cars Race,300,60
11,ODABELLA,14,2025,Cars Race,273,83
12,AIDA,14,2025,Cars Race,308,48
13,MEDORA,13,2025,Cars Race,288,70
14,DUCA DI MANTOVA,13,2025,Cars Race,307,50
15,FENTON,13,2025,Cars Race,266,89
16,ATALIBA,13,2025,Cars Race,327,35
17,GUY DE MONTFORT,13,2025,Cars Race,350,24
18,ALZIRA,13,2025,Cars Race,300,57
19,NABUCODONOSOR,12,2025,Cars Race,328,34
20,ARVINO,12,2025,Cars Race,438,5
21,ZAMORO,12,2025,Cars Race,387,12
22,LINA,12,2025,Cars Race,301,56
23,DON RICCARDO,12,2025,Cars Race,300,59
24,ARRIGO,12,2025,Cars Race,293,66
25,BARDOLFO,11,2025,Cars Race,248,97
26,FERRANDO,11,2025,Cars Race,267,87
27,ALFREDO,11,2025,Cars Race,470,2
28,ROLLA,11,2025,Cars Race,265,90
29,AROLDO,11,2025,Cars Race,320,41
30,CONTE DI WALTER,11,2025,Cars Race,396,8
31,TEBALDO,11,2025,Cars Race,320,39
32,ZACCARIA,11,2025,Cars Race,384,14
33,WURM,11,2025,Cars Race,298,62
34,LUISA MILLER,11,2025,Cars Race,277,79
35,SEID,11,2025,Cars Race,244,100
36,RADAMÈS,11,2025,Cars Race,291,69
37,MACDUFF,10,2025,Cars Race,355,23
38,BANCO,10,2025,Cars Race,304,51
39,CONTE DI LUNA,10,2025,Cars Race,357,21
40,IAGO,10,2025,Cars Race,479,1
41,FILIPPO II,10,2025,Cars Race,326,36
42,ELISABETTA DI VALOIS,10,2025,Cars Race,287,71
43,DESDEMONA,10,2025,Cars Race,343,27
44,PAGANO,10,2025,Cars Race,392,10
45,OSCAR,10,2025,Cars Race,275,81
46,CORRADO,10,2025,Cars Race,358,20
47,AZUCENA,10,2025,Cars Race,337,30
48,EMILIA,10,2025,Cars Race,277,80
49,MINA,10,2025,Cars Race,349,25
50,DON CARLOS,10,2025,Cars Race,337,31
51,LIDA,10,2025,Cars Race,277,78
52,VICLINDA,10,2025,Cars Race,251,95
53,CONTE RICCARDO,10,2025,Cars Race,329,33
54,SELIMO,10,2025,Cars Race,323,38
55,EZIO,8,2025,Cars Race,394,9
56,ATTILA,8,2025,Cars Race,268,86
57,STANKAR,8,2025,Cars Race,282,74
58,CASSIO,8,2025,Cars Race,392,11
59,BARBAROSSA,8,2025,Cars Race,301,55
60,DOROTEA,8,2025,Cars Race,301,54
61,GUSMANO,8,2025,Cars Race,266,88
62,AMNERIS,8,2025,Cars Race,300,58
63,PREZIOSILLA,8,2025,Cars Race,241,101
64,OVANDO,8,2025,Cars Race,312,47
65,FEDERICA,8,2025,Cars Race,296,65
66,ARMINIO,8,2025,Cars Race,225,105
67,FALSTAFF,8,2025,Cars Race,320,40
68,GISELDA,8,2025,Cars Race,358,19
69,ERNANI,8,2025,Cars Race,283,73
70,VIOLETTA,8,2025,Cars Race,345,26
71,ULDINO,8,2025,Cars Race,248,96
72,ULRICA,8,2025,Cars Race,326,37
73,FRA MELITONE,6,2025,Cars Race,144,108
74,MACBETH,6,2025,Cars Race,361,17
75,PIRRO,6,2025,Cars Race,233,103
76,MASSIMILIANO,6,2025,Cars Race,247,98
77,RE CARLO,6,2025,Cars Race,244,99
78,GULNARA,6,2025,Cars Race,338,29
79,FLORA,6,2025,Cars Race,299,61
80,EGBERTO,6,2025,Cars Race,293,67
81,SPARAFUCILE,6,2025,Cars Race,362,16
82,RUY GOMEZ,6,2025,Cars Race,261,91
83,GASTONE,6,2025,Cars Race,355,22
84,RODOLFO,6,2025,Cars Race,317,44
85,AMONASRO,6,2025,Cars Race,297,64
86,MOSER,6,2025,Cars Race,230,104
87,RAFFAELE,6,2025,Cars Race,251,94
88,IMELDA,6,2025,Cars Race,286,72
89,BRIANO,6,2025,Cars Race,224,106
90,RENATO,6,2025,Cars Race,271,84
91,ISMAELE,6,2025,Cars Race,280,76
92,DON ALVARO,6,2025,Cars Race,240,102
93,LEONORA,6,2025,Cars Race,297,63
94,ELVIRA,6,2025,Cars Race,279,77
95,ALICE,6,2025,Cars Race,332,32
96,FORESTO,6,2025,Cars Race,302,52
97,GERMONT,6,2025,Cars Race,312,46
98,RODRIGO,6,2025,Cars Race,291,68
99,STIFFELIO,6,2025,Cars Race,307,49
100,ABDALLO,6,2025,Cars Race,281,75
101,CALATRAVA,6,2025,Cars Race,259,92
102,NINETTA,6,2025,Cars Race,213,107
103,RIGOLETTO,6,2025,Cars Race,271,85
104,GODVINO,6,2025,Cars Race,275,82
105,AMELIA,6,2025,Cars Race,318,42
106,MANRICO,6,2025,Cars Race,256,93
107,RAMFIS,6,2025,Cars Race,403,7
108,DUNCANO,6,2025,Cars Race,343,28
1,ELENA,30,2025,Disc Golf,382,15
2,ALFREDO,25,2025,Disc Golf,470,2
3,CONTE DI LUNA,21,2025,Disc Golf,357,21
4,EZIO,18,2025,Disc Golf,394,9
5,ABIGAILLE,17,2025,Disc Golf,385,13
6,AMNERIS,17,2025,Disc Golf,300,58
7,GISELDA,17,2025,Disc Golf,358,19
8,ZACCARIA,17,2025,Disc Golf,384,14
9,SELIMO,17,2025,Disc Golf,323,38
10,OTELLO,16,2025,Disc Golf,470,3
11,NABUCODONOSOR,16,2025,Disc Golf,328,34
12,PIRRO,16,2025,Disc Golf,233,103
13,IAGO,16,2025,Disc Golf,479,1
14,CONTE DI WALTER,16,2025,Disc Golf,396,8
15,ULRICA,16,2025,Disc Golf,326,37
16,ARVINO,15,2025,Disc Golf,438,5
17,GUY DE MONTFORT,15,2025,Disc Golf,350,24
18,DON CARLOS,15,2025,Disc Golf,337,31
19,ABDALLO,15,2025,Disc Golf,281,75
20,RAMFIS,15,2025,Disc Golf,403,7
21,AIDA,15,2025,Disc Golf,308,48
22,BARDOLFO,14,2025,Disc Golf,248,97
23,ATTILA,14,2025,Disc Golf,268,86
24,CASSIO,14,2025,Disc Golf,392,11
25,ZAMORO,14,2025,Disc Golf,387,12
26,OVANDO,14,2025,Disc Golf,312,47
27,ELVIRA,14,2025,Disc Golf,279,77
28,ALICE,14,2025,Disc Golf,332,32
29,SEID,14,2025,Disc Golf,244,100
30,CONTE DI VAUDEMONT,13,2025,Disc Golf,416,6
31,DOROTEA,13,2025,Disc Golf,301,54
32,GULNARA,13,2025,Disc Golf,338,29
33,ROLLA,13,2025,Disc Golf,265,90
34,PAGANO,13,2025,Disc Golf,392,10
35,LINA,13,2025,Disc Golf,301,56
36,AZUCENA,13,2025,Disc Golf,337,30
37,FORD,13,2025,Disc Golf,317,43
38,LUISA MILLER,13,2025,Disc Golf,277,79
39,MACDUFF,12,2025,Disc Golf,355,23
40,MARCOVALDO,12,2025,Disc Golf,451,4
41,FLORA,12,2025,Disc Golf,299,61
42,SPARAFUCILE,12,2025,Disc Golf,362,16
43,FILIPPO II,12,2025,Disc Golf,326,36
44,GASTONE,12,2025,Disc Golf,355,22
45,FORESTO,12,2025,Disc Golf,302,52
46,STIFFELIO,12,2025,Disc Golf,307,49
47,NINETTA,12,2025,Disc Golf,213,107
48,DUNCANO,12,2025,Disc Golf,343,28
49,FENTON,11,2025,Disc Golf,266,89
50,MALCOLM,11,2025,Disc Golf,360,18
51,RODOLFO,11,2025,Disc Golf,317,44
52,ARMINIO,11,2025,Disc Golf,225,105
53,DON ALVARO,11,2025,Disc Golf,240,102
54,EMILIA,11,2025,Disc Golf,277,80
55,BORSA,11,2025,Disc Golf,302,53
56,RIGOLETTO,11,2025,Disc Golf,271,85
57,ODABELLA,11,2025,Disc Golf,273,83
58,GILDA,11,2025,Disc Golf,315,45
59,STANKAR,10,2025,Disc Golf,282,74
60,BARBAROSSA,10,2025,Disc Golf,301,55
61,EGBERTO,10,2025,Disc Golf,293,67
62,IMELDA,10,2025,Disc Golf,286,72
63,DESDEMONA,10,2025,Disc Golf,343,27
64,CORRADO,10,2025,Disc Golf,358,20
65,FALSTAFF,10,2025,Disc Golf,320,40
66,RODRIGO,10,2025,Disc Golf,291,68
67,VIOLETTA,10,2025,Disc Golf,345,26
68,RADAMÈS,10,2025,Disc Golf,291,69
69,FERRANDO,9,2025,Disc Golf,267,87
70,ATALIBA,9,2025,Disc Golf,327,35
71,GUSMANO,9,2025,Disc Golf,266,88
72,RAFFAELE,9,2025,Disc Golf,251,94
73,OSCAR,9,2025,Disc Golf,275,81
74,ISMAELE,9,2025,Disc Golf,280,76
75,ARRIGO,9,2025,Disc Golf,293,66
76,ULDINO,9,2025,Disc Golf,248,96
77,CALATRAVA,9,2025,Disc Golf,259,92
78,AMELIA,9,2025,Disc Golf,318,42
79,BANCO,8,2025,Disc Golf,304,51
80,MASSIMILIANO,8,2025,Disc Golf,247,98
81,TEBALDO,8,2025,Disc Golf,320,39
82,RENATO,8,2025,Disc Golf,271,84
83,GERMONT,8,2025,Disc Golf,312,46
84,ERNANI,8,2025,Disc Golf,283,73
85,ROLANDO,8,2025,Disc Golf,300,60
86,GODVINO,8,2025,Disc Golf,275,82
87,VICLINDA,8,2025,Disc Golf,251,95
88,CONTE RICCARDO,8,2025,Disc Golf,329,33
89,MEDORA,7,2025,Disc Golf,288,70
90,PREZIOSILLA,7,2025,Disc Golf,241,101
91,RUY GOMEZ,7,2025,Disc Golf,261,91
92,ALZIRA,7,2025,Disc Golf,300,57
93,FEDERICA,7,2025,Disc Golf,296,65
94,BRIANO,7,2025,Disc Golf,224,106
95,LEONORA,7,2025,Disc Golf,297,63
96,MINA,7,2025,Disc Golf,349,25
97,DON RICCARDO,7,2025,Disc Golf,300,59
98,MANRICO,7,2025,Disc Golf,256,93
99,FRA MELITONE,6,2025,Disc Golf,144,108
100,MACBETH,6,2025,Disc Golf,361,17
101,DUCA DI MANTOVA,6,2025,Disc Golf,307,50
102,RE CARLO,6,2025,Disc Golf,244,99
103,AROLDO,6,2025,Disc Golf,320,41
104,AMONASRO,6,2025,Disc Golf,297,64
105,MOSER,6,2025,Disc Golf,230,104
106,ELISABETTA DI VALOIS,6,2025,Disc Golf,287,71
107,LIDA,6,2025,Disc Golf,277,78
108,WURM,6,2025,Disc Golf,298,62
1,DOROTEA,30,2025,Dodgeball,301,54
2,AZUCENA,25,2025,Dodgeball,337,30
3,CASSIO,21,2025,Dodgeball,392,11
4,NABUCODONOSOR,18,2025,Dodgeball,328,34
5,OTELLO,16,2025,Dodgeball,470,3
6,CONTE DI LUNA,16,2025,Dodgeball,357,21
7,GUSMANO,16,2025,Dodgeball,266,88
8,ABDALLO,16,2025,Dodgeball,281,75
9,MARCOVALDO,14,2025,Dodgeball,451,4
10,CONTE DI VAUDEMONT,14,2025,Dodgeball,416,6
11,AROLDO,14,2025,Dodgeball,320,41
12,OVANDO,14,2025,Dodgeball,312,47
13,PAGANO,14,2025,Dodgeball,392,10
14,ZACCARIA,14,2025,Dodgeball,384,14
15,ULRICA,14,2025,Dodgeball,326,37
16,CONTE RICCARDO,14,2025,Dodgeball,329,33
17,MACBETH,12,2025,Dodgeball,361,17
18,BANCO,12,2025,Dodgeball,304,51
19,EZIO,12,2025,Dodgeball,394,9
20,ARVINO,12,2025,Dodgeball,438,5
21,IAGO,12,2025,Dodgeball,479,1
22,ROLLA,12,2025,Dodgeball,265,90
23,FILIPPO II,12,2025,Dodgeball,326,36
24,FEDERICA,12,2025,Dodgeball,296,65
25,ALICE,12,2025,Dodgeball,332,32
26,ELENA,12,2025,Dodgeball,382,15
27,MINA,12,2025,Dodgeball,349,25
28,ARRIGO,12,2025,Dodgeball,293,66
29,ULDINO,12,2025,Dodgeball,248,96
30,GILDA,12,2025,Dodgeball,315,45
31,DUNCANO,12,2025,Dodgeball,343,28
32,SELIMO,12,2025,Dodgeball,323,38
33,ALFREDO,10,2025,Dodgeball,470,2
34,ATALIBA,10,2025,Dodgeball,327,35
35,MALCOLM,10,2025,Dodgeball,360,18
36,EGBERTO,10,2025,Dodgeball,293,67
37,GUY DE MONTFORT,10,2025,Dodgeball,350,24
38,SPARAFUCILE,10,2025,Dodgeball,362,16
39,AMNERIS,10,2025,Dodgeball,300,58
40,RUY GOMEZ,10,2025,Dodgeball,261,91
41,GASTONE,10,2025,Dodgeball,355,22
42,ALZIRA,10,2025,Dodgeball,300,57
43,RODOLFO,10,2025,Dodgeball,317,44
44,AMONASRO,10,2025,Dodgeball,297,64
45,ZAMORO,10,2025,Dodgeball,387,12
46,MOSER,10,2025,Dodgeball,230,104
47,RENATO,10,2025,Dodgeball,271,84
48,LEONORA,10,2025,Dodgeball,297,63
49,CORRADO,10,2025,Dodgeball,358,20
50,EMILIA,10,2025,Dodgeball,277,80
51,FORD,10,2025,Dodgeball,317,43
52,DON RICCARDO,10,2025,Dodgeball,300,59
53,ERNANI,10,2025,Dodgeball,283,73
54,ODABELLA,10,2025,Dodgeball,273,83
55,MEDORA,8,2025,Dodgeball,288,70
56,ATTILA,8,2025,Dodgeball,268,86
57,PIRRO,8,2025,Dodgeball,233,103
58,STANKAR,8,2025,Dodgeball,282,74
59,BARBAROSSA,8,2025,Dodgeball,301,55
60,GULNARA,8,2025,Dodgeball,338,29
61,FLORA,8,2025,Dodgeball,299,61
62,PREZIOSILLA,8,2025,Dodgeball,241,101
63,TEBALDO,8,2025,Dodgeball,320,39
64,IMELDA,8,2025,Dodgeball,286,72
65,DESDEMONA,8,2025,Dodgeball,343,27
66,ARMINIO,8,2025,Dodgeball,225,105
67,OSCAR,8,2025,Dodgeball,275,81
68,ISMAELE,8,2025,Dodgeball,280,76
69,ELVIRA,8,2025,Dodgeball,279,77
70,FORESTO,8,2025,Dodgeball,302,52
71,GERMONT,8,2025,Dodgeball,312,46
72,BORSA,8,2025,Dodgeball,302,53
73,STIFFELIO,8,2025,Dodgeball,307,49
74,VIOLETTA,8,2025,Dodgeball,345,26
75,LIDA,8,2025,Dodgeball,277,78
76,WURM,8,2025,Dodgeball,298,62
77,CALATRAVA,8,2025,Dodgeball,259,92
78,RIGOLETTO,8,2025,Dodgeball,271,85
79,LUISA MILLER,8,2025,Dodgeball,277,79
80,SEID,8,2025,Dodgeball,244,100
81,RAMFIS,8,2025,Dodgeball,403,7
82,FRA MELITONE,6,2025,Dodgeball,144,108
83,MACDUFF,6,2025,Dodgeball,355,23
84,ABIGAILLE,6,2025,Dodgeball,385,13
85,BARDOLFO,6,2025,Dodgeball,248,97
86,FERRANDO,6,2025,Dodgeball,267,87
87,DUCA DI MANTOVA,6,2025,Dodgeball,307,50
88,FENTON,6,2025,Dodgeball,266,89
89,MASSIMILIANO,6,2025,Dodgeball,247,98
90,RE CARLO,6,2025,Dodgeball,244,99
91,CONTE DI WALTER,6,2025,Dodgeball,396,8
92,RAFFAELE,6,2025,Dodgeball,251,94
93,ELISABETTA DI VALOIS,6,2025,Dodgeball,287,71
94,BRIANO,6,2025,Dodgeball,224,106
95,LINA,6,2025,Dodgeball,301,56
96,DON ALVARO,6,2025,Dodgeball,240,102
97,FALSTAFF,6,2025,Dodgeball,320,40
98,RODRIGO,6,2025,Dodgeball,291,68
99,GISELDA,6,2025,Dodgeball,358,19
100,DON CARLOS,6,2025,Dodgeball,337,31
101,ROLANDO,6,2025,Dodgeball,300,60
102,NINETTA,6,2025,Dodgeball,213,107
103,GODVINO,6,2025,Dodgeball,275,82
104,AMELIA,6,2025,Dodgeball,318,42
105,MANRICO,6,2025,Dodgeball,256,93
106,VICLINDA,6,2025,Dodgeball,251,95
107,RADAMÈS,6,2025,Dodgeball,291,69
108,AIDA,6,2025,Dodgeball,308,48
1,CONTE DI VAUDEMONT,30,2025,Freccette,416,6
2,MARCOVALDO,25,2025,Freccette,451,4
3,STANKAR,21,2025,Freccette,282,74
4,IMELDA,18,2025,Freccette,286,72
5,MASSIMILIANO,16,2025,Freccette,247,98
6,ALFREDO,16,2025,Freccette,470,2
7,RAMFIS,16,2025,Freccette,403,7
8,SELIMO,16,2025,Freccette,323,38
9,OTELLO,14,2025,Freccette,470,3
10,DUCA DI MANTOVA,14,2025,Freccette,307,50
11,CASSIO,14,2025,Freccette,392,11
12,GASTONE,14,2025,Freccette,355,22
13,FORESTO,14,2025,Freccette,302,52
14,EMILIA,14,2025,Freccette,277,80
15,ERNANI,14,2025,Freccette,283,73
16,VIOLETTA,14,2025,Freccette,345,26
17,EZIO,12,2025,Freccette,394,9
18,ARVINO,12,2025,Freccette,438,5
19,ATALIBA,12,2025,Freccette,327,35
20,IAGO,12,2025,Freccette,479,1
21,EGBERTO,12,2025,Freccette,293,67
22,CONTE DI WALTER,12,2025,Freccette,396,8
23,OVANDO,12,2025,Freccette,312,47
24,PAGANO,12,2025,Freccette,392,10
25,LEONORA,12,2025,Freccette,297,63
26,ALICE,12,2025,Freccette,332,32
27,FALSTAFF,12,2025,Freccette,320,40
28,DON CARLOS,12,2025,Freccette,337,31
29,ROLANDO,12,2025,Freccette,300,60
30,RIGOLETTO,12,2025,Freccette,271,85
31,RADAMÈS,12,2025,Freccette,291,69
32,CONTE RICCARDO,12,2025,Freccette,329,33
33,MACBETH,10,2025,Freccette,361,17
34,MACDUFF,10,2025,Freccette,355,23
35,ABIGAILLE,10,2025,Freccette,385,13
36,BANCO,10,2025,Freccette,304,51
37,FERRANDO,10,2025,Freccette,267,87
38,FLORA,10,2025,Freccette,299,61
39,MALCOLM,10,2025,Freccette,360,18
40,ROLLA,10,2025,Freccette,265,90
41,AMNERIS,10,2025,Freccette,300,58
42,FILIPPO II,10,2025,Freccette,326,36
43,AROLDO,10,2025,Freccette,320,41
44,RODOLFO,10,2025,Freccette,317,44
45,ZAMORO,10,2025,Freccette,387,12
46,MOSER,10,2025,Freccette,230,104
47,FORD,10,2025,Freccette,317,43
48,GISELDA,10,2025,Freccette,358,19
49,BORSA,10,2025,Freccette,302,53
50,LIDA,10,2025,Freccette,277,78
51,ABDALLO,10,2025,Freccette,281,75
52,CALATRAVA,10,2025,Freccette,259,92
53,ODABELLA,10,2025,Freccette,273,83
54,DUNCANO,10,2025,Freccette,343,28
55,BARDOLFO,8,2025,Freccette,248,97
56,ATTILA,8,2025,Freccette,268,86
57,RE CARLO,8,2025,Freccette,244,99
58,GUY DE MONTFORT,8,2025,Freccette,350,24
59,GUSMANO,8,2025,Freccette,266,88
60,PREZIOSILLA,8,2025,Freccette,241,101
61,RUY GOMEZ,8,2025,Freccette,261,91
62,AMONASRO,8,2025,Freccette,297,64
63,FEDERICA,8,2025,Freccette,296,65
64,RAFFAELE,8,2025,Freccette,251,94
65,ELISABETTA DI VALOIS,8,2025,Freccette,287,71
66,BRIANO,8,2025,Freccette,224,106
67,DESDEMONA,8,2025,Freccette,343,27
68,OSCAR,8,2025,Freccette,275,81
69,LINA,8,2025,Freccette,301,56
70,DON ALVARO,8,2025,Freccette,240,102
71,ELVIRA,8,2025,Freccette,279,77
72,CORRADO,8,2025,Freccette,358,20
73,AZUCENA,8,2025,Freccette,337,30
74,GERMONT,8,2025,Freccette,312,46
75,RODRIGO,8,2025,Freccette,291,68
76,MINA,8,2025,Freccette,349,25
77,ZACCARIA,8,2025,Freccette,384,14
78,WURM,8,2025,Freccette,298,62
79,NINETTA,8,2025,Freccette,213,107
80,LUISA MILLER,8,2025,Freccette,277,79
81,SEID,8,2025,Freccette,244,100
82,FRA MELITONE,6,2025,Freccette,144,108
83,MEDORA,6,2025,Freccette,288,70
84,NABUCODONOSOR,6,2025,Freccette,328,34
85,PIRRO,6,2025,Freccette,233,103
86,CONTE DI LUNA,6,2025,Freccette,357,21
87,BARBAROSSA,6,2025,Freccette,301,55
88,FENTON,6,2025,Freccette,266,89
89,DOROTEA,6,2025,Freccette,301,54
90,GULNARA,6,2025,Freccette,338,29
91,SPARAFUCILE,6,2025,Freccette,362,16
92,ALZIRA,6,2025,Freccette,300,57
93,TEBALDO,6,2025,Freccette,320,39
94,RENATO,6,2025,Freccette,271,84
95,ARMINIO,6,2025,Freccette,225,105
96,ISMAELE,6,2025,Freccette,280,76
97,ELENA,6,2025,Freccette,382,15
98,DON RICCARDO,6,2025,Freccette,300,59
99,STIFFELIO,6,2025,Freccette,307,49
100,ARRIGO,6,2025,Freccette,293,66
101,ULDINO,6,2025,Freccette,248,96
102,GODVINO,6,2025,Freccette,275,82
103,AMELIA,6,2025,Freccette,318,42
104,MANRICO,6,2025,Freccette,256,93
105,ULRICA,6,2025,Freccette,326,37
106,VICLINDA,6,2025,Freccette,251,95
107,AIDA,6,2025,Freccette,308,48
108,GILDA,6,2025,Freccette,315,45
1,IAGO,30,2025,Free Climbing,479,1
2,OTELLO,25,2025,Free Climbing,470,3
3,CASSIO,21,2025,Free Climbing,392,11
4,STIFFELIO,18,2025,Free Climbing,307,49
5,GULNARA,16,2025,Free Climbing,338,29
6,MALCOLM,16,2025,Free Climbing,360,18
7,ABDALLO,16,2025,Free Climbing,281,75
8,DUNCANO,16,2025,Free Climbing,343,28
9,EZIO,14,2025,Free Climbing,394,9
10,FENTON,14,2025,Free Climbing,266,89
11,GASTONE,14,2025,Free Climbing,355,22
12,TEBALDO,14,2025,Free Climbing,320,39
13,BRIANO,14,2025,Free Climbing,224,106
14,ARMINIO,14,2025,Free Climbing,225,105
15,LEONORA,14,2025,Free Climbing,297,63
16,AMELIA,14,2025,Free Climbing,318,42
17,ABIGAILLE,12,2025,Free Climbing,385,13
18,ARVINO,12,2025,Free Climbing,438,5
19,MARCOVALDO,12,2025,Free Climbing,451,4
20,ALFREDO,12,2025,Free Climbing,470,2
21,ATALIBA,12,2025,Free Climbing,327,35
22,EGBERTO,12,2025,Free Climbing,293,67
23,AMNERIS,12,2025,Free Climbing,300,58
24,FEDERICA,12,2025,Free Climbing,296,65
25,RAFFAELE,12,2025,Free Climbing,251,94
26,ELISABETTA DI VALOIS,12,2025,Free Climbing,287,71
27,LINA,12,2025,Free Climbing,301,56
28,ZACCARIA,12,2025,Free Climbing,384,14
29,VIOLETTA,12,2025,Free Climbing,345,26
30,RAMFIS,12,2025,Free Climbing,403,7
31,RADAMÈS,12,2025,Free Climbing,291,69
32,GILDA,12,2025,Free Climbing,315,45
33,MACDUFF,10,2025,Free Climbing,355,23
34,BANCO,10,2025,Free Climbing,304,51
35,MEDORA,10,2025,Free Climbing,288,70
36,ATTILA,10,2025,Free Climbing,268,86
37,DUCA DI MANTOVA,10,2025,Free Climbing,307,50
38,CONTE DI LUNA,10,2025,Free Climbing,357,21
39,DOROTEA,10,2025,Free Climbing,301,54
40,FLORA,10,2025,Free Climbing,299,61
41,FILIPPO II,10,2025,Free Climbing,326,36
42,AROLDO,10,2025,Free Climbing,320,41
43,CONTE DI WALTER,10,2025,Free Climbing,396,8
44,IMELDA,10,2025,Free Climbing,286,72
45,PAGANO,10,2025,Free Climbing,392,10
46,ISMAELE,10,2025,Free Climbing,280,76
47,AZUCENA,10,2025,Free Climbing,337,30
48,GERMONT,10,2025,Free Climbing,312,46
49,RODRIGO,10,2025,Free Climbing,291,68
50,LIDA,10,2025,Free Climbing,277,78
51,RIGOLETTO,10,2025,Free Climbing,271,85
52,ULRICA,10,2025,Free Climbing,326,37
53,CONTE RICCARDO,10,2025,Free Climbing,329,33
54,SELIMO,10,2025,Free Climbing,323,38
55,PIRRO,8,2025,Free Climbing,233,103
56,STANKAR,8,2025,Free Climbing,282,74
57,BARBAROSSA,8,2025,Free Climbing,301,55
58,MASSIMILIANO,8,2025,Free Climbing,247,98
59,CONTE DI VAUDEMONT,8,2025,Free Climbing,416,6
60,GUY DE MONTFORT,8,2025,Free Climbing,350,24
61,PREZIOSILLA,8,2025,Free Climbing,241,101
62,ALZIRA,8,2025,Free Climbing,300,57
63,RODOLFO,8,2025,Free Climbing,317,44
64,AMONASRO,8,2025,Free Climbing,297,64
65,ZAMORO,8,2025,Free Climbing,387,12
66,MOSER,8,2025,Free Climbing,230,104
67,RENATO,8,2025,Free Climbing,271,84
68,OSCAR,8,2025,Free Climbing,275,81
69,CORRADO,8,2025,Free Climbing,358,20
70,FORESTO,8,2025,Free Climbing,302,52
71,EMILIA,8,2025,Free Climbing,277,80
72,FORD,8,2025,Free Climbing,317,43
73,FALSTAFF,8,2025,Free Climbing,320,40
74,MINA,8,2025,Free Climbing,349,25
75,GISELDA,8,2025,Free Climbing,358,19
76,BORSA,8,2025,Free Climbing,302,53
77,DON CARLOS,8,2025,Free Climbing,337,31
78,ARRIGO,8,2025,Free Climbing,293,66
79,SEID,8,2025,Free Climbing,244,100
80,GODVINO,8,2025,Free Climbing,275,82
81,AIDA,8,2025,Free Climbing,308,48
82,FRA MELITONE,6,2025,Free Climbing,144,108
83,MACBETH,6,2025,Free Climbing,361,17
84,BARDOLFO,6,2025,Free Climbing,248,97
85,NABUCODONOSOR,6,2025,Free Climbing,328,34
86,FERRANDO,6,2025,Free Climbing,267,87
87,RE CARLO,6,2025,Free Climbing,244,99
88,ROLLA,6,2025,Free Climbing,265,90
89,GUSMANO,6,2025,Free Climbing,266,88
90,SPARAFUCILE,6,2025,Free Climbing,362,16
91,RUY GOMEZ,6,2025,Free Climbing,261,91
92,OVANDO,6,2025,Free Climbing,312,47
93,DESDEMONA,6,2025,Free Climbing,343,27
94,DON ALVARO,6,2025,Free Climbing,240,102
95,ELVIRA,6,2025,Free Climbing,279,77
96,ALICE,6,2025,Free Climbing,332,32
97,ELENA,6,2025,Free Climbing,382,15
98,DON RICCARDO,6,2025,Free Climbing,300,59
99,ERNANI,6,2025,Free Climbing,283,73
100,ULDINO,6,2025,Free Climbing,248,96
101,WURM,6,2025,Free Climbing,298,62
102,CALATRAVA,6,2025,Free Climbing,259,92
103,ROLANDO,6,2025,Free Climbing,300,60
104,NINETTA,6,2025,Free Climbing,213,107
105,LUISA MILLER,6,2025,Free Climbing,277,79
106,ODABELLA,6,2025,Free Climbing,273,83
107,MANRICO,6,2025,Free Climbing,256,93
108,VICLINDA,6,2025,Free Climbing,251,95
1,ARVINO,30,2025,Grazielle,438,5
2,SPARAFUCILE,25,2025,Grazielle,362,16
3,OTELLO,21,2025,Grazielle,470,3
4,OSCAR,18,2025,Grazielle,275,81
5,MACBETH,17,2025,Grazielle,361,17
6,FILIPPO II,17,2025,Grazielle,326,36
7,ZAMORO,17,2025,Grazielle,387,12
8,CORRADO,17,2025,Grazielle,358,20
9,DON CARLOS,17,2025,Grazielle,337,31
10,DUCA DI MANTOVA,16,2025,Grazielle,307,50
11,ALFREDO,16,2025,Grazielle,470,2
12,CONTE DI WALTER,16,2025,Grazielle,396,8
13,ISMAELE,16,2025,Grazielle,280,76
14,DON RICCARDO,16,2025,Grazielle,300,59
15,SELIMO,16,2025,Grazielle,323,38
16,ABIGAILLE,15,2025,Grazielle,385,13
17,BARDOLFO,15,2025,Grazielle,248,97
18,CONTE DI LUNA,15,2025,Grazielle,357,21
19,IAGO,15,2025,Grazielle,479,1
20,GUY DE MONTFORT,15,2025,Grazielle,350,24
21,LEONORA,15,2025,Grazielle,297,63
22,ATTILA,14,2025,Grazielle,268,86
23,MARCOVALDO,14,2025,Grazielle,451,4
24,ATALIBA,14,2025,Grazielle,327,35
25,PAGANO,14,2025,Grazielle,392,10
26,LINA,14,2025,Grazielle,301,56
27,ALICE,14,2025,Grazielle,332,32
28,VICLINDA,14,2025,Grazielle,251,95
29,AIDA,14,2025,Grazielle,308,48
30,RODOLFO,13,2025,Grazielle,317,44
31,OVANDO,13,2025,Grazielle,312,47
32,FEDERICA,13,2025,Grazielle,296,65
33,ARMINIO,13,2025,Grazielle,225,105
34,GERMONT,13,2025,Grazielle,312,46
35,ZACCARIA,13,2025,Grazielle,384,14
36,VIOLETTA,13,2025,Grazielle,345,26
37,ROLANDO,13,2025,Grazielle,300,60
38,CONTE RICCARDO,13,2025,Grazielle,329,33
39,FENTON,12,2025,Grazielle,266,89
40,GULNARA,12,2025,Grazielle,338,29
41,MALCOLM,12,2025,Grazielle,360,18
42,ELISABETTA DI VALOIS,12,2025,Grazielle,287,71
43,ELENA,12,2025,Grazielle,382,15
44,MINA,12,2025,Grazielle,349,25
45,GISELDA,12,2025,Grazielle,358,19
46,RIGOLETTO,12,2025,Grazielle,271,85
47,RAMFIS,12,2025,Grazielle,403,7
48,RADAMÈS,12,2025,Grazielle,291,69
49,CONTE DI VAUDEMONT,11,2025,Grazielle,416,6
50,RE CARLO,11,2025,Grazielle,244,99
51,DOROTEA,11,2025,Grazielle,301,54
52,FLORA,11,2025,Grazielle,299,61
53,ROLLA,11,2025,Grazielle,265,90
54,GASTONE,11,2025,Grazielle,355,22
55,DESDEMONA,11,2025,Grazielle,343,27
56,AZUCENA,11,2025,Grazielle,337,30
57,ERNANI,11,2025,Grazielle,283,73
58,ARRIGO,11,2025,Grazielle,293,66
59,MEDORA,10,2025,Grazielle,288,70
60,NABUCODONOSOR,10,2025,Grazielle,328,34
61,CASSIO,10,2025,Grazielle,392,11
62,BARBAROSSA,10,2025,Grazielle,301,55
63,MASSIMILIANO,10,2025,Grazielle,247,98
64,ELVIRA,10,2025,Grazielle,279,77
65,FORESTO,10,2025,Grazielle,302,52
66,EMILIA,10,2025,Grazielle,277,80
67,WURM,10,2025,Grazielle,298,62
68,ULRICA,10,2025,Grazielle,326,37
69,MACDUFF,9,2025,Grazielle,355,23
70,STANKAR,9,2025,Grazielle,282,74
71,RUY GOMEZ,9,2025,Grazielle,261,91
72,ALZIRA,9,2025,Grazielle,300,57
73,TEBALDO,9,2025,Grazielle,320,39
74,MOSER,9,2025,Grazielle,230,104
75,RODRIGO,9,2025,Grazielle,291,68
76,LIDA,9,2025,Grazielle,277,78
77,AMELIA,9,2025,Grazielle,318,42
78,DUNCANO,9,2025,Grazielle,343,28
79,EZIO,8,2025,Grazielle,394,9
80,GUSMANO,8,2025,Grazielle,266,88
81,AROLDO,8,2025,Grazielle,320,41
82,IMELDA,8,2025,Grazielle,286,72
83,FALSTAFF,8,2025,Grazielle,320,40
84,ULDINO,8,2025,Grazielle,248,96
85,ABDALLO,8,2025,Grazielle,281,75
86,LUISA MILLER,8,2025,Grazielle,277,79
87,GODVINO,8,2025,Grazielle,275,82
88,GILDA,8,2025,Grazielle,315,45
89,PIRRO,7,2025,Grazielle,233,103
90,EGBERTO,7,2025,Grazielle,293,67
91,AMNERIS,7,2025,Grazielle,300,58
92,PREZIOSILLA,7,2025,Grazielle,241,101
93,RAFFAELE,7,2025,Grazielle,251,94
94,BRIANO,7,2025,Grazielle,224,106
95,RENATO,7,2025,Grazielle,271,84
96,CALATRAVA,7,2025,Grazielle,259,92
97,NINETTA,7,2025,Grazielle,213,107
98,MANRICO,7,2025,Grazielle,256,93
99,FRA MELITONE,6,2025,Grazielle,144,108
100,BANCO,6,2025,Grazielle,304,51
101,FERRANDO,6,2025,Grazielle,267,87
102,AMONASRO,6,2025,Grazielle,297,64
103,DON ALVARO,6,2025,Grazielle,240,102
104,FORD,6,2025,Grazielle,317,43
105,BORSA,6,2025,Grazielle,302,53
106,STIFFELIO,6,2025,Grazielle,307,49
107,ODABELLA,6,2025,Grazielle,273,83
108,SEID,6,2025,Grazielle,244,100
1,FILIPPO II,30,2025,Green Tennis,326,36
2,GASTONE,25,2025,Green Tennis,355,22
3,DESDEMONA,21,2025,Green Tennis,343,27
4,ULRICA,18,2025,Green Tennis,326,37
5,ALFREDO,16,2025,Green Tennis,470,2
6,LINA,16,2025,Green Tennis,301,56
7,AZUCENA,16,2025,Green Tennis,337,30
8,DUNCANO,16,2025,Green Tennis,343,28
9,BANCO,14,2025,Green Tennis,304,51
10,CASSIO,14,2025,Green Tennis,392,11
11,MARCOVALDO,14,2025,Green Tennis,451,4
12,CONTE DI VAUDEMONT,14,2025,Green Tennis,416,6
13,SPARAFUCILE,14,2025,Green Tennis,362,16
14,CONTE DI WALTER,14,2025,Green Tennis,396,8
15,MINA,14,2025,Green Tennis,349,25
16,GILDA,14,2025,Green Tennis,315,45
17,EZIO,12,2025,Green Tennis,394,9
18,NABUCODONOSOR,12,2025,Green Tennis,328,34
19,ARVINO,12,2025,Green Tennis,438,5
20,GULNARA,12,2025,Green Tennis,338,29
21,IAGO,12,2025,Green Tennis,479,1
22,MALCOLM,12,2025,Green Tennis,360,18
23,GUSMANO,12,2025,Green Tennis,266,88
24,ALZIRA,12,2025,Green Tennis,300,57
25,AMONASRO,12,2025,Green Tennis,297,64
26,PAGANO,12,2025,Green Tennis,392,10
27,ELENA,12,2025,Green Tennis,382,15
28,FORD,12,2025,Green Tennis,317,43
29,FALSTAFF,12,2025,Green Tennis,320,40
30,BORSA,12,2025,Green Tennis,302,53
31,ARRIGO,12,2025,Green Tennis,293,66
32,CONTE RICCARDO,12,2025,Green Tennis,329,33
33,MACDUFF,10,2025,Green Tennis,355,23
34,BARDOLFO,10,2025,Green Tennis,248,97
35,ATTILA,10,2025,Green Tennis,268,86
36,FENTON,10,2025,Green Tennis,266,89
37,ATALIBA,10,2025,Green Tennis,327,35
38,GUY DE MONTFORT,10,2025,Green Tennis,350,24
39,PREZIOSILLA,10,2025,Green Tennis,241,101
40,RODOLFO,10,2025,Green Tennis,317,44
41,OVANDO,10,2025,Green Tennis,312,47
42,MOSER,10,2025,Green Tennis,230,104
43,IMELDA,10,2025,Green Tennis,286,72
44,OSCAR,10,2025,Green Tennis,275,81
45,ALICE,10,2025,Green Tennis,332,32
46,FORESTO,10,2025,Green Tennis,302,52
47,EMILIA,10,2025,Green Tennis,277,80
48,RODRIGO,10,2025,Green Tennis,291,68
49,DON RICCARDO,10,2025,Green Tennis,300,59
50,GISELDA,10,2025,Green Tennis,358,19
51,RIGOLETTO,10,2025,Green Tennis,271,85
52,RADAMÈS,10,2025,Green Tennis,291,69
53,AIDA,10,2025,Green Tennis,308,48
54,SELIMO,10,2025,Green Tennis,323,38
55,MACBETH,8,2025,Green Tennis,361,17
56,MEDORA,8,2025,Green Tennis,288,70
57,OTELLO,8,2025,Green Tennis,470,3
58,FERRANDO,8,2025,Green Tennis,267,87
59,STANKAR,8,2025,Green Tennis,282,74
60,CONTE DI LUNA,8,2025,Green Tennis,357,21
61,EGBERTO,8,2025,Green Tennis,293,67
62,AMNERIS,8,2025,Green Tennis,300,58
63,RUY GOMEZ,8,2025,Green Tennis,261,91
64,AROLDO,8,2025,Green Tennis,320,41
65,ZAMORO,8,2025,Green Tennis,387,12
66,TEBALDO,8,2025,Green Tennis,320,39
67,FEDERICA,8,2025,Green Tennis,296,65
68,ELISABETTA DI VALOIS,8,2025,Green Tennis,287,71
69,ARMINIO,8,2025,Green Tennis,225,105
70,ISMAELE,8,2025,Green Tennis,280,76
71,LEONORA,8,2025,Green Tennis,297,63
72,ELVIRA,8,2025,Green Tennis,279,77
73,DON CARLOS,8,2025,Green Tennis,337,31
74,ERNANI,8,2025,Green Tennis,283,73
75,STIFFELIO,8,2025,Green Tennis,307,49
76,ULDINO,8,2025,Green Tennis,248,96
77,WURM,8,2025,Green Tennis,298,62
78,CALATRAVA,8,2025,Green Tennis,259,92
79,LUISA MILLER,8,2025,Green Tennis,277,79
80,SEID,8,2025,Green Tennis,244,100
81,RAMFIS,8,2025,Green Tennis,403,7
82,FRA MELITONE,6,2025,Green Tennis,144,108
83,ABIGAILLE,6,2025,Green Tennis,385,13
84,DUCA DI MANTOVA,6,2025,Green Tennis,307,50
85,PIRRO,6,2025,Green Tennis,233,103
86,BARBAROSSA,6,2025,Green Tennis,301,55
87,MASSIMILIANO,6,2025,Green Tennis,247,98
88,RE CARLO,6,2025,Green Tennis,244,99
89,DOROTEA,6,2025,Green Tennis,301,54
90,FLORA,6,2025,Green Tennis,299,61
91,ROLLA,6,2025,Green Tennis,265,90
92,RAFFAELE,6,2025,Green Tennis,251,94
93,BRIANO,6,2025,Green Tennis,224,106
94,RENATO,6,2025,Green Tennis,271,84
95,DON ALVARO,6,2025,Green Tennis,240,102
96,CORRADO,6,2025,Green Tennis,358,20
97,GERMONT,6,2025,Green Tennis,312,46
98,ZACCARIA,6,2025,Green Tennis,384,14
99,VIOLETTA,6,2025,Green Tennis,345,26
100,LIDA,6,2025,Green Tennis,277,78
101,ABDALLO,6,2025,Green Tennis,281,75
102,ROLANDO,6,2025,Green Tennis,300,60
103,NINETTA,6,2025,Green Tennis,213,107
104,ODABELLA,6,2025,Green Tennis,273,83
105,GODVINO,6,2025,Green Tennis,275,82
106,AMELIA,6,2025,Green Tennis,318,42
107,MANRICO,6,2025,Green Tennis,256,93
108,VICLINDA,6,2025,Green Tennis,251,95
1,CONTE DI WALTER,30,2025,Mini Golf,396,8
2,ALICE,25,2025,Mini Golf,332,32
3,CONTE RICCARDO,21,2025,Mini Golf,329,33
4,ABIGAILLE,18,2025,Mini Golf,385,13
5,ARVINO,18,2025,Mini Golf,438,5
6,CONTE DI VAUDEMONT,18,2025,Mini Golf,416,6
7,ARMINIO,16,2025,Mini Golf,225,105
8,LUISA MILLER,16,2025,Mini Golf,277,79
9,ULRICA,16,2025,Mini Golf,326,37
10,IAGO,15,2025,Mini Golf,479,1
11,MOSER,15,2025,Mini Golf,230,104
12,DON CARLOS,15,2025,Mini Golf,337,31
13,GUY DE MONTFORT,14,2025,Mini Golf,350,24
14,GASTONE,14,2025,Mini Golf,355,22
15,DON ALVARO,14,2025,Mini Golf,240,102
16,FORD,14,2025,Mini Golf,317,43
17,MINA,14,2025,Mini Golf,349,25
18,ARRIGO,14,2025,Mini Golf,293,66
19,EZIO,13,2025,Mini Golf,394,9
20,ATTILA,13,2025,Mini Golf,268,86
21,ALFREDO,13,2025,Mini Golf,470,2
22,ATALIBA,13,2025,Mini Golf,327,35
23,PAGANO,13,2025,Mini Golf,392,10
24,CORRADO,13,2025,Mini Golf,358,20
25,OTELLO,12,2025,Mini Golf,470,3
26,BARDOLFO,12,2025,Mini Golf,248,97
27,GULNARA,12,2025,Mini Golf,338,29
28,GUSMANO,12,2025,Mini Golf,266,88
29,ZACCARIA,12,2025,Mini Golf,384,14
30,ROLANDO,12,2025,Mini Golf,300,60
31,MACBETH,11,2025,Mini Golf,361,17
32,DOROTEA,11,2025,Mini Golf,301,54
33,PREZIOSILLA,11,2025,Mini Golf,241,101
34,ISMAELE,11,2025,Mini Golf,280,76
35,FALSTAFF,11,2025,Mini Golf,320,40
36,MANRICO,11,2025,Mini Golf,256,93
37,MACDUFF,10,2025,Mini Golf,355,23
38,NABUCODONOSOR,10,2025,Mini Golf,328,34
39,SPARAFUCILE,10,2025,Mini Golf,362,16
40,RUY GOMEZ,10,2025,Mini Golf,261,91
41,AROLDO,10,2025,Mini Golf,320,41
42,ALZIRA,10,2025,Mini Golf,300,57
43,AMONASRO,10,2025,Mini Golf,297,64
44,ZAMORO,10,2025,Mini Golf,387,12
45,TEBALDO,10,2025,Mini Golf,320,39
46,RAFFAELE,10,2025,Mini Golf,251,94
47,IMELDA,10,2025,Mini Golf,286,72
48,GERMONT,10,2025,Mini Golf,312,46
49,STIFFELIO,10,2025,Mini Golf,307,49
50,VIOLETTA,10,2025,Mini Golf,345,26
51,ULDINO,10,2025,Mini Golf,248,96
52,AIDA,10,2025,Mini Golf,308,48
53,DUNCANO,10,2025,Mini Golf,343,28
54,SELIMO,10,2025,Mini Golf,323,38
55,FERRANDO,8,2025,Mini Golf,267,87
56,DUCA DI MANTOVA,8,2025,Mini Golf,307,50
57,CASSIO,8,2025,Mini Golf,392,11
58,FENTON,8,2025,Mini Golf,266,89
59,MASSIMILIANO,8,2025,Mini Golf,247,98
60,FLORA,8,2025,Mini Golf,299,61
61,ROLLA,8,2025,Mini Golf,265,90
62,FEDERICA,8,2025,Mini Golf,296,65
63,ELISABETTA DI VALOIS,8,2025,Mini Golf,287,71
64,LEONORA,8,2025,Mini Golf,297,63
65,ELENA,8,2025,Mini Golf,382,15
66,EMILIA,8,2025,Mini Golf,277,80
67,RODRIGO,8,2025,Mini Golf,291,68
68,CALATRAVA,8,2025,Mini Golf,259,92
69,SEID,8,2025,Mini Golf,244,100
70,RAMFIS,8,2025,Mini Golf,403,7
71,VICLINDA,8,2025,Mini Golf,251,95
72,GILDA,8,2025,Mini Golf,315,45
73,FRA MELITONE,6,2025,Mini Golf,144,108
74,BANCO,6,2025,Mini Golf,304,51
75,MEDORA,6,2025,Mini Golf,288,70
76,PIRRO,6,2025,Mini Golf,233,103
77,STANKAR,6,2025,Mini Golf,282,74
78,CONTE DI LUNA,6,2025,Mini Golf,357,21
79,BARBAROSSA,6,2025,Mini Golf,301,55
80,MARCOVALDO,6,2025,Mini Golf,451,4
81,RE CARLO,6,2025,Mini Golf,244,99
82,MALCOLM,6,2025,Mini Golf,360,18
83,EGBERTO,6,2025,Mini Golf,293,67
84,AMNERIS,6,2025,Mini Golf,300,58
85,FILIPPO II,6,2025,Mini Golf,326,36
86,RODOLFO,6,2025,Mini Golf,317,44
87,OVANDO,6,2025,Mini Golf,312,47
88,BRIANO,6,2025,Mini Golf,224,106
89,RENATO,6,2025,Mini Golf,271,84
90,DESDEMONA,6,2025,Mini Golf,343,27
91,OSCAR,6,2025,Mini Golf,275,81
92,LINA,6,2025,Mini Golf,301,56
93,ELVIRA,6,2025,Mini Golf,279,77
94,AZUCENA,6,2025,Mini Golf,337,30
95,FORESTO,6,2025,Mini Golf,302,52
96,DON RICCARDO,6,2025,Mini Golf,300,59
97,GISELDA,6,2025,Mini Golf,358,19
98,BORSA,6,2025,Mini Golf,302,53
99,ERNANI,6,2025,Mini Golf,283,73
100,LIDA,6,2025,Mini Golf,277,78
101,WURM,6,2025,Mini Golf,298,62
102,ABDALLO,6,2025,Mini Golf,281,75
103,NINETTA,6,2025,Mini Golf,213,107
104,RIGOLETTO,6,2025,Mini Golf,271,85
105,ODABELLA,6,2025,Mini Golf,273,83
106,GODVINO,6,2025,Mini Golf,275,82
107,AMELIA,6,2025,Mini Golf,318,42
108,RADAMÈS,6,2025,Mini Golf,291,69
1,IAGO,30,2025,Pentathlon,479,1
2,ALFREDO,25,2025,Pentathlon,470,2
3,OTELLO,21,2025,Pentathlon,470,3
4,MARCOVALDO,18,2025,Pentathlon,451,4
5,EZIO,17,2025,Pentathlon,394,9
6,GULNARA,17,2025,Pentathlon,338,29
7,ZAMORO,17,2025,Pentathlon,387,12
8,ABDALLO,17,2025,Pentathlon,281,75
9,LUISA MILLER,17,2025,Pentathlon,277,79
10,MACBETH,16,2025,Pentathlon,361,17
11,AROLDO,16,2025,Pentathlon,320,41
12,GASTONE,16,2025,Pentathlon,355,22
13,MOSER,16,2025,Pentathlon,230,104
14,ELENA,16,2025,Pentathlon,382,15
15,GILDA,16,2025,Pentathlon,315,45
16,BANCO,15,2025,Pentathlon,304,51
17,MEDORA,15,2025,Pentathlon,288,70
18,ARVINO,15,2025,Pentathlon,438,5
19,IMELDA,15,2025,Pentathlon,286,72
20,LEONORA,15,2025,Pentathlon,297,63
21,RAMFIS,15,2025,Pentathlon,403,7
22,MACDUFF,14,2025,Pentathlon,355,23
23,CONTE DI LUNA,14,2025,Pentathlon,357,21
24,CASSIO,14,2025,Pentathlon,392,11
25,CONTE DI VAUDEMONT,14,2025,Pentathlon,416,6
26,DOROTEA,14,2025,Pentathlon,301,54
27,SPARAFUCILE,14,2025,Pentathlon,362,16
28,OVANDO,14,2025,Pentathlon,312,47
29,SELIMO,14,2025,Pentathlon,323,38
30,FLORA,13,2025,Pentathlon,299,61
31,FILIPPO II,13,2025,Pentathlon,326,36
32,RODOLFO,13,2025,Pentathlon,317,44
33,RENATO,13,2025,Pentathlon,271,84
34,LINA,13,2025,Pentathlon,301,56
35,ELVIRA,13,2025,Pentathlon,279,77
36,AZUCENA,13,2025,Pentathlon,337,30
37,FORESTO,13,2025,Pentathlon,302,52
38,BORSA,13,2025,Pentathlon,302,53
39,FENTON,12,2025,Pentathlon,266,89
40,RE CARLO,12,2025,Pentathlon,244,99
41,EGBERTO,12,2025,Pentathlon,293,67
42,ROLLA,12,2025,Pentathlon,265,90
43,TEBALDO,12,2025,Pentathlon,320,39
44,ARMINIO,12,2025,Pentathlon,225,105
45,FORD,12,2025,Pentathlon,317,43
46,RODRIGO,12,2025,Pentathlon,291,68
47,DON RICCARDO,12,2025,Pentathlon,300,59
48,LIDA,12,2025,Pentathlon,277,78
49,ABIGAILLE,11,2025,Pentathlon,385,13
50,NABUCODONOSOR,11,2025,Pentathlon,328,34
51,STANKAR,11,2025,Pentathlon,282,74
52,GUSMANO,11,2025,Pentathlon,266,88
53,RUY GOMEZ,11,2025,Pentathlon,261,91
54,AMONASRO,11,2025,Pentathlon,297,64
55,DON CARLOS,11,2025,Pentathlon,337,31
56,ZACCARIA,11,2025,Pentathlon,384,14
57,WURM,11,2025,Pentathlon,298,62
58,RADAMÈS,11,2025,Pentathlon,291,69
59,BARBAROSSA,10,2025,Pentathlon,301,55
60,ATALIBA,10,2025,Pentathlon,327,35
61,MALCOLM,10,2025,Pentathlon,360,18
62,ALZIRA,10,2025,Pentathlon,300,57
63,FEDERICA,10,2025,Pentathlon,296,65
64,ELISABETTA DI VALOIS,10,2025,Pentathlon,287,71
65,VIOLETTA,10,2025,Pentathlon,345,26
66,ARRIGO,10,2025,Pentathlon,293,66
67,ODABELLA,10,2025,Pentathlon,273,83
68,CONTE RICCARDO,10,2025,Pentathlon,329,33
69,ATTILA,9,2025,Pentathlon,268,86
70,GUY DE MONTFORT,9,2025,Pentathlon,350,24
71,CONTE DI WALTER,9,2025,Pentathlon,396,8
72,OSCAR,9,2025,Pentathlon,275,81
73,CORRADO,9,2025,Pentathlon,358,20
74,GERMONT,9,2025,Pentathlon,312,46
75,FALSTAFF,9,2025,Pentathlon,320,40
76,MINA,9,2025,Pentathlon,349,25
77,AIDA,9,2025,Pentathlon,308,48
78,DUNCANO,9,2025,Pentathlon,343,28
79,FERRANDO,8,2025,Pentathlon,267,87
80,PIRRO,8,2025,Pentathlon,233,103
81,DESDEMONA,8,2025,Pentathlon,343,27
82,PAGANO,8,2025,Pentathlon,392,10
83,ISMAELE,8,2025,Pentathlon,280,76
84,ALICE,8,2025,Pentathlon,332,32
85,EMILIA,8,2025,Pentathlon,277,80
86,ROLANDO,8,2025,Pentathlon,300,60
87,NINETTA,8,2025,Pentathlon,213,107
88,GODVINO,8,2025,Pentathlon,275,82
89,DUCA DI MANTOVA,7,2025,Pentathlon,307,50
90,MASSIMILIANO,7,2025,Pentathlon,247,98
91,PREZIOSILLA,7,2025,Pentathlon,241,101
92,RAFFAELE,7,2025,Pentathlon,251,94
93,ERNANI,7,2025,Pentathlon,283,73
94,STIFFELIO,7,2025,Pentathlon,307,49
95,CALATRAVA,7,2025,Pentathlon,259,92
96,RIGOLETTO,7,2025,Pentathlon,271,85
97,AMELIA,7,2025,Pentathlon,318,42
98,VICLINDA,7,2025,Pentathlon,251,95
99,FRA MELITONE,6,2025,Pentathlon,144,108
100,BARDOLFO,6,2025,Pentathlon,248,97
101,AMNERIS,6,2025,Pentathlon,300,58
102,BRIANO,6,2025,Pentathlon,224,106
103,DON ALVARO,6,2025,Pentathlon,240,102
104,GISELDA,6,2025,Pentathlon,358,19
105,ULDINO,6,2025,Pentathlon,248,96
106,SEID,6,2025,Pentathlon,244,100
107,MANRICO,6,2025,Pentathlon,256,93
108,ULRICA,6,2025,Pentathlon,326,37
1,EZIO,30,2025,Pielle,394,9
2,ALFREDO,25,2025,Pielle,470,2
3,MACDUFF,21,2025,Pielle,355,23
4,MACBETH,18,2025,Pielle,361,17
5,ATALIBA,16,2025,Pielle,327,35
6,WURM,16,2025,Pielle,298,62
7,ROLANDO,16,2025,Pielle,300,60
8,LUISA MILLER,16,2025,Pielle,277,79
9,OTELLO,14,2025,Pielle,470,3
10,CASSIO,14,2025,Pielle,392,11
11,BARBAROSSA,14,2025,Pielle,301,55
12,GUY DE MONTFORT,14,2025,Pielle,350,24
13,TEBALDO,14,2025,Pielle,320,39
14,FEDERICA,14,2025,Pielle,296,65
15,IMELDA,14,2025,Pielle,286,72
16,FALSTAFF,14,2025,Pielle,320,40
17,BANCO,12,2025,Pielle,304,51
18,BARDOLFO,12,2025,Pielle,248,97
19,FENTON,12,2025,Pielle,266,89
20,MARCOVALDO,12,2025,Pielle,451,4
21,IAGO,12,2025,Pielle,479,1
22,DESDEMONA,12,2025,Pielle,343,27
23,LEONORA,12,2025,Pielle,297,63
24,ELVIRA,12,2025,Pielle,279,77
25,EMILIA,12,2025,Pielle,277,80
26,BORSA,12,2025,Pielle,302,53
27,STIFFELIO,12,2025,Pielle,307,49
28,RIGOLETTO,12,2025,Pielle,271,85
29,ODABELLA,12,2025,Pielle,273,83
30,GODVINO,12,2025,Pielle,275,82
31,AMELIA,12,2025,Pielle,318,42
32,RAMFIS,12,2025,Pielle,403,7
33,NABUCODONOSOR,10,2025,Pielle,328,34
34,ATTILA,10,2025,Pielle,268,86
35,PIRRO,10,2025,Pielle,233,103
36,STANKAR,10,2025,Pielle,282,74
37,CONTE DI LUNA,10,2025,Pielle,357,21
38,ARVINO,10,2025,Pielle,438,5
39,FLORA,10,2025,Pielle,299,61
40,MALCOLM,10,2025,Pielle,360,18
41,EGBERTO,10,2025,Pielle,293,67
42,SPARAFUCILE,10,2025,Pielle,362,16
43,RODOLFO,10,2025,Pielle,317,44
44,RENATO,10,2025,Pielle,271,84
45,PAGANO,10,2025,Pielle,392,10
46,ISMAELE,10,2025,Pielle,280,76
47,FORESTO,10,2025,Pielle,302,52
48,GISELDA,10,2025,Pielle,358,19
49,DON CARLOS,10,2025,Pielle,337,31
50,ZACCARIA,10,2025,Pielle,384,14
51,ARRIGO,10,2025,Pielle,293,66
52,ULDINO,10,2025,Pielle,248,96
53,ULRICA,10,2025,Pielle,326,37
54,CONTE RICCARDO,10,2025,Pielle,329,33
55,FERRANDO,8,2025,Pielle,267,87
56,DUCA DI MANTOVA,8,2025,Pielle,307,50
57,MASSIMILIANO,8,2025,Pielle,247,98
58,RE CARLO,8,2025,Pielle,244,99
59,DOROTEA,8,2025,Pielle,301,54
60,GULNARA,8,2025,Pielle,338,29
61,ROLLA,8,2025,Pielle,265,90
62,GUSMANO,8,2025,Pielle,266,88
63,AMNERIS,8,2025,Pielle,300,58
64,FILIPPO II,8,2025,Pielle,326,36
65,AROLDO,8,2025,Pielle,320,41
66,ALZIRA,8,2025,Pielle,300,57
67,CONTE DI WALTER,8,2025,Pielle,396,8
68,RAFFAELE,8,2025,Pielle,251,94
69,ARMINIO,8,2025,Pielle,225,105
70,OSCAR,8,2025,Pielle,275,81
71,ALICE,8,2025,Pielle,332,32
72,GERMONT,8,2025,Pielle,312,46
73,ELENA,8,2025,Pielle,382,15
74,RODRIGO,8,2025,Pielle,291,68
75,VIOLETTA,8,2025,Pielle,345,26
76,ABDALLO,8,2025,Pielle,281,75
77,CALATRAVA,8,2025,Pielle,259,92
78,NINETTA,8,2025,Pielle,213,107
79,SEID,8,2025,Pielle,244,100
80,VICLINDA,8,2025,Pielle,251,95
81,AIDA,8,2025,Pielle,308,48
82,FRA MELITONE,6,2025,Pielle,144,108
83,ABIGAILLE,6,2025,Pielle,385,13
84,MEDORA,6,2025,Pielle,288,70
85,CONTE DI VAUDEMONT,6,2025,Pielle,416,6
86,PREZIOSILLA,6,2025,Pielle,241,101
87,RUY GOMEZ,6,2025,Pielle,261,91
88,GASTONE,6,2025,Pielle,355,22
89,AMONASRO,6,2025,Pielle,297,64
90,ZAMORO,6,2025,Pielle,387,12
91,OVANDO,6,2025,Pielle,312,47
92,MOSER,6,2025,Pielle,230,104
93,ELISABETTA DI VALOIS,6,2025,Pielle,287,71
94,BRIANO,6,2025,Pielle,224,106
95,LINA,6,2025,Pielle,301,56
96,DON ALVARO,6,2025,Pielle,240,102
97,CORRADO,6,2025,Pielle,358,20
98,AZUCENA,6,2025,Pielle,337,30
99,FORD,6,2025,Pielle,317,43
100,MINA,6,2025,Pielle,349,25
101,DON RICCARDO,6,2025,Pielle,300,59
102,ERNANI,6,2025,Pielle,283,73
103,LIDA,6,2025,Pielle,277,78
104,MANRICO,6,2025,Pielle,256,93
105,RADAMÈS,6,2025,Pielle,291,69
106,GILDA,6,2025,Pielle,315,45
107,DUNCANO,6,2025,Pielle,343,28
108,SELIMO,6,2025,Pielle,323,38
1,ALFREDO,30,2025,Ping Pong,470,2
2,IAGO,25,2025,Ping Pong,479,1
3,FERRANDO,21,2025,Ping Pong,267,87
4,ATTILA,18,2025,Ping Pong,268,86
5,MACDUFF,16,2025,Ping Pong,355,23
6,FLORA,16,2025,Ping Pong,299,61
7,GASTONE,16,2025,Ping Pong,355,22
8,ARRIGO,16,2025,Ping Pong,293,66
9,ARVINO,14,2025,Ping Pong,438,5
10,MARCOVALDO,14,2025,Ping Pong,451,4
11,ATALIBA,14,2025,Ping Pong,327,35
12,GULNARA,14,2025,Ping Pong,338,29
13,OVANDO,14,2025,Ping Pong,312,47
14,PAGANO,14,2025,Ping Pong,392,10
15,ELENA,14,2025,Ping Pong,382,15
16,ZACCARIA,14,2025,Ping Pong,384,14
17,BANCO,12,2025,Ping Pong,304,51
18,OTELLO,12,2025,Ping Pong,470,3
19,DOROTEA,12,2025,Ping Pong,301,54
20,FILIPPO II,12,2025,Ping Pong,326,36
21,ALZIRA,12,2025,Ping Pong,300,57
22,AMONASRO,12,2025,Ping Pong,297,64
23,ZAMORO,12,2025,Ping Pong,387,12
24,FEDERICA,12,2025,Ping Pong,296,65
25,RAFFAELE,12,2025,Ping Pong,251,94
26,DESDEMONA,12,2025,Ping Pong,343,27
27,LINA,12,2025,Ping Pong,301,56
28,CORRADO,12,2025,Ping Pong,358,20
29,RODRIGO,12,2025,Ping Pong,291,68
30,MINA,12,2025,Ping Pong,349,25
31,DUNCANO,12,2025,Ping Pong,343,28
32,SELIMO,12,2025,Ping Pong,323,38
33,MEDORA,10,2025,Ping Pong,288,70
34,BARDOLFO,10,2025,Ping Pong,248,97
35,NABUCODONOSOR,10,2025,Ping Pong,328,34
36,CONTE DI LUNA,10,2025,Ping Pong,357,21
37,CASSIO,10,2025,Ping Pong,392,11
38,AROLDO,10,2025,Ping Pong,320,41
39,CONTE DI WALTER,10,2025,Ping Pong,396,8
40,RODOLFO,10,2025,Ping Pong,317,44
41,MOSER,10,2025,Ping Pong,230,104
42,OSCAR,10,2025,Ping Pong,275,81
43,ISMAELE,10,2025,Ping Pong,280,76
44,AZUCENA,10,2025,Ping Pong,337,30
45,FORESTO,10,2025,Ping Pong,302,52
46,GERMONT,10,2025,Ping Pong,312,46
47,FALSTAFF,10,2025,Ping Pong,320,40
48,BORSA,10,2025,Ping Pong,302,53
49,ERNANI,10,2025,Ping Pong,283,73
50,STIFFELIO,10,2025,Ping Pong,307,49
51,LIDA,10,2025,Ping Pong,277,78
52,ABDALLO,10,2025,Ping Pong,281,75
53,RAMFIS,10,2025,Ping Pong,403,7
54,ULRICA,10,2025,Ping Pong,326,37
55,MACBETH,8,2025,Ping Pong,361,17
56,EZIO,8,2025,Ping Pong,394,9
57,STANKAR,8,2025,Ping Pong,282,74
58,BARBAROSSA,8,2025,Ping Pong,301,55
59,FENTON,8,2025,Ping Pong,266,89
60,EGBERTO,8,2025,Ping Pong,293,67
61,SPARAFUCILE,8,2025,Ping Pong,362,16
62,AMNERIS,8,2025,Ping Pong,300,58
63,PREZIOSILLA,8,2025,Ping Pong,241,101
64,TEBALDO,8,2025,Ping Pong,320,39
65,IMELDA,8,2025,Ping Pong,286,72
66,ELISABETTA DI VALOIS,8,2025,Ping Pong,287,71
67,ELVIRA,8,2025,Ping Pong,279,77
68,ALICE,8,2025,Ping Pong,332,32
69,FORD,8,2025,Ping Pong,317,43
70,DON RICCARDO,8,2025,Ping Pong,300,59
71,GISELDA,8,2025,Ping Pong,358,19
72,VIOLETTA,8,2025,Ping Pong,345,26
73,ULDINO,8,2025,Ping Pong,248,96
74,NINETTA,8,2025,Ping Pong,213,107
75,RIGOLETTO,8,2025,Ping Pong,271,85
76,GODVINO,8,2025,Ping Pong,275,82
77,AMELIA,8,2025,Ping Pong,318,42
78,MANRICO,8,2025,Ping Pong,256,93
79,RADAMÈS,8,2025,Ping Pong,291,69
80,AIDA,8,2025,Ping Pong,308,48
81,CONTE RICCARDO,8,2025,Ping Pong,329,33
82,FRA MELITONE,6,2025,Ping Pong,144,108
83,ABIGAILLE,6,2025,Ping Pong,385,13
84,DUCA DI MANTOVA,6,2025,Ping Pong,307,50
85,PIRRO,6,2025,Ping Pong,233,103
86,MASSIMILIANO,6,2025,Ping Pong,247,98
87,CONTE DI VAUDEMONT,6,2025,Ping Pong,416,6
88,RE CARLO,6,2025,Ping Pong,244,99
89,MALCOLM,6,2025,Ping Pong,360,18
90,ROLLA,6,2025,Ping Pong,265,90
91,GUY DE MONTFORT,6,2025,Ping Pong,350,24
92,GUSMANO,6,2025,Ping Pong,266,88
93,RUY GOMEZ,6,2025,Ping Pong,261,91
94,BRIANO,6,2025,Ping Pong,224,106
95,RENATO,6,2025,Ping Pong,271,84
96,ARMINIO,6,2025,Ping Pong,225,105
97,DON ALVARO,6,2025,Ping Pong,240,102
98,LEONORA,6,2025,Ping Pong,297,63
99,EMILIA,6,2025,Ping Pong,277,80
100,DON CARLOS,6,2025,Ping Pong,337,31
101,WURM,6,2025,Ping Pong,298,62
102,CALATRAVA,6,2025,Ping Pong,259,92
103,ROLANDO,6,2025,Ping Pong,300,60
104,LUISA MILLER,6,2025,Ping Pong,277,79
105,ODABELLA,6,2025,Ping Pong,273,83
106,SEID,6,2025,Ping Pong,244,100
107,VICLINDA,6,2025,Ping Pong,251,95
108,GILDA,6,2025,Ping Pong,315,45
1,GISELDA,30,2025,Retro Game,358,19
2,DESDEMONA,25,2025,Retro Game,343,27
3,GASTONE,21,2025,Retro Game,355,22
4,ELENA,18,2025,Retro Game,382,15
5,OTELLO,16,2025,Retro Game,470,3
6,ALFREDO,16,2025,Retro Game,470,2
7,LIDA,16,2025,Retro Game,277,78
8,CALATRAVA,16,2025,Retro Game,259,92
9,ABIGAILLE,14,2025,Retro Game,385,13
10,CASSIO,14,2025,Retro Game,392,11
11,BARBAROSSA,14,2025,Retro Game,301,55
12,IAGO,14,2025,Retro Game,479,1
13,FILIPPO II,14,2025,Retro Game,326,36
14,TEBALDO,14,2025,Retro Game,320,39
15,RAFFAELE,14,2025,Retro Game,251,94
16,ZACCARIA,14,2025,Retro Game,384,14
17,ATTILA,12,2025,Retro Game,268,86
18,CONTE DI VAUDEMONT,12,2025,Retro Game,416,6
19,MALCOLM,12,2025,Retro Game,360,18
20,EGBERTO,12,2025,Retro Game,293,67
21,RODOLFO,12,2025,Retro Game,317,44
22,ZAMORO,12,2025,Retro Game,387,12
23,MOSER,12,2025,Retro Game,230,104
24,ALICE,12,2025,Retro Game,332,32
25,EMILIA,12,2025,Retro Game,277,80
26,FALSTAFF,12,2025,Retro Game,320,40
27,NINETTA,12,2025,Retro Game,213,107
28,AIDA,12,2025,Retro Game,308,48
29,CONTE RICCARDO,12,2025,Retro Game,329,33
30,GILDA,12,2025,Retro Game,315,45
31,DUNCANO,12,2025,Retro Game,343,28
32,SELIMO,12,2025,Retro Game,323,38
33,MACDUFF,10,2025,Retro Game,355,23
34,DUCA DI MANTOVA,10,2025,Retro Game,307,50
35,PIRRO,10,2025,Retro Game,233,103
36,CONTE DI LUNA,10,2025,Retro Game,357,21
37,RE CARLO,10,2025,Retro Game,244,99
38,ATALIBA,10,2025,Retro Game,327,35
39,FLORA,10,2025,Retro Game,299,61
40,ROLLA,10,2025,Retro Game,265,90
41,GUY DE MONTFORT,10,2025,Retro Game,350,24
42,AROLDO,10,2025,Retro Game,320,41
43,OSCAR,10,2025,Retro Game,275,81
44,FORESTO,10,2025,Retro Game,302,52
45,MINA,10,2025,Retro Game,349,25
46,DON CARLOS,10,2025,Retro Game,337,31
47,ERNANI,10,2025,Retro Game,283,73
48,VIOLETTA,10,2025,Retro Game,345,26
49,ROLANDO,10,2025,Retro Game,300,60
50,RIGOLETTO,10,2025,Retro Game,271,85
51,ODABELLA,10,2025,Retro Game,273,83
52,ULRICA,10,2025,Retro Game,326,37
53,VICLINDA,10,2025,Retro Game,251,95
54,RADAMÈS,10,2025,Retro Game,291,69
55,MACBETH,8,2025,Retro Game,361,17
56,BANCO,8,2025,Retro Game,304,51
57,MEDORA,8,2025,Retro Game,288,70
58,EZIO,8,2025,Retro Game,394,9
59,BARDOLFO,8,2025,Retro Game,248,97
60,FERRANDO,8,2025,Retro Game,267,87
61,STANKAR,8,2025,Retro Game,282,74
62,ARVINO,8,2025,Retro Game,438,5
63,DOROTEA,8,2025,Retro Game,301,54
64,GULNARA,8,2025,Retro Game,338,29
65,GUSMANO,8,2025,Retro Game,266,88
66,SPARAFUCILE,8,2025,Retro Game,362,16
67,PREZIOSILLA,8,2025,Retro Game,241,101
68,ALZIRA,8,2025,Retro Game,300,57
69,OVANDO,8,2025,Retro Game,312,47
70,FEDERICA,8,2025,Retro Game,296,65
71,PAGANO,8,2025,Retro Game,392,10
72,ISMAELE,8,2025,Retro Game,280,76
73,ELVIRA,8,2025,Retro Game,279,77
74,AZUCENA,8,2025,Retro Game,337,30
75,RODRIGO,8,2025,Retro Game,291,68
76,DON RICCARDO,8,2025,Retro Game,300,59
77,STIFFELIO,8,2025,Retro Game,307,49
78,ARRIGO,8,2025,Retro Game,293,66
79,ULDINO,8,2025,Retro Game,248,96
80,LUISA MILLER,8,2025,Retro Game,277,79
81,GODVINO,8,2025,Retro Game,275,82
82,FRA MELITONE,6,2025,Retro Game,144,108
83,NABUCODONOSOR,6,2025,Retro Game,328,34
84,FENTON,6,2025,Retro Game,266,89
85,MARCOVALDO,6,2025,Retro Game,451,4
86,MASSIMILIANO,6,2025,Retro Game,247,98
87,AMNERIS,6,2025,Retro Game,300,58
88,RUY GOMEZ,6,2025,Retro Game,261,91
89,CONTE DI WALTER,6,2025,Retro Game,396,8
90,AMONASRO,6,2025,Retro Game,297,64
91,IMELDA,6,2025,Retro Game,286,72
92,ELISABETTA DI VALOIS,6,2025,Retro Game,287,71
93,BRIANO,6,2025,Retro Game,224,106
94,RENATO,6,2025,Retro Game,271,84
95,ARMINIO,6,2025,Retro Game,225,105
96,LINA,6,2025,Retro Game,301,56
97,DON ALVARO,6,2025,Retro Game,240,102
98,LEONORA,6,2025,Retro Game,297,63
99,CORRADO,6,2025,Retro Game,358,20
100,GERMONT,6,2025,Retro Game,312,46
101,FORD,6,2025,Retro Game,317,43
102,BORSA,6,2025,Retro Game,302,53
103,WURM,6,2025,Retro Game,298,62
104,ABDALLO,6,2025,Retro Game,281,75
105,SEID,6,2025,Retro Game,244,100
106,AMELIA,6,2025,Retro Game,318,42
107,MANRICO,6,2025,Retro Game,256,93
108,RAMFIS,6,2025,Retro Game,403,7
1,FRA MELITONE,0,2025,Scacchi,144,108
2,STIFFELIO,0,2025,Scacchi,307,49
3,FENTON,0,2025,Scacchi,266,89
4,SEID,0,2025,Scacchi,244,100
5,PIRRO,0,2025,Scacchi,233,103
6,LINA,0,2025,Scacchi,301,56
7,ELVIRA,0,2025,Scacchi,279,77
8,PREZIOSILLA,0,2025,Scacchi,241,101
9,AMONASRO,0,2025,Scacchi,297,64
10,NINETTA,0,2025,Scacchi,213,107
11,RADAMÈS,0,2025,Scacchi,291,69
12,BARDOLFO,0,2025,Scacchi,248,97
13,ATTILA,0,2025,Scacchi,268,86
14,FLORA,0,2025,Scacchi,299,61
15,EGBERTO,0,2025,Scacchi,293,67
16,DON ALVARO,0,2025,Scacchi,240,102
17,MINA,0,2025,Scacchi,349,25
18,STANKAR,0,2025,Scacchi,282,74
19,RE CARLO,0,2025,Scacchi,244,99
20,ALZIRA,0,2025,Scacchi,300,57
21,ARMINIO,0,2025,Scacchi,225,105
22,EMILIA,0,2025,Scacchi,277,80
23,ERNANI,0,2025,Scacchi,283,73
24,ULDINO,0,2025,Scacchi,248,96
25,VICLINDA,0,2025,Scacchi,251,95
26,GILDA,0,2025,Scacchi,315,45
27,RUY GOMEZ,0,2025,Scacchi,261,91
28,GASTONE,0,2025,Scacchi,355,22
29,PAGANO,0,2025,Scacchi,392,10
30,ODABELLA,0,2025,Scacchi,273,83
31,FERRANDO,0,2025,Scacchi,267,87
32,IMELDA,0,2025,Scacchi,286,72
33,RENATO,0,2025,Scacchi,271,84
34,ISMAELE,0,2025,Scacchi,280,76
35,LEONORA,0,2025,Scacchi,297,63
36,FORESTO,0,2025,Scacchi,302,52
37,ELENA,0,2025,Scacchi,382,15
38,LIDA,0,2025,Scacchi,277,78
39,LUISA MILLER,0,2025,Scacchi,277,79
40,GULNARA,0,2025,Scacchi,338,29
41,RAFFAELE,0,2025,Scacchi,251,94
42,DESDEMONA,0,2025,Scacchi,343,27
43,ALICE,0,2025,Scacchi,332,32
44,RODRIGO,0,2025,Scacchi,291,68
45,DON CARLOS,0,2025,Scacchi,337,31
46,ROLANDO,0,2025,Scacchi,300,60
47,RIGOLETTO,0,2025,Scacchi,271,85
48,RAMFIS,0,2025,Scacchi,403,7
49,CONTE RICCARDO,0,2025,Scacchi,329,33
50,MEDORA,0,2025,Scacchi,288,70
51,NABUCODONOSOR,0,2025,Scacchi,328,34
52,DUCA DI MANTOVA,0,2025,Scacchi,307,50
53,MASSIMILIANO,0,2025,Scacchi,247,98
54,IAGO,0,2025,Scacchi,479,1
55,MALCOLM,0,2025,Scacchi,360,18
56,GUY DE MONTFORT,0,2025,Scacchi,350,24
57,RODOLFO,0,2025,Scacchi,317,44
58,OVANDO,0,2025,Scacchi,312,47
59,FEDERICA,0,2025,Scacchi,296,65
60,OSCAR,0,2025,Scacchi,275,81
61,AZUCENA,0,2025,Scacchi,337,30
62,GISELDA,0,2025,Scacchi,358,19
63,ULRICA,0,2025,Scacchi,326,37
64,AIDA,0,2025,Scacchi,308,48
65,ABIGAILLE,0,2025,Scacchi,385,13
66,BARBAROSSA,0,2025,Scacchi,301,55
67,DOROTEA,0,2025,Scacchi,301,54
68,ATALIBA,0,2025,Scacchi,327,35
69,AROLDO,0,2025,Scacchi,320,41
70,CONTE DI WALTER,0,2025,Scacchi,396,8
71,MOSER,0,2025,Scacchi,230,104
72,BRIANO,0,2025,Scacchi,224,106
73,CORRADO,0,2025,Scacchi,358,20
74,DON RICCARDO,0,2025,Scacchi,300,59
75,ZACCARIA,0,2025,Scacchi,384,14
76,WURM,0,2025,Scacchi,298,62
77,ABDALLO,0,2025,Scacchi,281,75
78,GODVINO,0,2025,Scacchi,275,82
79,SELIMO,0,2025,Scacchi,323,38
80,MACBETH,0,2025,Scacchi,361,17
81,MACDUFF,0,2025,Scacchi,355,23
82,BANCO,0,2025,Scacchi,304,51
83,EZIO,0,2025,Scacchi,394,9
84,CONTE DI LUNA,0,2025,Scacchi,357,21
85,ARVINO,0,2025,Scacchi,438,5
86,FILIPPO II,0,2025,Scacchi,326,36
87,TEBALDO,0,2025,Scacchi,320,39
88,ELISABETTA DI VALOIS,0,2025,Scacchi,287,71
89,CALATRAVA,0,2025,Scacchi,259,92
90,AMELIA,0,2025,Scacchi,318,42
91,OTELLO,0,2025,Scacchi,470,3
92,CONTE DI VAUDEMONT,0,2025,Scacchi,416,6
93,ALFREDO,0,2025,Scacchi,470,2
94,ROLLA,0,2025,Scacchi,265,90
95,GUSMANO,0,2025,Scacchi,266,88
96,SPARAFUCILE,0,2025,Scacchi,362,16
97,ZAMORO,0,2025,Scacchi,387,12
98,BORSA,0,2025,Scacchi,302,53
99,VIOLETTA,0,2025,Scacchi,345,26
100,ARRIGO,0,2025,Scacchi,293,66
101,DUNCANO,0,2025,Scacchi,343,28
102,CASSIO,0,2025,Scacchi,392,11
103,MARCOVALDO,0,2025,Scacchi,451,4
104,AMNERIS,0,2025,Scacchi,300,58
105,GERMONT,0,2025,Scacchi,312,46
106,FORD,0,2025,Scacchi,317,43
107,FALSTAFF,0,2025,Scacchi,320,40
108,MANRICO,0,2025,Scacchi,256,93
1,MINA,30,2025,Scopa 15,349,25
2,ZACCARIA,25,2025,Scopa 15,384,14
3,MASSIMILIANO,21,2025,Scopa 15,247,98
4,AZUCENA,18,2025,Scopa 15,337,30
5,MACBETH,16,2025,Scopa 15,361,17
6,PIRRO,16,2025,Scopa 15,233,103
7,SPARAFUCILE,16,2025,Scopa 15,362,16
8,NINETTA,16,2025,Scopa 15,213,107
9,ABIGAILLE,14,2025,Scopa 15,385,13
10,ARVINO,14,2025,Scopa 15,438,5
11,ALFREDO,14,2025,Scopa 15,470,2
12,ATALIBA,14,2025,Scopa 15,327,35
13,RUY GOMEZ,14,2025,Scopa 15,261,91
14,TEBALDO,14,2025,Scopa 15,320,39
15,CORRADO,14,2025,Scopa 15,358,20
16,SEID,14,2025,Scopa 15,244,100
17,EZIO,12,2025,Scopa 15,394,9
18,ATTILA,12,2025,Scopa 15,268,86
19,BARBAROSSA,12,2025,Scopa 15,301,55
20,DOROTEA,12,2025,Scopa 15,301,54
21,MALCOLM,12,2025,Scopa 15,360,18
22,AMNERIS,12,2025,Scopa 15,300,58
23,PREZIOSILLA,12,2025,Scopa 15,241,101
24,CONTE DI WALTER,12,2025,Scopa 15,396,8
25,OVANDO,12,2025,Scopa 15,312,47
26,LINA,12,2025,Scopa 15,301,56
27,DON ALVARO,12,2025,Scopa 15,240,102
28,RODRIGO,12,2025,Scopa 15,291,68
29,BORSA,12,2025,Scopa 15,302,53
30,DON CARLOS,12,2025,Scopa 15,337,31
31,ODABELLA,12,2025,Scopa 15,273,83
32,RADAMÈS,12,2025,Scopa 15,291,69
33,MACDUFF,10,2025,Scopa 15,355,23
34,BANCO,10,2025,Scopa 15,304,51
35,CONTE DI LUNA,10,2025,Scopa 15,357,21
36,CASSIO,10,2025,Scopa 15,392,11
37,CONTE DI VAUDEMONT,10,2025,Scopa 15,416,6
38,IAGO,10,2025,Scopa 15,479,1
39,FLORA,10,2025,Scopa 15,299,61
40,EGBERTO,10,2025,Scopa 15,293,67
41,GUY DE MONTFORT,10,2025,Scopa 15,350,24
42,GASTONE,10,2025,Scopa 15,355,22
43,RODOLFO,10,2025,Scopa 15,317,44
44,AMONASRO,10,2025,Scopa 15,297,64
45,ZAMORO,10,2025,Scopa 15,387,12
46,DESDEMONA,10,2025,Scopa 15,343,27
47,PAGANO,10,2025,Scopa 15,392,10
48,ELENA,10,2025,Scopa 15,382,15
49,FALSTAFF,10,2025,Scopa 15,320,40
50,ERNANI,10,2025,Scopa 15,283,73
51,ULDINO,10,2025,Scopa 15,248,96
52,GODVINO,10,2025,Scopa 15,275,82
53,RAMFIS,10,2025,Scopa 15,403,7
54,SELIMO,10,2025,Scopa 15,323,38
55,OTELLO,8,2025,Scopa 15,470,3
56,BARDOLFO,8,2025,Scopa 15,248,97
57,MARCOVALDO,8,2025,Scopa 15,451,4
58,ROLLA,8,2025,Scopa 15,265,90
59,FILIPPO II,8,2025,Scopa 15,326,36
60,AROLDO,8,2025,Scopa 15,320,41
61,MOSER,8,2025,Scopa 15,230,104
62,FEDERICA,8,2025,Scopa 15,296,65
63,RAFFAELE,8,2025,Scopa 15,251,94
64,ARMINIO,8,2025,Scopa 15,225,105
65,OSCAR,8,2025,Scopa 15,275,81
66,ISMAELE,8,2025,Scopa 15,280,76
67,ELVIRA,8,2025,Scopa 15,279,77
68,ALICE,8,2025,Scopa 15,332,32
69,FORD,8,2025,Scopa 15,317,43
70,DON RICCARDO,8,2025,Scopa 15,300,59
71,GISELDA,8,2025,Scopa 15,358,19
72,ARRIGO,8,2025,Scopa 15,293,66
73,ABDALLO,8,2025,Scopa 15,281,75
74,CALATRAVA,8,2025,Scopa 15,259,92
75,ROLANDO,8,2025,Scopa 15,300,60
76,RIGOLETTO,8,2025,Scopa 15,271,85
77,AMELIA,8,2025,Scopa 15,318,42
78,MANRICO,8,2025,Scopa 15,256,93
79,AIDA,8,2025,Scopa 15,308,48
80,GILDA,8,2025,Scopa 15,315,45
81,DUNCANO,8,2025,Scopa 15,343,28
82,FRA MELITONE,6,2025,Scopa 15,144,108
83,MEDORA,6,2025,Scopa 15,288,70
84,NABUCODONOSOR,6,2025,Scopa 15,328,34
85,FERRANDO,6,2025,Scopa 15,267,87
86,DUCA DI MANTOVA,6,2025,Scopa 15,307,50
87,STANKAR,6,2025,Scopa 15,282,74
88,FENTON,6,2025,Scopa 15,266,89
89,RE CARLO,6,2025,Scopa 15,244,99
90,GULNARA,6,2025,Scopa 15,338,29
91,GUSMANO,6,2025,Scopa 15,266,88
92,ALZIRA,6,2025,Scopa 15,300,57
93,IMELDA,6,2025,Scopa 15,286,72
94,ELISABETTA DI VALOIS,6,2025,Scopa 15,287,71
95,BRIANO,6,2025,Scopa 15,224,106
96,RENATO,6,2025,Scopa 15,271,84
97,LEONORA,6,2025,Scopa 15,297,63
98,FORESTO,6,2025,Scopa 15,302,52
99,GERMONT,6,2025,Scopa 15,312,46
100,EMILIA,6,2025,Scopa 15,277,80
101,STIFFELIO,6,2025,Scopa 15,307,49
102,VIOLETTA,6,2025,Scopa 15,345,26
103,LIDA,6,2025,Scopa 15,277,78
104,WURM,6,2025,Scopa 15,298,62
105,LUISA MILLER,6,2025,Scopa 15,277,79
106,ULRICA,6,2025,Scopa 15,326,37
107,VICLINDA,6,2025,Scopa 15,251,95
108,CONTE RICCARDO,6,2025,Scopa 15,329,33
1,MARCOVALDO,30,2025,Subbuteo,451,4
2,RAMFIS,25,2025,Subbuteo,403,7
3,CORRADO,21,2025,Subbuteo,358,20
4,MALCOLM,18,2025,Subbuteo,360,18
5,OTELLO,16,2025,Subbuteo,470,3
6,CONTE DI VAUDEMONT,16,2025,Subbuteo,416,6
7,SPARAFUCILE,16,2025,Subbuteo,362,16
8,GISELDA,16,2025,Subbuteo,358,19
9,NABUCODONOSOR,14,2025,Subbuteo,328,34
10,GUY DE MONTFORT,14,2025,Subbuteo,350,24
11,ELISABETTA DI VALOIS,14,2025,Subbuteo,287,71
12,ALICE,14,2025,Subbuteo,332,32
13,DON RICCARDO,14,2025,Subbuteo,300,59
14,ZACCARIA,14,2025,Subbuteo,384,14
15,ROLANDO,14,2025,Subbuteo,300,60
16,GILDA,14,2025,Subbuteo,315,45
17,ABIGAILLE,12,2025,Subbuteo,385,13
18,EZIO,12,2025,Subbuteo,394,9
19,ATTILA,12,2025,Subbuteo,268,86
20,CASSIO,12,2025,Subbuteo,392,11
21,ARVINO,12,2025,Subbuteo,438,5
22,ALFREDO,12,2025,Subbuteo,470,2
23,AROLDO,12,2025,Subbuteo,320,41
24,ZAMORO,12,2025,Subbuteo,387,12
25,PAGANO,12,2025,Subbuteo,392,10
26,OSCAR,12,2025,Subbuteo,275,81
27,FORESTO,12,2025,Subbuteo,302,52
28,MINA,12,2025,Subbuteo,349,25
29,BORSA,12,2025,Subbuteo,302,53
30,VIOLETTA,12,2025,Subbuteo,345,26
31,ARRIGO,12,2025,Subbuteo,293,66
32,ULRICA,12,2025,Subbuteo,326,37
33,MACDUFF,10,2025,Subbuteo,355,23
34,BANCO,10,2025,Subbuteo,304,51
35,CONTE DI LUNA,10,2025,Subbuteo,357,21
36,RE CARLO,10,2025,Subbuteo,244,99
37,PREZIOSILLA,10,2025,Subbuteo,241,101
38,RODOLFO,10,2025,Subbuteo,317,44
39,RAFFAELE,10,2025,Subbuteo,251,94
40,DESDEMONA,10,2025,Subbuteo,343,27
41,ARMINIO,10,2025,Subbuteo,225,105
42,ISMAELE,10,2025,Subbuteo,280,76
43,ELENA,10,2025,Subbuteo,382,15
44,FORD,10,2025,Subbuteo,317,43
45,RODRIGO,10,2025,Subbuteo,291,68
46,DON CARLOS,10,2025,Subbuteo,337,31
47,WURM,10,2025,Subbuteo,298,62
48,LUISA MILLER,10,2025,Subbuteo,277,79
49,SEID,10,2025,Subbuteo,244,100
50,GODVINO,10,2025,Subbuteo,275,82
51,AMELIA,10,2025,Subbuteo,318,42
52,MANRICO,10,2025,Subbuteo,256,93
53,AIDA,10,2025,Subbuteo,308,48
54,DUNCANO,10,2025,Subbuteo,343,28
55,MACBETH,8,2025,Subbuteo,361,17
56,FERRANDO,8,2025,Subbuteo,267,87
57,DUCA DI MANTOVA,8,2025,Subbuteo,307,50
58,PIRRO,8,2025,Subbuteo,233,103
59,FENTON,8,2025,Subbuteo,266,89
60,DOROTEA,8,2025,Subbuteo,301,54
61,IAGO,8,2025,Subbuteo,479,1
62,EGBERTO,8,2025,Subbuteo,293,67
63,FILIPPO II,8,2025,Subbuteo,326,36
64,GASTONE,8,2025,Subbuteo,355,22
65,CONTE DI WALTER,8,2025,Subbuteo,396,8
66,AMONASRO,8,2025,Subbuteo,297,64
67,TEBALDO,8,2025,Subbuteo,320,39
68,OVANDO,8,2025,Subbuteo,312,47
69,MOSER,8,2025,Subbuteo,230,104
70,IMELDA,8,2025,Subbuteo,286,72
71,AZUCENA,8,2025,Subbuteo,337,30
72,GERMONT,8,2025,Subbuteo,312,46
73,EMILIA,8,2025,Subbuteo,277,80
74,FALSTAFF,8,2025,Subbuteo,320,40
75,STIFFELIO,8,2025,Subbuteo,307,49
76,LIDA,8,2025,Subbuteo,277,78
77,ABDALLO,8,2025,Subbuteo,281,75
78,CALATRAVA,8,2025,Subbuteo,259,92
79,ODABELLA,8,2025,Subbuteo,273,83
80,VICLINDA,8,2025,Subbuteo,251,95
81,RADAMÈS,8,2025,Subbuteo,291,69
82,FRA MELITONE,6,2025,Subbuteo,144,108
83,MEDORA,6,2025,Subbuteo,288,70
84,BARDOLFO,6,2025,Subbuteo,248,97
85,STANKAR,6,2025,Subbuteo,282,74
86,BARBAROSSA,6,2025,Subbuteo,301,55
87,MASSIMILIANO,6,2025,Subbuteo,247,98
88,ATALIBA,6,2025,Subbuteo,327,35
89,GULNARA,6,2025,Subbuteo,338,29
90,FLORA,6,2025,Subbuteo,299,61
91,ROLLA,6,2025,Subbuteo,265,90
92,GUSMANO,6,2025,Subbuteo,266,88
93,AMNERIS,6,2025,Subbuteo,300,58
94,RUY GOMEZ,6,2025,Subbuteo,261,91
95,ALZIRA,6,2025,Subbuteo,300,57
96,FEDERICA,6,2025,Subbuteo,296,65
97,BRIANO,6,2025,Subbuteo,224,106
98,RENATO,6,2025,Subbuteo,271,84
99,LINA,6,2025,Subbuteo,301,56
100,DON ALVARO,6,2025,Subbuteo,240,102
101,LEONORA,6,2025,Subbuteo,297,63
102,ELVIRA,6,2025,Subbuteo,279,77
103,ERNANI,6,2025,Subbuteo,283,73
104,ULDINO,6,2025,Subbuteo,248,96
105,NINETTA,6,2025,Subbuteo,213,107
106,RIGOLETTO,6,2025,Subbuteo,271,85
107,CONTE RICCARDO,6,2025,Subbuteo,329,33
108,SELIMO,6,2025,Subbuteo,323,38
1,RAMFIS,30,2025,Tiro al barattolo,403,7
2,PAGANO,25,2025,Tiro al barattolo,392,10
3,DON CARLOS,21,2025,Tiro al barattolo,337,31
4,ZACCARIA,18,2025,Tiro al barattolo,384,14
5,OTELLO,16,2025,Tiro al barattolo,470,3
6,EGBERTO,16,2025,Tiro al barattolo,293,67
7,AMNERIS,16,2025,Tiro al barattolo,300,58
8,MINA,16,2025,Tiro al barattolo,349,25
9,FENTON,14,2025,Tiro al barattolo,266,89
10,ALFREDO,14,2025,Tiro al barattolo,470,2
11,IAGO,14,2025,Tiro al barattolo,479,1
12,AZUCENA,14,2025,Tiro al barattolo,337,30
13,GERMONT,14,2025,Tiro al barattolo,312,46
14,STIFFELIO,14,2025,Tiro al barattolo,307,49
15,VIOLETTA,14,2025,Tiro al barattolo,345,26
16,SEID,14,2025,Tiro al barattolo,244,100
17,MACBETH,12,2025,Tiro al barattolo,361,17
18,NABUCODONOSOR,12,2025,Tiro al barattolo,328,34
19,PIRRO,12,2025,Tiro al barattolo,233,103
20,CONTE DI LUNA,12,2025,Tiro al barattolo,357,21
21,ARVINO,12,2025,Tiro al barattolo,438,5
22,GULNARA,12,2025,Tiro al barattolo,338,29
23,ROLLA,12,2025,Tiro al barattolo,265,90
24,GUSMANO,12,2025,Tiro al barattolo,266,88
25,AROLDO,12,2025,Tiro al barattolo,320,41
26,OSCAR,12,2025,Tiro al barattolo,275,81
27,ISMAELE,12,2025,Tiro al barattolo,280,76
28,LINA,12,2025,Tiro al barattolo,301,56
29,FORESTO,12,2025,Tiro al barattolo,302,52
30,FORD,12,2025,Tiro al barattolo,317,43
31,LIDA,12,2025,Tiro al barattolo,277,78
32,ODABELLA,12,2025,Tiro al barattolo,273,83
33,MACDUFF,10,2025,Tiro al barattolo,355,23
34,BANCO,10,2025,Tiro al barattolo,304,51
35,MEDORA,10,2025,Tiro al barattolo,288,70
36,BARDOLFO,10,2025,Tiro al barattolo,248,97
37,STANKAR,10,2025,Tiro al barattolo,282,74
38,MARCOVALDO,10,2025,Tiro al barattolo,451,4
39,FLORA,10,2025,Tiro al barattolo,299,61
40,SPARAFUCILE,10,2025,Tiro al barattolo,362,16
41,AMONASRO,10,2025,Tiro al barattolo,297,64
42,ZAMORO,10,2025,Tiro al barattolo,387,12
43,FEDERICA,10,2025,Tiro al barattolo,296,65
44,ELISABETTA DI VALOIS,10,2025,Tiro al barattolo,287,71
45,BRIANO,10,2025,Tiro al barattolo,224,106
46,RENATO,10,2025,Tiro al barattolo,271,84
47,ELVIRA,10,2025,Tiro al barattolo,279,77
48,RODRIGO,10,2025,Tiro al barattolo,291,68
49,ERNANI,10,2025,Tiro al barattolo,283,73
50,ARRIGO,10,2025,Tiro al barattolo,293,66
51,WURM,10,2025,Tiro al barattolo,298,62
52,GILDA,10,2025,Tiro al barattolo,315,45
53,DUNCANO,10,2025,Tiro al barattolo,343,28
54,SELIMO,10,2025,Tiro al barattolo,323,38
55,ABIGAILLE,8,2025,Tiro al barattolo,385,13
56,EZIO,8,2025,Tiro al barattolo,394,9
57,DUCA DI MANTOVA,8,2025,Tiro al barattolo,307,50
58,MASSIMILIANO,8,2025,Tiro al barattolo,247,98
59,CONTE DI VAUDEMONT,8,2025,Tiro al barattolo,416,6
60,ATALIBA,8,2025,Tiro al barattolo,327,35
61,MALCOLM,8,2025,Tiro al barattolo,360,18
62,GUY DE MONTFORT,8,2025,Tiro al barattolo,350,24
63,FILIPPO II,8,2025,Tiro al barattolo,326,36
64,GASTONE,8,2025,Tiro al barattolo,355,22
65,ALZIRA,8,2025,Tiro al barattolo,300,57
66,CONTE DI WALTER,8,2025,Tiro al barattolo,396,8
67,RODOLFO,8,2025,Tiro al barattolo,317,44
68,TEBALDO,8,2025,Tiro al barattolo,320,39
69,IMELDA,8,2025,Tiro al barattolo,286,72
70,ARMINIO,8,2025,Tiro al barattolo,225,105
71,ELENA,8,2025,Tiro al barattolo,382,15
72,EMILIA,8,2025,Tiro al barattolo,277,80
73,GISELDA,8,2025,Tiro al barattolo,358,19
74,BORSA,8,2025,Tiro al barattolo,302,53
75,CALATRAVA,8,2025,Tiro al barattolo,259,92
76,RIGOLETTO,8,2025,Tiro al barattolo,271,85
77,LUISA MILLER,8,2025,Tiro al barattolo,277,79
78,GODVINO,8,2025,Tiro al barattolo,275,82
79,AMELIA,8,2025,Tiro al barattolo,318,42
80,ULRICA,8,2025,Tiro al barattolo,326,37
81,AIDA,8,2025,Tiro al barattolo,308,48
82,FRA MELITONE,6,2025,Tiro al barattolo,144,108
83,FERRANDO,6,2025,Tiro al barattolo,267,87
84,ATTILA,6,2025,Tiro al barattolo,268,86
85,CASSIO,6,2025,Tiro al barattolo,392,11
86,BARBAROSSA,6,2025,Tiro al barattolo,301,55
87,RE CARLO,6,2025,Tiro al barattolo,244,99
88,DOROTEA,6,2025,Tiro al barattolo,301,54
89,PREZIOSILLA,6,2025,Tiro al barattolo,241,101
90,RUY GOMEZ,6,2025,Tiro al barattolo,261,91
91,OVANDO,6,2025,Tiro al barattolo,312,47
92,MOSER,6,2025,Tiro al barattolo,230,104
93,RAFFAELE,6,2025,Tiro al barattolo,251,94
94,DESDEMONA,6,2025,Tiro al barattolo,343,27
95,DON ALVARO,6,2025,Tiro al barattolo,240,102
96,LEONORA,6,2025,Tiro al barattolo,297,63
97,CORRADO,6,2025,Tiro al barattolo,358,20
98,ALICE,6,2025,Tiro al barattolo,332,32
99,FALSTAFF,6,2025,Tiro al barattolo,320,40
100,DON RICCARDO,6,2025,Tiro al barattolo,300,59
101,ULDINO,6,2025,Tiro al barattolo,248,96
102,ABDALLO,6,2025,Tiro al barattolo,281,75
103,ROLANDO,6,2025,Tiro al barattolo,300,60
104,NINETTA,6,2025,Tiro al barattolo,213,107
105,MANRICO,6,2025,Tiro al barattolo,256,93
106,VICLINDA,6,2025,Tiro al barattolo,251,95
107,RADAMÈS,6,2025,Tiro al barattolo,291,69
108,CONTE RICCARDO,6,2025,Tiro al barattolo,329,33
1,CONTE DI WALTER,30,2025,Tiro con l'Arco,396,8
2,WURM,25,2025,Tiro con l'Arco,298,62
3,OTELLO,21,2025,Tiro con l'Arco,470,3
4,ALICE,18,2025,Tiro con l'Arco,332,32
5,ATTILA,16,2025,Tiro con l'Arco,268,86
6,EGBERTO,15,2025,Tiro con l'Arco,293,67
7,NABUCODONOSOR,14,2025,Tiro con l'Arco,328,34
8,CASSIO,14,2025,Tiro con l'Arco,392,11
9,ZAMORO,14,2025,Tiro con l'Arco,387,12
10,CORRADO,14,2025,Tiro con l'Arco,358,20
11,RADAMÈS,14,2025,Tiro con l'Arco,291,69
12,AIDA,14,2025,Tiro con l'Arco,308,48
13,EZIO,13,2025,Tiro con l'Arco,394,9
14,IAGO,13,2025,Tiro con l'Arco,479,1
15,RUY GOMEZ,13,2025,Tiro con l'Arco,261,91
16,EMILIA,13,2025,Tiro con l'Arco,277,80
17,SEID,13,2025,Tiro con l'Arco,244,100
18,AMELIA,13,2025,Tiro con l'Arco,318,42
19,GASTONE,12,2025,Tiro con l'Arco,355,22
20,GISELDA,12,2025,Tiro con l'Arco,358,19
21,LIDA,12,2025,Tiro con l'Arco,277,78
22,ARRIGO,12,2025,Tiro con l'Arco,293,66
23,ROLANDO,12,2025,Tiro con l'Arco,300,60
24,RIGOLETTO,12,2025,Tiro con l'Arco,271,85
25,MEDORA,11,2025,Tiro con l'Arco,288,70
26,IMELDA,11,2025,Tiro con l'Arco,286,72
27,DESDEMONA,11,2025,Tiro con l'Arco,343,27
28,ELVIRA,11,2025,Tiro con l'Arco,279,77
29,FORESTO,11,2025,Tiro con l'Arco,302,52
30,DON CARLOS,11,2025,Tiro con l'Arco,337,31
31,MALCOLM,10,2025,Tiro con l'Arco,360,18
32,GUSMANO,10,2025,Tiro con l'Arco,266,88
33,FILIPPO II,10,2025,Tiro con l'Arco,326,36
34,AMONASRO,10,2025,Tiro con l'Arco,297,64
35,VIOLETTA,10,2025,Tiro con l'Arco,345,26
36,SELIMO,10,2025,Tiro con l'Arco,323,38
37,ABIGAILLE,9,2025,Tiro con l'Arco,385,13
38,FENTON,9,2025,Tiro con l'Arco,266,89
39,ALFREDO,9,2025,Tiro con l'Arco,470,2
40,ATALIBA,9,2025,Tiro con l'Arco,327,35
41,AROLDO,9,2025,Tiro con l'Arco,320,41
42,ALZIRA,9,2025,Tiro con l'Arco,300,57
43,OSCAR,9,2025,Tiro con l'Arco,275,81
44,LINA,9,2025,Tiro con l'Arco,301,56
45,ELENA,9,2025,Tiro con l'Arco,382,15
46,FORD,9,2025,Tiro con l'Arco,317,43
47,MINA,9,2025,Tiro con l'Arco,349,25
48,ERNANI,9,2025,Tiro con l'Arco,283,73
49,CALATRAVA,9,2025,Tiro con l'Arco,259,92
50,GODVINO,9,2025,Tiro con l'Arco,275,82
51,MANRICO,9,2025,Tiro con l'Arco,256,93
52,ULRICA,9,2025,Tiro con l'Arco,326,37
53,CONTE RICCARDO,9,2025,Tiro con l'Arco,329,33
54,DUNCANO,9,2025,Tiro con l'Arco,343,28
55,MACBETH,8,2025,Tiro con l'Arco,361,17
56,DUCA DI MANTOVA,8,2025,Tiro con l'Arco,307,50
57,PIRRO,8,2025,Tiro con l'Arco,233,103
58,ARVINO,8,2025,Tiro con l'Arco,438,5
59,DOROTEA,8,2025,Tiro con l'Arco,301,54
60,ROLLA,8,2025,Tiro con l'Arco,265,90
61,SPARAFUCILE,8,2025,Tiro con l'Arco,362,16
62,RODOLFO,8,2025,Tiro con l'Arco,317,44
63,RAFFAELE,8,2025,Tiro con l'Arco,251,94
64,ISMAELE,8,2025,Tiro con l'Arco,280,76
65,GERMONT,8,2025,Tiro con l'Arco,312,46
66,BORSA,8,2025,Tiro con l'Arco,302,53
67,STIFFELIO,8,2025,Tiro con l'Arco,307,49
68,ABDALLO,8,2025,Tiro con l'Arco,281,75
69,NINETTA,8,2025,Tiro con l'Arco,213,107
70,RAMFIS,8,2025,Tiro con l'Arco,403,7
71,VICLINDA,8,2025,Tiro con l'Arco,251,95
72,GILDA,8,2025,Tiro con l'Arco,315,45
73,BANCO,7,2025,Tiro con l'Arco,304,51
74,BARDOLFO,7,2025,Tiro con l'Arco,248,97
75,CONTE DI LUNA,7,2025,Tiro con l'Arco,357,21
76,BARBAROSSA,7,2025,Tiro con l'Arco,301,55
77,MARCOVALDO,7,2025,Tiro con l'Arco,451,4
78,MASSIMILIANO,7,2025,Tiro con l'Arco,247,98
79,CONTE DI VAUDEMONT,7,2025,Tiro con l'Arco,416,6
80,RE CARLO,7,2025,Tiro con l'Arco,244,99
81,FLORA,7,2025,Tiro con l'Arco,299,61
82,GUY DE MONTFORT,7,2025,Tiro con l'Arco,350,24
83,AMNERIS,7,2025,Tiro con l'Arco,300,58
84,OVANDO,7,2025,Tiro con l'Arco,312,47
85,ELISABETTA DI VALOIS,7,2025,Tiro con l'Arco,287,71
86,BRIANO,7,2025,Tiro con l'Arco,224,106
87,RODRIGO,7,2025,Tiro con l'Arco,291,68
88,ZACCARIA,7,2025,Tiro con l'Arco,384,14
89,ULDINO,7,2025,Tiro con l'Arco,248,96
90,LUISA MILLER,7,2025,Tiro con l'Arco,277,79
91,FRA MELITONE,6,2025,Tiro con l'Arco,144,108
92,MACDUFF,6,2025,Tiro con l'Arco,355,23
93,FERRANDO,6,2025,Tiro con l'Arco,267,87
94,STANKAR,6,2025,Tiro con l'Arco,282,74
95,GULNARA,6,2025,Tiro con l'Arco,338,29
96,PREZIOSILLA,6,2025,Tiro con l'Arco,241,101
97,TEBALDO,6,2025,Tiro con l'Arco,320,39
98,MOSER,6,2025,Tiro con l'Arco,230,104
99,FEDERICA,6,2025,Tiro con l'Arco,296,65
100,RENATO,6,2025,Tiro con l'Arco,271,84
101,PAGANO,6,2025,Tiro con l'Arco,392,10
102,ARMINIO,6,2025,Tiro con l'Arco,225,105
103,DON ALVARO,6,2025,Tiro con l'Arco,240,102
104,LEONORA,6,2025,Tiro con l'Arco,297,63
105,AZUCENA,6,2025,Tiro con l'Arco,337,30
106,FALSTAFF,6,2025,Tiro con l'Arco,320,40
107,DON RICCARDO,6,2025,Tiro con l'Arco,300,59
108,ODABELLA,6,2025,Tiro con l'Arco,273,83
1,MEDORA,30,2025,Tris Soccer,288,70
2,VIOLETTA,25,2025,Tris Soccer,345,26
3,TEBALDO,21,2025,Tris Soccer,320,39
4,RAMFIS,18,2025,Tris Soccer,403,7
5,ZACCARIA,16,2025,Tris Soccer,384,14
6,STIFFELIO,16,2025,Tris Soccer,307,49
7,SEID,16,2025,Tris Soccer,244,100
8,CONTE RICCARDO,16,2025,Tris Soccer,329,33
9,DUCA DI MANTOVA,14,2025,Tris Soccer,307,50
10,CONTE DI LUNA,14,2025,Tris Soccer,357,21
11,AROLDO,14,2025,Tris Soccer,320,41
12,DON ALVARO,14,2025,Tris Soccer,240,102
13,ALICE,14,2025,Tris Soccer,332,32
14,FALSTAFF,14,2025,Tris Soccer,320,40
15,GISELDA,14,2025,Tris Soccer,358,19
16,VICLINDA,14,2025,Tris Soccer,251,95
17,FERRANDO,12,2025,Tris Soccer,267,87
18,STANKAR,12,2025,Tris Soccer,282,74
19,ARVINO,12,2025,Tris Soccer,438,5
20,IAGO,12,2025,Tris Soccer,479,1
21,FLORA,12,2025,Tris Soccer,299,61
22,GUY DE MONTFORT,12,2025,Tris Soccer,350,24
23,FILIPPO II,12,2025,Tris Soccer,326,36
24,GASTONE,12,2025,Tris Soccer,355,22
25,RODOLFO,12,2025,Tris Soccer,317,44
26,OVANDO,12,2025,Tris Soccer,312,47
27,RENATO,12,2025,Tris Soccer,271,84
28,ISMAELE,12,2025,Tris Soccer,280,76
29,GERMONT,12,2025,Tris Soccer,312,46
30,DON CARLOS,12,2025,Tris Soccer,337,31
31,ARRIGO,12,2025,Tris Soccer,293,66
32,DUNCANO,12,2025,Tris Soccer,343,28
33,MACDUFF,10,2025,Tris Soccer,355,23
34,ABIGAILLE,10,2025,Tris Soccer,385,13
35,OTELLO,10,2025,Tris Soccer,470,3
36,EZIO,10,2025,Tris Soccer,394,9
37,PIRRO,10,2025,Tris Soccer,233,103
38,MASSIMILIANO,10,2025,Tris Soccer,247,98
39,ALFREDO,10,2025,Tris Soccer,470,2
40,RE CARLO,10,2025,Tris Soccer,244,99
41,EGBERTO,10,2025,Tris Soccer,293,67
42,RUY GOMEZ,10,2025,Tris Soccer,261,91
43,AMONASRO,10,2025,Tris Soccer,297,64
44,RAFFAELE,10,2025,Tris Soccer,251,94
45,IMELDA,10,2025,Tris Soccer,286,72
46,LEONORA,10,2025,Tris Soccer,297,63
47,CORRADO,10,2025,Tris Soccer,358,20
48,AZUCENA,10,2025,Tris Soccer,337,30
49,EMILIA,10,2025,Tris Soccer,277,80
50,ABDALLO,10,2025,Tris Soccer,281,75
51,ROLANDO,10,2025,Tris Soccer,300,60
52,NINETTA,10,2025,Tris Soccer,213,107
53,GODVINO,10,2025,Tris Soccer,275,82
54,RADAMÈS,10,2025,Tris Soccer,291,69
55,BANCO,8,2025,Tris Soccer,304,51
56,NABUCODONOSOR,8,2025,Tris Soccer,328,34
57,BARBAROSSA,8,2025,Tris Soccer,301,55
58,FENTON,8,2025,Tris Soccer,266,89
59,MARCOVALDO,8,2025,Tris Soccer,451,4
60,CONTE DI VAUDEMONT,8,2025,Tris Soccer,416,6
61,DOROTEA,8,2025,Tris Soccer,301,54
62,GULNARA,8,2025,Tris Soccer,338,29
63,MALCOLM,8,2025,Tris Soccer,360,18
64,ROLLA,8,2025,Tris Soccer,265,90
65,SPARAFUCILE,8,2025,Tris Soccer,362,16
66,AMNERIS,8,2025,Tris Soccer,300,58
67,CONTE DI WALTER,8,2025,Tris Soccer,396,8
68,ZAMORO,8,2025,Tris Soccer,387,12
69,DESDEMONA,8,2025,Tris Soccer,343,27
70,OSCAR,8,2025,Tris Soccer,275,81
71,LINA,8,2025,Tris Soccer,301,56
72,FORESTO,8,2025,Tris Soccer,302,52
73,MINA,8,2025,Tris Soccer,349,25
74,DON RICCARDO,8,2025,Tris Soccer,300,59
75,BORSA,8,2025,Tris Soccer,302,53
76,ERNANI,8,2025,Tris Soccer,283,73
77,LIDA,8,2025,Tris Soccer,277,78
78,WURM,8,2025,Tris Soccer,298,62
79,RIGOLETTO,8,2025,Tris Soccer,271,85
80,ODABELLA,8,2025,Tris Soccer,273,83
81,GILDA,8,2025,Tris Soccer,315,45
82,FRA MELITONE,6,2025,Tris Soccer,144,108
83,MACBETH,6,2025,Tris Soccer,361,17
84,BARDOLFO,6,2025,Tris Soccer,248,97
85,ATTILA,6,2025,Tris Soccer,268,86
86,CASSIO,6,2025,Tris Soccer,392,11
87,ATALIBA,6,2025,Tris Soccer,327,35
88,GUSMANO,6,2025,Tris Soccer,266,88
89,PREZIOSILLA,6,2025,Tris Soccer,241,101
90,ALZIRA,6,2025,Tris Soccer,300,57
91,MOSER,6,2025,Tris Soccer,230,104
92,FEDERICA,6,2025,Tris Soccer,296,65
93,ELISABETTA DI VALOIS,6,2025,Tris Soccer,287,71
94,BRIANO,6,2025,Tris Soccer,224,106
95,PAGANO,6,2025,Tris Soccer,392,10
96,ARMINIO,6,2025,Tris Soccer,225,105
97,ELVIRA,6,2025,Tris Soccer,279,77
98,ELENA,6,2025,Tris Soccer,382,15
99,FORD,6,2025,Tris Soccer,317,43
100,RODRIGO,6,2025,Tris Soccer,291,68
101,ULDINO,6,2025,Tris Soccer,248,96
102,CALATRAVA,6,2025,Tris Soccer,259,92
103,LUISA MILLER,6,2025,Tris Soccer,277,79
104,AMELIA,6,2025,Tris Soccer,318,42
105,MANRICO,6,2025,Tris Soccer,256,93
106,ULRICA,6,2025,Tris Soccer,326,37
107,AIDA,6,2025,Tris Soccer,308,48
108,SELIMO,6,2025,Tris Soccer,323,38
1,RAMFIS,30,2025,We Golf,403,7
2,IAGO,25,2025,We Golf,479,1
3,OTELLO,21,2025,We Golf,470,3
4,PAGANO,18,2025,We Golf,392,10
5,NABUCODONOSOR,16,2025,We Golf,328,34
6,RODOLFO,16,2025,We Golf,317,44
7,ZAMORO,16,2025,We Golf,387,12
8,OVANDO,16,2025,We Golf,312,47
9,MACDUFF,14,2025,We Golf,355,23
10,ALFREDO,14,2025,We Golf,470,2
11,FLORA,14,2025,We Golf,299,61
12,CONTE DI WALTER,14,2025,We Golf,396,8
13,DESDEMONA,14,2025,We Golf,343,27
14,CORRADO,14,2025,We Golf,358,20
15,FALSTAFF,14,2025,We Golf,320,40
16,DUNCANO,14,2025,We Golf,343,28
17,ABIGAILLE,12,2025,We Golf,385,13
18,EZIO,12,2025,We Golf,394,9
19,ATTILA,12,2025,We Golf,268,86
20,DUCA DI MANTOVA,12,2025,We Golf,307,50
21,CASSIO,12,2025,We Golf,392,11
22,BARBAROSSA,12,2025,We Golf,301,55
23,ARVINO,12,2025,We Golf,438,5
24,FENTON,12,2025,We Golf,266,89
25,MARCOVALDO,12,2025,We Golf,451,4
26,CONTE DI VAUDEMONT,12,2025,We Golf,416,6
27,ATALIBA,12,2025,We Golf,327,35
28,GASTONE,12,2025,We Golf,355,22
29,MINA,12,2025,We Golf,349,25
30,GISELDA,12,2025,We Golf,358,19
31,SEID,12,2025,We Golf,244,100
32,MANRICO,12,2025,We Golf,256,93
33,MACBETH,10,2025,We Golf,361,17
34,BANCO,10,2025,We Golf,304,51
35,CONTE DI LUNA,10,2025,We Golf,357,21
36,MASSIMILIANO,10,2025,We Golf,247,98
37,GULNARA,10,2025,We Golf,338,29
38,ROLLA,10,2025,We Golf,265,90
39,GUY DE MONTFORT,10,2025,We Golf,350,24
40,FILIPPO II,10,2025,We Golf,326,36
41,RUY GOMEZ,10,2025,We Golf,261,91
42,AROLDO,10,2025,We Golf,320,41
43,FEDERICA,10,2025,We Golf,296,65
44,RAFFAELE,10,2025,We Golf,251,94
45,BRIANO,10,2025,We Golf,224,106
46,LINA,10,2025,We Golf,301,56
47,ELENA,10,2025,We Golf,382,15
48,RODRIGO,10,2025,We Golf,291,68
49,BORSA,10,2025,We Golf,302,53
50,GODVINO,10,2025,We Golf,275,82
51,VICLINDA,10,2025,We Golf,251,95
52,RADAMÈS,10,2025,We Golf,291,69
53,AIDA,10,2025,We Golf,308,48
54,CONTE RICCARDO,10,2025,We Golf,329,33
55,BARDOLFO,8,2025,We Golf,248,97
56,STANKAR,8,2025,We Golf,282,74
57,DOROTEA,8,2025,We Golf,301,54
58,SPARAFUCILE,8,2025,We Golf,362,16
59,AMNERIS,8,2025,We Golf,300,58
60,PREZIOSILLA,8,2025,We Golf,241,101
61,IMELDA,8,2025,We Golf,286,72
62,ELISABETTA DI VALOIS,8,2025,We Golf,287,71
63,RENATO,8,2025,We Golf,271,84
64,OSCAR,8,2025,We Golf,275,81
65,ISMAELE,8,2025,We Golf,280,76
66,DON ALVARO,8,2025,We Golf,240,102
67,ELVIRA,8,2025,We Golf,279,77
68,AZUCENA,8,2025,We Golf,337,30
69,DON RICCARDO,8,2025,We Golf,300,59
70,DON CARLOS,8,2025,We Golf,337,31
71,ERNANI,8,2025,We Golf,283,73
72,ZACCARIA,8,2025,We Golf,384,14
73,VIOLETTA,8,2025,We Golf,345,26
74,ARRIGO,8,2025,We Golf,293,66
75,ULDINO,8,2025,We Golf,248,96
76,WURM,8,2025,We Golf,298,62
77,CALATRAVA,8,2025,We Golf,259,92
78,NINETTA,8,2025,We Golf,213,107
79,RIGOLETTO,8,2025,We Golf,271,85
80,ULRICA,8,2025,We Golf,326,37
81,GILDA,8,2025,We Golf,315,45
82,FRA MELITONE,6,2025,We Golf,144,108
83,MEDORA,6,2025,We Golf,288,70
84,FERRANDO,6,2025,We Golf,267,87
85,PIRRO,6,2025,We Golf,233,103
86,RE CARLO,6,2025,We Golf,244,99
87,MALCOLM,6,2025,We Golf,360,18
88,EGBERTO,6,2025,We Golf,293,67
89,GUSMANO,6,2025,We Golf,266,88
90,ALZIRA,6,2025,We Golf,300,57
91,AMONASRO,6,2025,We Golf,297,64
92,TEBALDO,6,2025,We Golf,320,39
93,MOSER,6,2025,We Golf,230,104
94,ARMINIO,6,2025,We Golf,225,105
95,LEONORA,6,2025,We Golf,297,63
96,ALICE,6,2025,We Golf,332,32
97,FORESTO,6,2025,We Golf,302,52
98,GERMONT,6,2025,We Golf,312,46
99,EMILIA,6,2025,We Golf,277,80
100,FORD,6,2025,We Golf,317,43
101,STIFFELIO,6,2025,We Golf,307,49
102,LIDA,6,2025,We Golf,277,78
103,ABDALLO,6,2025,We Golf,281,75
104,ROLANDO,6,2025,We Golf,300,60
105,LUISA MILLER,6,2025,We Golf,277,79
106,ODABELLA,6,2025,We Golf,273,83
107,AMELIA,6,2025,We Golf,318,42
108,SELIMO,6,2025,We Golf,323,38
1,PAGANO,30,2024,Basket Connect 4,396,13
2,PIRRO,25,2024,Basket Connect 4,259,86
3,DUNCANO,21,2024,Basket Connect 4,399,12
4,NINETTA,18,2024,Basket Connect 4,252,89
5,LINA,16,2024,Basket Connect 4,370,19
6,CONTE RICCARDO,16,2024,Basket Connect 4,279,73
7,IMELDA,16,2024,Basket Connect 4,281,70
8,MACBETH,16,2024,Basket Connect 4,366,20
9,VICLINDA,14,2024,Basket Connect 4,280,72
10,AZUCENA,14,2024,Basket Connect 4,340,31
11,RAMFIS,14,2024,Basket Connect 4,379,17
12,MACDUFF,14,2024,Basket Connect 4,335,35
13,CASSIO,14,2024,Basket Connect 4,379,16
14,EZIO,14,2024,Basket Connect 4,434,4
15,OVANDO,14,2024,Basket Connect 4,309,51
16,DON CARLOS,14,2024,Basket Connect 4,359,23
17,FENTON,10,2024,Basket Connect 4,281,71
18,GISELDA,10,2024,Basket Connect 4,413,10
19,IAGO,10,2024,Basket Connect 4,483,2
20,ELENA,10,2024,Basket Connect 4,334,36
21,ERNANI,10,2024,Basket Connect 4,273,80
22,BARBAROSSA,10,2024,Basket Connect 4,314,47
23,OSCAR,10,2024,Basket Connect 4,255,87
24,STIFFELIO,10,2024,Basket Connect 4,312,48
25,ARVINO,10,2024,Basket Connect 4,419,8
26,GILDA,10,2024,Basket Connect 4,303,53
27,MALCOLM,10,2024,Basket Connect 4,333,37
28,ALZIRA,10,2024,Basket Connect 4,288,67
29,ULRICA,10,2024,Basket Connect 4,372,18
30,BARDOLFO,10,2024,Basket Connect 4,290,65
31,ODABELLA,10,2024,Basket Connect 4,295,61
32,ATTILA,10,2024,Basket Connect 4,277,77
33,GERMONT,6,2024,Basket Connect 4,352,27
34,GASTONE,6,2024,Basket Connect 4,355,25
35,DESDEMONA,6,2024,Basket Connect 4,310,50
36,EMILIA,6,2024,Basket Connect 4,251,90
37,RENATO,6,2024,Basket Connect 4,278,76
38,RAFFAELE,6,2024,Basket Connect 4,236,94
39,ATALIBA,6,2024,Basket Connect 4,261,84
40,FILIPPO II,6,2024,Basket Connect 4,353,26
41,LUISA MILLER,6,2024,Basket Connect 4,296,58
42,MANRICO,6,2024,Basket Connect 4,253,88
43,DON RICCARDO,6,2024,Basket Connect 4,299,56
44,RODRIGO,6,2024,Basket Connect 4,319,42
45,ARRIGO,6,2024,Basket Connect 4,300,54
46,ROLANDO,6,2024,Basket Connect 4,316,44
47,FALSTAFF,6,2024,Basket Connect 4,316,45
48,AMNERIS,6,2024,Basket Connect 4,294,62
49,ALICE,6,2024,Basket Connect 4,358,24
50,WURM,6,2024,Basket Connect 4,294,63
51,CONTE DI WALTER,6,2024,Basket Connect 4,344,28
52,GUSMANO,6,2024,Basket Connect 4,284,68
53,STANKAR,6,2024,Basket Connect 4,317,43
54,FORESTO,6,2024,Basket Connect 4,271,81
55,VIOLETTA,6,2024,Basket Connect 4,335,34
56,ABIGAILLE,6,2024,Basket Connect 4,428,6
57,RE CARLO,6,2024,Basket Connect 4,278,75
58,MARCOVALDO,6,2024,Basket Connect 4,450,3
59,BRIANO,6,2024,Basket Connect 4,222,96
60,SELIMO,6,2024,Basket Connect 4,276,78
61,CONTE DI LUNA,6,2024,Basket Connect 4,390,15
62,GODVINO,6,2024,Basket Connect 4,295,59
63,BANCO,6,2024,Basket Connect 4,246,92
64,ULDINO,6,2024,Basket Connect 4,338,33
65,RODOLFO,6,2024,Basket Connect 4,289,66
66,CONTE DI VAUDEMONT,6,2024,Basket Connect 4,431,5
67,OTELLO,6,2024,Basket Connect 4,426,7
68,ABDALLO,6,2024,Basket Connect 4,273,79
69,GUY DE MONTFORT,6,2024,Basket Connect 4,340,32
70,FLORA,6,2024,Basket Connect 4,234,95
71,FEDERICA,6,2024,Basket Connect 4,268,83
72,NABUCODONOSOR,6,2024,Basket Connect 4,329,38
73,SEID,6,2024,Basket Connect 4,279,74
74,AIDA,6,2024,Basket Connect 4,307,52
75,TEBALDO,6,2024,Basket Connect 4,260,85
76,RIGOLETTO,6,2024,Basket Connect 4,295,60
77,AMONASRO,6,2024,Basket Connect 4,239,93
78,AMELIA,6,2024,Basket Connect 4,321,39
79,RUY GOMEZ,6,2024,Basket Connect 4,249,91
80,MINA,6,2024,Basket Connect 4,342,30
81,CORRADO,6,2024,Basket Connect 4,362,22
82,GULNARA,6,2024,Basket Connect 4,344,29
83,RADAMÈS,6,2024,Basket Connect 4,282,69
84,AROLDO,6,2024,Basket Connect 4,292,64
85,ZACCARIA,6,2024,Basket Connect 4,391,14
86,EGBERTO,6,2024,Basket Connect 4,320,41
87,SPARAFUCILE,6,2024,Basket Connect 4,418,9
88,DUCA DI MANTOVA,6,2024,Basket Connect 4,297,57
89,BORSA,6,2024,Basket Connect 4,300,55
90,ALFREDO,6,2024,Basket Connect 4,500,1
91,FORD,6,2024,Basket Connect 4,362,21
92,LEONORA,6,2024,Basket Connect 4,314,46
93,LIDA,6,2024,Basket Connect 4,321,40
94,ISMAELE,6,2024,Basket Connect 4,268,82
95,ZAMORO,6,2024,Basket Connect 4,409,11
96,ELISABETTA DI VALOIS,6,2024,Basket Connect 4,311,49
1,EZIO,30,2024,Biglie,434,4
2,CONTE DI VAUDEMONT,25,2024,Biglie,431,5
3,DUNCANO,21,2024,Biglie,399,12
4,ELISABETTA DI VALOIS,19,2024,Biglie,311,49
5,ARVINO,18,2024,Biglie,419,8
6,ATTILA,17,2024,Biglie,277,77
7,ZACCARIA,16,2024,Biglie,391,14
8,PAGANO,15,2024,Biglie,396,13
9,SELIMO,14,2024,Biglie,276,78
10,AMELIA,13,2024,Biglie,321,39
11,DUCA DI MANTOVA,12,2024,Biglie,297,57
12,LINA,11,2024,Biglie,370,19
13,GISELDA,10,2024,Biglie,413,10
14,RODOLFO,10,2024,Biglie,289,66
15,OTELLO,10,2024,Biglie,426,7
16,STIFFELIO,10,2024,Biglie,312,48
17,GULNARA,10,2024,Biglie,344,29
18,MACBETH,10,2024,Biglie,366,20
19,ZAMORO,10,2024,Biglie,409,11
20,GERMONT,9,2024,Biglie,352,27
21,RODRIGO,9,2024,Biglie,319,42
22,FALSTAFF,9,2024,Biglie,316,45
23,IAGO,9,2024,Biglie,483,2
24,CONTE DI LUNA,9,2024,Biglie,390,15
25,MINA,9,2024,Biglie,342,30
26,SPARAFUCILE,9,2024,Biglie,418,9
27,ISMAELE,9,2024,Biglie,268,82
28,AMNERIS,8,2024,Biglie,294,62
29,WURM,8,2024,Biglie,294,63
30,CASSIO,8,2024,Biglie,379,16
31,GUY DE MONTFORT,8,2024,Biglie,340,32
32,NINETTA,8,2024,Biglie,252,89
33,RUY GOMEZ,8,2024,Biglie,249,91
34,IMELDA,8,2024,Biglie,281,70
35,ODABELLA,8,2024,Biglie,295,61
36,GASTONE,7,2024,Biglie,355,25
37,DESDEMONA,7,2024,Biglie,310,50
38,RENATO,7,2024,Biglie,278,76
39,RAFFAELE,7,2024,Biglie,236,94
40,FILIPPO II,7,2024,Biglie,353,26
41,AZUCENA,7,2024,Biglie,340,31
42,LUISA MILLER,7,2024,Biglie,296,58
43,DON RICCARDO,7,2024,Biglie,299,56
44,ARRIGO,7,2024,Biglie,300,54
45,ROLANDO,7,2024,Biglie,316,44
46,RAMFIS,7,2024,Biglie,379,17
47,ALICE,7,2024,Biglie,358,24
48,CONTE DI WALTER,7,2024,Biglie,344,28
49,BARBAROSSA,7,2024,Biglie,314,47
50,STANKAR,7,2024,Biglie,317,43
51,VIOLETTA,7,2024,Biglie,335,34
52,ABIGAILLE,7,2024,Biglie,428,6
53,MARCOVALDO,7,2024,Biglie,450,3
54,GODVINO,7,2024,Biglie,295,59
55,BANCO,7,2024,Biglie,246,92
56,ULDINO,7,2024,Biglie,338,33
57,FEDERICA,7,2024,Biglie,268,83
58,OSCAR,7,2024,Biglie,255,87
59,SEID,7,2024,Biglie,279,74
60,AIDA,7,2024,Biglie,307,52
61,TEBALDO,7,2024,Biglie,260,85
62,MALCOLM,7,2024,Biglie,333,37
63,AMONASRO,7,2024,Biglie,239,93
64,PIRRO,7,2024,Biglie,259,86
65,RADAMÈS,7,2024,Biglie,282,69
66,AROLDO,7,2024,Biglie,292,64
67,DON CARLOS,7,2024,Biglie,359,23
68,BARDOLFO,7,2024,Biglie,290,65
69,ALFREDO,7,2024,Biglie,500,1
70,FORD,7,2024,Biglie,362,21
71,LIDA,7,2024,Biglie,321,40
72,VICLINDA,6,2024,Biglie,280,72
73,FENTON,6,2024,Biglie,281,71
74,EMILIA,6,2024,Biglie,251,90
75,ATALIBA,6,2024,Biglie,261,84
76,MANRICO,6,2024,Biglie,253,88
77,ELENA,6,2024,Biglie,334,36
78,ERNANI,6,2024,Biglie,273,80
79,GUSMANO,6,2024,Biglie,284,68
80,FORESTO,6,2024,Biglie,271,81
81,MACDUFF,6,2024,Biglie,335,35
82,RE CARLO,6,2024,Biglie,278,75
83,BRIANO,6,2024,Biglie,222,96
84,ABDALLO,6,2024,Biglie,273,79
85,FLORA,6,2024,Biglie,234,95
86,NABUCODONOSOR,6,2024,Biglie,329,38
87,GILDA,6,2024,Biglie,303,53
88,RIGOLETTO,6,2024,Biglie,295,60
89,ALZIRA,6,2024,Biglie,288,67
90,CORRADO,6,2024,Biglie,362,22
91,ULRICA,6,2024,Biglie,372,18
92,EGBERTO,6,2024,Biglie,320,41
93,OVANDO,6,2024,Biglie,309,51
94,CONTE RICCARDO,6,2024,Biglie,279,73
95,BORSA,6,2024,Biglie,300,55
96,LEONORA,6,2024,Biglie,314,46
1,ARVINO,30,2024,Bocce,419,8
2,OTELLO,25,2024,Bocce,426,7
3,VIOLETTA,21,2024,Bocce,335,34
4,MINA,18,2024,Bocce,342,30
5,ABIGAILLE,16,2024,Bocce,428,6
6,MARCOVALDO,16,2024,Bocce,450,3
7,ZACCARIA,16,2024,Bocce,391,14
8,DON CARLOS,16,2024,Bocce,359,23
9,FILIPPO II,14,2024,Bocce,353,26
10,WURM,14,2024,Bocce,294,63
11,CONTE DI VAUDEMONT,14,2024,Bocce,431,5
12,AMELIA,14,2024,Bocce,321,39
13,ULRICA,14,2024,Bocce,372,18
14,SPARAFUCILE,14,2024,Bocce,418,9
15,DUCA DI MANTOVA,14,2024,Bocce,297,57
16,ALFREDO,14,2024,Bocce,500,1
17,DESDEMONA,12,2024,Bocce,310,50
18,AZUCENA,12,2024,Bocce,340,31
19,DON RICCARDO,12,2024,Bocce,299,56
20,GISELDA,12,2024,Bocce,413,10
21,RAMFIS,12,2024,Bocce,379,17
22,FALSTAFF,12,2024,Bocce,316,45
23,PAGANO,12,2024,Bocce,396,13
24,IAGO,12,2024,Bocce,483,2
25,RE CARLO,12,2024,Bocce,278,75
26,BRIANO,12,2024,Bocce,222,96
27,SELIMO,12,2024,Bocce,276,78
28,RODOLFO,12,2024,Bocce,289,66
29,SEID,12,2024,Bocce,279,74
30,MALCOLM,12,2024,Bocce,333,37
31,EGBERTO,12,2024,Bocce,320,41
32,ODABELLA,12,2024,Bocce,295,61
33,GERMONT,10,2024,Bocce,352,27
34,ARRIGO,10,2024,Bocce,300,54
35,ROLANDO,10,2024,Bocce,316,44
36,BARBAROSSA,10,2024,Bocce,314,47
37,GUSMANO,10,2024,Bocce,284,68
38,STANKAR,10,2024,Bocce,317,43
39,FORESTO,10,2024,Bocce,271,81
40,CASSIO,10,2024,Bocce,379,16
41,EZIO,10,2024,Bocce,434,4
42,AIDA,10,2024,Bocce,307,52
43,AMONASRO,10,2024,Bocce,239,93
44,CORRADO,10,2024,Bocce,362,22
45,RADAMÈS,10,2024,Bocce,282,69
46,OVANDO,10,2024,Bocce,309,51
47,CONTE RICCARDO,10,2024,Bocce,279,73
48,MACBETH,10,2024,Bocce,366,20
49,GASTONE,8,2024,Bocce,355,25
50,RAFFAELE,8,2024,Bocce,236,94
51,LUISA MILLER,8,2024,Bocce,296,58
52,RODRIGO,8,2024,Bocce,319,42
53,AMNERIS,8,2024,Bocce,294,62
54,ALICE,8,2024,Bocce,358,24
55,ELENA,8,2024,Bocce,334,36
56,ERNANI,8,2024,Bocce,273,80
57,MACDUFF,8,2024,Bocce,335,35
58,GODVINO,8,2024,Bocce,295,59
59,BANCO,8,2024,Bocce,246,92
60,FEDERICA,8,2024,Bocce,268,83
61,OSCAR,8,2024,Bocce,255,87
62,STIFFELIO,8,2024,Bocce,312,48
63,GILDA,8,2024,Bocce,303,53
64,DUNCANO,8,2024,Bocce,399,12
65,RUY GOMEZ,8,2024,Bocce,249,91
66,AROLDO,8,2024,Bocce,292,64
67,BORSA,8,2024,Bocce,300,55
68,BARDOLFO,8,2024,Bocce,290,65
69,FORD,8,2024,Bocce,362,21
70,ATTILA,8,2024,Bocce,277,77
71,ZAMORO,8,2024,Bocce,409,11
72,ELISABETTA DI VALOIS,8,2024,Bocce,311,49
73,VICLINDA,6,2024,Bocce,280,72
74,FENTON,6,2024,Bocce,281,71
75,EMILIA,6,2024,Bocce,251,90
76,RENATO,6,2024,Bocce,278,76
77,ATALIBA,6,2024,Bocce,261,84
78,MANRICO,6,2024,Bocce,253,88
79,CONTE DI WALTER,6,2024,Bocce,344,28
80,CONTE DI LUNA,6,2024,Bocce,390,15
81,ULDINO,6,2024,Bocce,338,33
82,LINA,6,2024,Bocce,370,19
83,ABDALLO,6,2024,Bocce,273,79
84,GUY DE MONTFORT,6,2024,Bocce,340,32
85,FLORA,6,2024,Bocce,234,95
86,NABUCODONOSOR,6,2024,Bocce,329,38
87,TEBALDO,6,2024,Bocce,260,85
88,RIGOLETTO,6,2024,Bocce,295,60
89,PIRRO,6,2024,Bocce,259,86
90,ALZIRA,6,2024,Bocce,288,67
91,NINETTA,6,2024,Bocce,252,89
92,GULNARA,6,2024,Bocce,344,29
93,IMELDA,6,2024,Bocce,281,70
94,LEONORA,6,2024,Bocce,314,46
95,LIDA,6,2024,Bocce,321,40
96,ISMAELE,6,2024,Bocce,268,82
1,ULRICA,30,2024,Calciobalilla,372,18
2,IAGO,25,2024,Calciobalilla,483,2
3,ALZIRA,21,2024,Calciobalilla,288,67
4,CORRADO,18,2024,Calciobalilla,362,22
5,RAFFAELE,16,2024,Calciobalilla,236,94
6,OTELLO,16,2024,Calciobalilla,426,7
7,GILDA,16,2024,Calciobalilla,303,53
8,ALFREDO,16,2024,Calciobalilla,500,1
9,GERMONT,14,2024,Calciobalilla,352,27
10,FILIPPO II,14,2024,Calciobalilla,353,26
11,GISELDA,14,2024,Calciobalilla,413,10
12,ABIGAILLE,14,2024,Calciobalilla,428,6
13,MARCOVALDO,14,2024,Calciobalilla,450,3
14,GUY DE MONTFORT,14,2024,Calciobalilla,340,32
15,ZACCARIA,14,2024,Calciobalilla,391,14
16,LEONORA,14,2024,Calciobalilla,314,46
17,VICLINDA,12,2024,Calciobalilla,280,72
18,DESDEMONA,12,2024,Calciobalilla,310,50
19,RODRIGO,12,2024,Calciobalilla,319,42
20,RAMFIS,12,2024,Calciobalilla,379,17
21,CONTE DI WALTER,12,2024,Calciobalilla,344,28
22,BARBAROSSA,12,2024,Calciobalilla,314,47
23,BANCO,12,2024,Calciobalilla,246,92
24,RODOLFO,12,2024,Calciobalilla,289,66
25,CONTE DI VAUDEMONT,12,2024,Calciobalilla,431,5
26,SEID,12,2024,Calciobalilla,279,74
27,RIGOLETTO,12,2024,Calciobalilla,295,60
28,AMONASRO,12,2024,Calciobalilla,239,93
29,AROLDO,12,2024,Calciobalilla,292,64
30,CONTE RICCARDO,12,2024,Calciobalilla,279,73
31,ODABELLA,12,2024,Calciobalilla,295,61
32,ATTILA,12,2024,Calciobalilla,277,77
33,RENATO,10,2024,Calciobalilla,278,76
34,ATALIBA,10,2024,Calciobalilla,261,84
35,PAGANO,10,2024,Calciobalilla,396,13
36,ALICE,10,2024,Calciobalilla,358,24
37,MACDUFF,10,2024,Calciobalilla,335,35
38,CASSIO,10,2024,Calciobalilla,379,16
39,FLORA,10,2024,Calciobalilla,234,95
40,FEDERICA,10,2024,Calciobalilla,268,83
41,ARVINO,10,2024,Calciobalilla,419,8
42,MALCOLM,10,2024,Calciobalilla,333,37
43,RUY GOMEZ,10,2024,Calciobalilla,249,91
44,MINA,10,2024,Calciobalilla,342,30
45,BORSA,10,2024,Calciobalilla,300,55
46,FORD,10,2024,Calciobalilla,362,21
47,MACBETH,10,2024,Calciobalilla,366,20
48,ZAMORO,10,2024,Calciobalilla,409,11
49,FENTON,8,2024,Calciobalilla,281,71
50,AZUCENA,8,2024,Calciobalilla,340,31
51,LUISA MILLER,8,2024,Calciobalilla,296,58
52,MANRICO,8,2024,Calciobalilla,253,88
53,DON RICCARDO,8,2024,Calciobalilla,299,56
54,AMNERIS,8,2024,Calciobalilla,294,62
55,FORESTO,8,2024,Calciobalilla,271,81
56,VIOLETTA,8,2024,Calciobalilla,335,34
57,RE CARLO,8,2024,Calciobalilla,278,75
58,SELIMO,8,2024,Calciobalilla,276,78
59,CONTE DI LUNA,8,2024,Calciobalilla,390,15
60,LINA,8,2024,Calciobalilla,370,19
61,ABDALLO,8,2024,Calciobalilla,273,79
62,OSCAR,8,2024,Calciobalilla,255,87
63,TEBALDO,8,2024,Calciobalilla,260,85
64,DUNCANO,8,2024,Calciobalilla,399,12
65,PIRRO,8,2024,Calciobalilla,259,86
66,NINETTA,8,2024,Calciobalilla,252,89
67,EGBERTO,8,2024,Calciobalilla,320,41
68,OVANDO,8,2024,Calciobalilla,309,51
69,DUCA DI MANTOVA,8,2024,Calciobalilla,297,57
70,IMELDA,8,2024,Calciobalilla,281,70
71,DON CARLOS,8,2024,Calciobalilla,359,23
72,LIDA,8,2024,Calciobalilla,321,40
73,GASTONE,6,2024,Calciobalilla,355,25
74,EMILIA,6,2024,Calciobalilla,251,90
75,ARRIGO,6,2024,Calciobalilla,300,54
76,ROLANDO,6,2024,Calciobalilla,316,44
77,FALSTAFF,6,2024,Calciobalilla,316,45
78,WURM,6,2024,Calciobalilla,294,63
79,ELENA,6,2024,Calciobalilla,334,36
80,ERNANI,6,2024,Calciobalilla,273,80
81,GUSMANO,6,2024,Calciobalilla,284,68
82,STANKAR,6,2024,Calciobalilla,317,43
83,BRIANO,6,2024,Calciobalilla,222,96
84,GODVINO,6,2024,Calciobalilla,295,59
85,ULDINO,6,2024,Calciobalilla,338,33
86,EZIO,6,2024,Calciobalilla,434,4
87,STIFFELIO,6,2024,Calciobalilla,312,48
88,NABUCODONOSOR,6,2024,Calciobalilla,329,38
89,AIDA,6,2024,Calciobalilla,307,52
90,AMELIA,6,2024,Calciobalilla,321,39
91,GULNARA,6,2024,Calciobalilla,344,29
92,RADAMÈS,6,2024,Calciobalilla,282,69
93,SPARAFUCILE,6,2024,Calciobalilla,418,9
94,BARDOLFO,6,2024,Calciobalilla,290,65
95,ISMAELE,6,2024,Calciobalilla,268,82
96,ELISABETTA DI VALOIS,6,2024,Calciobalilla,311,49
1,MARCOVALDO,30,2024,Canotto Race,450,3
2,ALFREDO,25,2024,Canotto Race,500,1
3,ABIGAILLE,21,2024,Canotto Race,428,6
4,MACBETH,18,2024,Canotto Race,366,20
5,RAMFIS,16,2024,Canotto Race,379,17
6,EZIO,16,2024,Canotto Race,434,4
7,GULNARA,16,2024,Canotto Race,344,29
8,LIDA,16,2024,Canotto Race,321,40
9,GERMONT,14,2024,Canotto Race,352,27
10,DESDEMONA,14,2024,Canotto Race,310,50
11,FENTON,14,2024,Canotto Race,281,71
12,ARRIGO,14,2024,Canotto Race,300,54
13,GISELDA,14,2024,Canotto Race,413,10
14,RE CARLO,14,2024,Canotto Race,278,75
15,STIFFELIO,14,2024,Canotto Race,312,48
16,OVANDO,14,2024,Canotto Race,309,51
17,PAGANO,10,2024,Canotto Race,396,13
18,IAGO,10,2024,Canotto Race,483,2
19,WURM,10,2024,Canotto Race,294,63
20,ELENA,10,2024,Canotto Race,334,36
21,CONTE DI WALTER,10,2024,Canotto Race,344,28
22,STANKAR,10,2024,Canotto Race,317,43
23,CONTE DI LUNA,10,2024,Canotto Race,390,15
24,BANCO,10,2024,Canotto Race,246,92
25,OTELLO,10,2024,Canotto Race,426,7
26,LINA,10,2024,Canotto Race,370,19
27,ARVINO,10,2024,Canotto Race,419,8
28,DUNCANO,10,2024,Canotto Race,399,12
29,AMELIA,10,2024,Canotto Race,321,39
30,MINA,10,2024,Canotto Race,342,30
31,IMELDA,10,2024,Canotto Race,281,70
32,ZAMORO,10,2024,Canotto Race,409,11
33,VICLINDA,6,2024,Canotto Race,280,72
34,GASTONE,6,2024,Canotto Race,355,25
35,EMILIA,6,2024,Canotto Race,251,90
36,RENATO,6,2024,Canotto Race,278,76
37,RAFFAELE,6,2024,Canotto Race,236,94
38,ATALIBA,6,2024,Canotto Race,261,84
39,FILIPPO II,6,2024,Canotto Race,353,26
40,AZUCENA,6,2024,Canotto Race,340,31
41,LUISA MILLER,6,2024,Canotto Race,296,58
42,MANRICO,6,2024,Canotto Race,253,88
43,DON RICCARDO,6,2024,Canotto Race,299,56
44,RODRIGO,6,2024,Canotto Race,319,42
45,ROLANDO,6,2024,Canotto Race,316,44
46,FALSTAFF,6,2024,Canotto Race,316,45
47,AMNERIS,6,2024,Canotto Race,294,62
48,ALICE,6,2024,Canotto Race,358,24
49,ERNANI,6,2024,Canotto Race,273,80
50,BARBAROSSA,6,2024,Canotto Race,314,47
51,GUSMANO,6,2024,Canotto Race,284,68
52,FORESTO,6,2024,Canotto Race,271,81
53,VIOLETTA,6,2024,Canotto Race,335,34
54,MACDUFF,6,2024,Canotto Race,335,35
55,CASSIO,6,2024,Canotto Race,379,16
56,BRIANO,6,2024,Canotto Race,222,96
57,SELIMO,6,2024,Canotto Race,276,78
58,GODVINO,6,2024,Canotto Race,295,59
59,ULDINO,6,2024,Canotto Race,338,33
60,RODOLFO,6,2024,Canotto Race,289,66
61,CONTE DI VAUDEMONT,6,2024,Canotto Race,431,5
62,ABDALLO,6,2024,Canotto Race,273,79
63,GUY DE MONTFORT,6,2024,Canotto Race,340,32
64,FLORA,6,2024,Canotto Race,234,95
65,FEDERICA,6,2024,Canotto Race,268,83
66,OSCAR,6,2024,Canotto Race,255,87
67,NABUCODONOSOR,6,2024,Canotto Race,329,38
68,SEID,6,2024,Canotto Race,279,74
69,GILDA,6,2024,Canotto Race,303,53
70,AIDA,6,2024,Canotto Race,307,52
71,TEBALDO,6,2024,Canotto Race,260,85
72,MALCOLM,6,2024,Canotto Race,333,37
73,RIGOLETTO,6,2024,Canotto Race,295,60
74,AMONASRO,6,2024,Canotto Race,239,93
75,PIRRO,6,2024,Canotto Race,259,86
76,ALZIRA,6,2024,Canotto Race,288,67
77,NINETTA,6,2024,Canotto Race,252,89
78,RUY GOMEZ,6,2024,Canotto Race,249,91
79,CORRADO,6,2024,Canotto Race,362,22
80,RADAMÈS,6,2024,Canotto Race,282,69
81,ULRICA,6,2024,Canotto Race,372,18
82,AROLDO,6,2024,Canotto Race,292,64
83,ZACCARIA,6,2024,Canotto Race,391,14
84,EGBERTO,6,2024,Canotto Race,320,41
85,SPARAFUCILE,6,2024,Canotto Race,418,9
86,DUCA DI MANTOVA,6,2024,Canotto Race,297,57
87,CONTE RICCARDO,6,2024,Canotto Race,279,73
88,BORSA,6,2024,Canotto Race,300,55
89,DON CARLOS,6,2024,Canotto Race,359,23
90,BARDOLFO,6,2024,Canotto Race,290,65
91,FORD,6,2024,Canotto Race,362,21
92,LEONORA,6,2024,Canotto Race,314,46
93,ODABELLA,6,2024,Canotto Race,295,61
94,ATTILA,6,2024,Canotto Race,277,77
95,ISMAELE,6,2024,Canotto Race,268,82
96,ELISABETTA DI VALOIS,6,2024,Canotto Race,311,49
1,ARRIGO,30,2024,Cars Race,300,54
2,MALCOLM,25,2024,Cars Race,333,37
3,LUISA MILLER,21,2024,Cars Race,296,58
4,ABIGAILLE,18,2024,Cars Race,428,6
5,IAGO,16,2024,Cars Race,483,2
6,OVANDO,14,2024,Cars Race,309,51
7,MARCOVALDO,13,2024,Cars Race,450,3
8,GILDA,13,2024,Cars Race,303,53
9,CORRADO,13,2024,Cars Race,362,22
10,FORD,13,2024,Cars Race,362,21
11,ODABELLA,13,2024,Cars Race,295,61
12,ZAMORO,13,2024,Cars Race,409,11
13,CONTE DI LUNA,12,2024,Cars Race,390,15
14,CONTE DI VAUDEMONT,12,2024,Cars Race,431,5
15,DUNCANO,12,2024,Cars Race,399,12
16,ALZIRA,12,2024,Cars Race,288,67
17,RADAMÈS,12,2024,Cars Race,282,69
18,ZACCARIA,12,2024,Cars Race,391,14
19,FENTON,11,2024,Cars Race,281,71
20,ULDINO,11,2024,Cars Race,338,33
21,GUY DE MONTFORT,11,2024,Cars Race,340,32
22,TEBALDO,11,2024,Cars Race,260,85
23,MINA,11,2024,Cars Race,342,30
24,DON CARLOS,11,2024,Cars Race,359,23
25,DESDEMONA,10,2024,Cars Race,310,50
26,ATALIBA,10,2024,Cars Race,261,84
27,AZUCENA,10,2024,Cars Race,340,31
28,DON RICCARDO,10,2024,Cars Race,299,56
29,RAMFIS,10,2024,Cars Race,379,17
30,AMNERIS,10,2024,Cars Race,294,62
31,PAGANO,10,2024,Cars Race,396,13
32,ALICE,10,2024,Cars Race,358,24
33,CONTE DI WALTER,10,2024,Cars Race,344,28
34,GUSMANO,10,2024,Cars Race,284,68
35,MACDUFF,10,2024,Cars Race,335,35
36,RE CARLO,10,2024,Cars Race,278,75
37,RODOLFO,10,2024,Cars Race,289,66
38,OTELLO,10,2024,Cars Race,426,7
39,LINA,10,2024,Cars Race,370,19
40,FLORA,10,2024,Cars Race,234,95
41,FEDERICA,10,2024,Cars Race,268,83
42,NABUCODONOSOR,10,2024,Cars Race,329,38
43,AIDA,10,2024,Cars Race,307,52
44,RIGOLETTO,10,2024,Cars Race,295,60
45,CONTE RICCARDO,10,2024,Cars Race,279,73
46,BARDOLFO,10,2024,Cars Race,290,65
47,ALFREDO,10,2024,Cars Race,500,1
48,ELISABETTA DI VALOIS,10,2024,Cars Race,311,49
49,GERMONT,8,2024,Cars Race,352,27
50,GASTONE,8,2024,Cars Race,355,25
51,FILIPPO II,8,2024,Cars Race,353,26
52,MANRICO,8,2024,Cars Race,253,88
53,RODRIGO,8,2024,Cars Race,319,42
54,ROLANDO,8,2024,Cars Race,316,44
55,FALSTAFF,8,2024,Cars Race,316,45
56,ERNANI,8,2024,Cars Race,273,80
57,BARBAROSSA,8,2024,Cars Race,314,47
58,STANKAR,8,2024,Cars Race,317,43
59,VIOLETTA,8,2024,Cars Race,335,34
60,CASSIO,8,2024,Cars Race,379,16
61,GODVINO,8,2024,Cars Race,295,59
62,ABDALLO,8,2024,Cars Race,273,79
63,OSCAR,8,2024,Cars Race,255,87
64,AMONASRO,8,2024,Cars Race,239,93
65,PIRRO,8,2024,Cars Race,259,86
66,GULNARA,8,2024,Cars Race,344,29
67,ULRICA,8,2024,Cars Race,372,18
68,SPARAFUCILE,8,2024,Cars Race,418,9
69,BORSA,8,2024,Cars Race,300,55
70,IMELDA,8,2024,Cars Race,281,70
71,LEONORA,8,2024,Cars Race,314,46
72,ATTILA,8,2024,Cars Race,277,77
73,VICLINDA,6,2024,Cars Race,280,72
74,EMILIA,6,2024,Cars Race,251,90
75,RENATO,6,2024,Cars Race,278,76
76,RAFFAELE,6,2024,Cars Race,236,94
77,GISELDA,6,2024,Cars Race,413,10
78,WURM,6,2024,Cars Race,294,63
79,ELENA,6,2024,Cars Race,334,36
80,FORESTO,6,2024,Cars Race,271,81
81,BRIANO,6,2024,Cars Race,222,96
82,SELIMO,6,2024,Cars Race,276,78
83,BANCO,6,2024,Cars Race,246,92
84,EZIO,6,2024,Cars Race,434,4
85,STIFFELIO,6,2024,Cars Race,312,48
86,SEID,6,2024,Cars Race,279,74
87,ARVINO,6,2024,Cars Race,419,8
88,AMELIA,6,2024,Cars Race,321,39
89,NINETTA,6,2024,Cars Race,252,89
90,RUY GOMEZ,6,2024,Cars Race,249,91
91,AROLDO,6,2024,Cars Race,292,64
92,EGBERTO,6,2024,Cars Race,320,41
93,DUCA DI MANTOVA,6,2024,Cars Race,297,57
94,MACBETH,6,2024,Cars Race,366,20
95,LIDA,6,2024,Cars Race,321,40
96,ISMAELE,6,2024,Cars Race,268,82
1,ALFREDO,30,2024,Disc Golf,500,1
2,CONTE DI LUNA,25,2024,Disc Golf,390,15
3,ELENA,21,2024,Disc Golf,334,36
4,GULNARA,18,2024,Disc Golf,344,29
5,LUISA MILLER,17,2024,Disc Golf,296,58
6,GISELDA,17,2024,Disc Golf,413,10
7,EZIO,17,2024,Disc Golf,434,4
8,GUY DE MONTFORT,17,2024,Disc Golf,340,32
9,SEID,17,2024,Disc Golf,279,74
10,AZUCENA,16,2024,Disc Golf,340,31
11,IAGO,16,2024,Disc Golf,483,2
12,ABIGAILLE,16,2024,Disc Golf,428,6
13,CASSIO,16,2024,Disc Golf,379,16
14,DON CARLOS,16,2024,Disc Golf,359,23
15,GASTONE,15,2024,Disc Golf,355,25
16,MARCOVALDO,15,2024,Disc Golf,450,3
17,NINETTA,15,2024,Disc Golf,252,89
18,CORRADO,15,2024,Disc Golf,362,22
19,FORD,15,2024,Disc Golf,362,21
20,ALICE,14,2024,Disc Golf,358,24
21,VIOLETTA,14,2024,Disc Golf,335,34
22,OTELLO,14,2024,Disc Golf,426,7
23,MALCOLM,14,2024,Disc Golf,333,37
24,DUNCANO,14,2024,Disc Golf,399,12
25,ZACCARIA,14,2024,Disc Golf,391,14
26,FENTON,13,2024,Disc Golf,281,71
27,FILIPPO II,13,2024,Disc Golf,353,26
28,AMNERIS,13,2024,Disc Golf,294,62
29,LINA,13,2024,Disc Golf,370,19
30,NABUCODONOSOR,13,2024,Disc Golf,329,38
31,AIDA,13,2024,Disc Golf,307,52
32,PAGANO,12,2024,Disc Golf,396,13
33,FORESTO,12,2024,Disc Golf,271,81
34,RODOLFO,12,2024,Disc Golf,289,66
35,CONTE DI VAUDEMONT,12,2024,Disc Golf,431,5
36,ARVINO,12,2024,Disc Golf,419,8
37,RIGOLETTO,12,2024,Disc Golf,295,60
38,PIRRO,12,2024,Disc Golf,259,86
39,ODABELLA,12,2024,Disc Golf,295,61
40,DESDEMONA,11,2024,Disc Golf,310,50
41,CONTE DI WALTER,11,2024,Disc Golf,344,28
42,ERNANI,11,2024,Disc Golf,273,80
43,STANKAR,11,2024,Disc Golf,317,43
44,SELIMO,11,2024,Disc Golf,276,78
45,GODVINO,11,2024,Disc Golf,295,59
46,ULDINO,11,2024,Disc Golf,338,33
47,MINA,11,2024,Disc Golf,342,30
48,ULRICA,11,2024,Disc Golf,372,18
49,SPARAFUCILE,11,2024,Disc Golf,418,9
50,ZAMORO,11,2024,Disc Golf,409,11
51,RENATO,10,2024,Disc Golf,278,76
52,RAMFIS,10,2024,Disc Golf,379,17
53,MACDUFF,10,2024,Disc Golf,335,35
54,OSCAR,10,2024,Disc Golf,255,87
55,STIFFELIO,10,2024,Disc Golf,312,48
56,GILDA,10,2024,Disc Golf,303,53
57,TEBALDO,10,2024,Disc Golf,260,85
58,RADAMÈS,10,2024,Disc Golf,282,69
59,EGBERTO,10,2024,Disc Golf,320,41
60,LEONORA,10,2024,Disc Golf,314,46
61,GERMONT,9,2024,Disc Golf,352,27
62,RAFFAELE,9,2024,Disc Golf,236,94
63,RODRIGO,9,2024,Disc Golf,319,42
64,ROLANDO,9,2024,Disc Golf,316,44
65,BARBAROSSA,9,2024,Disc Golf,314,47
66,ABDALLO,9,2024,Disc Golf,273,79
67,EMILIA,8,2024,Disc Golf,251,90
68,DON RICCARDO,8,2024,Disc Golf,299,56
69,ARRIGO,8,2024,Disc Golf,300,54
70,WURM,8,2024,Disc Golf,294,63
71,GUSMANO,8,2024,Disc Golf,284,68
72,BANCO,8,2024,Disc Golf,246,92
73,AMONASRO,8,2024,Disc Golf,239,93
74,AMELIA,8,2024,Disc Golf,321,39
75,DUCA DI MANTOVA,8,2024,Disc Golf,297,57
76,CONTE RICCARDO,8,2024,Disc Golf,279,73
77,ATTILA,8,2024,Disc Golf,277,77
78,ELISABETTA DI VALOIS,8,2024,Disc Golf,311,49
79,VICLINDA,7,2024,Disc Golf,280,72
80,MANRICO,7,2024,Disc Golf,253,88
81,RE CARLO,7,2024,Disc Golf,278,75
82,FLORA,7,2024,Disc Golf,234,95
83,FEDERICA,7,2024,Disc Golf,268,83
84,ALZIRA,7,2024,Disc Golf,288,67
85,AROLDO,7,2024,Disc Golf,292,64
86,OVANDO,7,2024,Disc Golf,309,51
87,BORSA,7,2024,Disc Golf,300,55
88,BARDOLFO,7,2024,Disc Golf,290,65
89,ATALIBA,6,2024,Disc Golf,261,84
90,FALSTAFF,6,2024,Disc Golf,316,45
91,BRIANO,6,2024,Disc Golf,222,96
92,RUY GOMEZ,6,2024,Disc Golf,249,91
93,IMELDA,6,2024,Disc Golf,281,70
94,MACBETH,6,2024,Disc Golf,366,20
95,LIDA,6,2024,Disc Golf,321,40
96,ISMAELE,6,2024,Disc Golf,268,82
1,IAGO,30,2024,Dodgeball,483,2
2,EZIO,25,2024,Dodgeball,434,4
3,CONTE DI LUNA,21,2024,Dodgeball,390,15
4,SPARAFUCILE,18,2024,Dodgeball,418,9
5,AZUCENA,16,2024,Dodgeball,340,31
6,RODRIGO,16,2024,Dodgeball,319,42
7,ALFREDO,16,2024,Dodgeball,500,1
8,LIDA,16,2024,Dodgeball,321,40
9,FORESTO,14,2024,Dodgeball,271,81
10,CASSIO,14,2024,Dodgeball,379,16
11,MARCOVALDO,14,2024,Dodgeball,450,3
12,BANCO,14,2024,Dodgeball,246,92
13,CONTE DI VAUDEMONT,14,2024,Dodgeball,431,5
14,NABUCODONOSOR,14,2024,Dodgeball,329,38
15,NINETTA,14,2024,Dodgeball,252,89
16,ISMAELE,14,2024,Dodgeball,268,82
17,DESDEMONA,12,2024,Dodgeball,310,50
18,EMILIA,12,2024,Dodgeball,251,90
19,DON RICCARDO,12,2024,Dodgeball,299,56
20,ROLANDO,12,2024,Dodgeball,316,44
21,GISELDA,12,2024,Dodgeball,413,10
22,ELENA,12,2024,Dodgeball,334,36
23,RE CARLO,12,2024,Dodgeball,278,75
24,OTELLO,12,2024,Dodgeball,426,7
25,ABDALLO,12,2024,Dodgeball,273,79
26,ARVINO,12,2024,Dodgeball,419,8
27,PIRRO,12,2024,Dodgeball,259,86
28,MINA,12,2024,Dodgeball,342,30
29,ULRICA,12,2024,Dodgeball,372,18
30,BORSA,12,2024,Dodgeball,300,55
31,MACBETH,12,2024,Dodgeball,366,20
32,ODABELLA,12,2024,Dodgeball,295,61
33,ARRIGO,10,2024,Dodgeball,300,54
34,RAMFIS,10,2024,Dodgeball,379,17
35,PAGANO,10,2024,Dodgeball,396,13
36,ALICE,10,2024,Dodgeball,358,24
37,WURM,10,2024,Dodgeball,294,63
38,MACDUFF,10,2024,Dodgeball,335,35
39,SELIMO,10,2024,Dodgeball,276,78
40,FLORA,10,2024,Dodgeball,234,95
41,AIDA,10,2024,Dodgeball,307,52
42,MALCOLM,10,2024,Dodgeball,333,37
43,CORRADO,10,2024,Dodgeball,362,22
44,GULNARA,10,2024,Dodgeball,344,29
45,RADAMÈS,10,2024,Dodgeball,282,69
46,AROLDO,10,2024,Dodgeball,292,64
47,OVANDO,10,2024,Dodgeball,309,51
48,BARDOLFO,10,2024,Dodgeball,290,65
49,GERMONT,8,2024,Dodgeball,352,27
50,VICLINDA,8,2024,Dodgeball,280,72
51,MANRICO,8,2024,Dodgeball,253,88
52,FALSTAFF,8,2024,Dodgeball,316,45
53,AMNERIS,8,2024,Dodgeball,294,62
54,CONTE DI WALTER,8,2024,Dodgeball,344,28
55,GUSMANO,8,2024,Dodgeball,284,68
56,STANKAR,8,2024,Dodgeball,317,43
57,VIOLETTA,8,2024,Dodgeball,335,34
58,ABIGAILLE,8,2024,Dodgeball,428,6
59,LINA,8,2024,Dodgeball,370,19
60,GUY DE MONTFORT,8,2024,Dodgeball,340,32
61,OSCAR,8,2024,Dodgeball,255,87
62,SEID,8,2024,Dodgeball,279,74
63,GILDA,8,2024,Dodgeball,303,53
64,AMONASRO,8,2024,Dodgeball,239,93
65,RUY GOMEZ,8,2024,Dodgeball,249,91
66,ZACCARIA,8,2024,Dodgeball,391,14
67,EGBERTO,8,2024,Dodgeball,320,41
68,DUCA DI MANTOVA,8,2024,Dodgeball,297,57
69,IMELDA,8,2024,Dodgeball,281,70
70,DON CARLOS,8,2024,Dodgeball,359,23
71,FORD,8,2024,Dodgeball,362,21
72,ZAMORO,8,2024,Dodgeball,409,11
73,GASTONE,6,2024,Dodgeball,355,25
74,FENTON,6,2024,Dodgeball,281,71
75,RENATO,6,2024,Dodgeball,278,76
76,RAFFAELE,6,2024,Dodgeball,236,94
77,ATALIBA,6,2024,Dodgeball,261,84
78,FILIPPO II,6,2024,Dodgeball,353,26
79,LUISA MILLER,6,2024,Dodgeball,296,58
80,ERNANI,6,2024,Dodgeball,273,80
81,BARBAROSSA,6,2024,Dodgeball,314,47
82,BRIANO,6,2024,Dodgeball,222,96
83,GODVINO,6,2024,Dodgeball,295,59
84,ULDINO,6,2024,Dodgeball,338,33
85,RODOLFO,6,2024,Dodgeball,289,66
86,FEDERICA,6,2024,Dodgeball,268,83
87,STIFFELIO,6,2024,Dodgeball,312,48
88,TEBALDO,6,2024,Dodgeball,260,85
89,DUNCANO,6,2024,Dodgeball,399,12
90,RIGOLETTO,6,2024,Dodgeball,295,60
91,ALZIRA,6,2024,Dodgeball,288,67
92,AMELIA,6,2024,Dodgeball,321,39
93,CONTE RICCARDO,6,2024,Dodgeball,279,73
94,LEONORA,6,2024,Dodgeball,314,46
95,ATTILA,6,2024,Dodgeball,277,77
96,ELISABETTA DI VALOIS,6,2024,Dodgeball,311,49
1,CONTE DI VAUDEMONT,30,2024,Freccette,431,5
2,ALFREDO,25,2024,Freccette,500,1
3,EGBERTO,21,2024,Freccette,320,41
4,STANKAR,18,2024,Freccette,317,43
5,GERMONT,16,2024,Freccette,352,27
6,GISELDA,16,2024,Freccette,413,10
7,VIOLETTA,16,2024,Freccette,335,34
8,MARCOVALDO,16,2024,Freccette,450,3
9,RENATO,14,2024,Freccette,278,76
10,ARRIGO,14,2024,Freccette,300,54
11,FALSTAFF,14,2024,Freccette,316,45
12,CASSIO,14,2024,Freccette,379,16
13,EZIO,14,2024,Freccette,434,4
14,RIGOLETTO,14,2024,Freccette,295,60
15,ODABELLA,14,2024,Freccette,295,61
16,ATTILA,14,2024,Freccette,277,77
17,FENTON,12,2024,Freccette,281,71
18,RODRIGO,12,2024,Freccette,319,42
19,IAGO,12,2024,Freccette,483,2
20,ALICE,12,2024,Freccette,358,24
21,LINA,12,2024,Freccette,370,19
22,ABDALLO,12,2024,Freccette,273,79
23,STIFFELIO,12,2024,Freccette,312,48
24,SEID,12,2024,Freccette,279,74
25,DUNCANO,12,2024,Freccette,399,12
26,NINETTA,12,2024,Freccette,252,89
27,CORRADO,12,2024,Freccette,362,22
28,ULRICA,12,2024,Freccette,372,18
29,ZACCARIA,12,2024,Freccette,391,14
30,SPARAFUCILE,12,2024,Freccette,418,9
31,BORSA,12,2024,Freccette,300,55
32,LEONORA,12,2024,Freccette,314,46
33,DESDEMONA,10,2024,Freccette,310,50
34,EMILIA,10,2024,Freccette,251,90
35,DON RICCARDO,10,2024,Freccette,299,56
36,ROLANDO,10,2024,Freccette,316,44
37,PAGANO,10,2024,Freccette,396,13
38,BARBAROSSA,10,2024,Freccette,314,47
39,CONTE DI LUNA,10,2024,Freccette,390,15
40,GODVINO,10,2024,Freccette,295,59
41,OTELLO,10,2024,Freccette,426,7
42,GUY DE MONTFORT,10,2024,Freccette,340,32
43,NABUCODONOSOR,10,2024,Freccette,329,38
44,AMONASRO,10,2024,Freccette,239,93
45,ALZIRA,10,2024,Freccette,288,67
46,MINA,10,2024,Freccette,342,30
47,RADAMÈS,10,2024,Freccette,282,69
48,BARDOLFO,10,2024,Freccette,290,65
49,ATALIBA,8,2024,Freccette,261,84
50,FILIPPO II,8,2024,Freccette,353,26
51,LUISA MILLER,8,2024,Freccette,296,58
52,RAMFIS,8,2024,Freccette,379,17
53,WURM,8,2024,Freccette,294,63
54,ELENA,8,2024,Freccette,334,36
55,CONTE DI WALTER,8,2024,Freccette,344,28
56,ERNANI,8,2024,Freccette,273,80
57,FORESTO,8,2024,Freccette,271,81
58,BRIANO,8,2024,Freccette,222,96
59,SELIMO,8,2024,Freccette,276,78
60,BANCO,8,2024,Freccette,246,92
61,FLORA,8,2024,Freccette,234,95
62,ARVINO,8,2024,Freccette,419,8
63,GILDA,8,2024,Freccette,303,53
64,MALCOLM,8,2024,Freccette,333,37
65,RUY GOMEZ,8,2024,Freccette,249,91
66,DUCA DI MANTOVA,8,2024,Freccette,297,57
67,IMELDA,8,2024,Freccette,281,70
68,DON CARLOS,8,2024,Freccette,359,23
69,FORD,8,2024,Freccette,362,21
70,LIDA,8,2024,Freccette,321,40
71,ISMAELE,8,2024,Freccette,268,82
72,ZAMORO,8,2024,Freccette,409,11
73,VICLINDA,6,2024,Freccette,280,72
74,GASTONE,6,2024,Freccette,355,25
75,RAFFAELE,6,2024,Freccette,236,94
76,AZUCENA,6,2024,Freccette,340,31
77,MANRICO,6,2024,Freccette,253,88
78,AMNERIS,6,2024,Freccette,294,62
79,GUSMANO,6,2024,Freccette,284,68
80,MACDUFF,6,2024,Freccette,335,35
81,ABIGAILLE,6,2024,Freccette,428,6
82,RE CARLO,6,2024,Freccette,278,75
83,ULDINO,6,2024,Freccette,338,33
84,RODOLFO,6,2024,Freccette,289,66
85,FEDERICA,6,2024,Freccette,268,83
86,OSCAR,6,2024,Freccette,255,87
87,AIDA,6,2024,Freccette,307,52
88,TEBALDO,6,2024,Freccette,260,85
89,PIRRO,6,2024,Freccette,259,86
90,AMELIA,6,2024,Freccette,321,39
91,GULNARA,6,2024,Freccette,344,29
92,AROLDO,6,2024,Freccette,292,64
93,OVANDO,6,2024,Freccette,309,51
94,CONTE RICCARDO,6,2024,Freccette,279,73
95,MACBETH,6,2024,Freccette,366,20
96,ELISABETTA DI VALOIS,6,2024,Freccette,311,49
1,IAGO,30,2024,Free Climbing,483,2
2,OTELLO,25,2024,Free Climbing,426,7
3,CASSIO,21,2024,Free Climbing,379,16
4,EGBERTO,18,2024,Free Climbing,320,41
5,FENTON,16,2024,Free Climbing,281,71
6,CONTE DI LUNA,16,2024,Free Climbing,390,15
7,ARVINO,16,2024,Free Climbing,419,8
8,ELISABETTA DI VALOIS,16,2024,Free Climbing,311,49
9,GASTONE,14,2024,Free Climbing,355,25
10,RAFFAELE,14,2024,Free Climbing,236,94
11,WURM,14,2024,Free Climbing,294,63
12,ABIGAILLE,14,2024,Free Climbing,428,6
13,GUY DE MONTFORT,14,2024,Free Climbing,340,32
14,AIDA,14,2024,Free Climbing,307,52
15,MALCOLM,14,2024,Free Climbing,333,37
16,ULRICA,14,2024,Free Climbing,372,18
17,EMILIA,12,2024,Free Climbing,251,90
18,DON RICCARDO,12,2024,Free Climbing,299,56
19,RODRIGO,12,2024,Free Climbing,319,42
20,ARRIGO,12,2024,Free Climbing,300,54
21,AMNERIS,12,2024,Free Climbing,294,62
22,PAGANO,12,2024,Free Climbing,396,13
23,ALICE,12,2024,Free Climbing,358,24
24,RE CARLO,12,2024,Free Climbing,278,75
25,MARCOVALDO,12,2024,Free Climbing,450,3
26,STIFFELIO,12,2024,Free Climbing,312,48
27,DUNCANO,12,2024,Free Climbing,399,12
28,ALZIRA,12,2024,Free Climbing,288,67
29,RADAMÈS,12,2024,Free Climbing,282,69
30,ZACCARIA,12,2024,Free Climbing,391,14
31,CONTE RICCARDO,12,2024,Free Climbing,279,73
32,LIDA,12,2024,Free Climbing,321,40
33,AZUCENA,10,2024,Free Climbing,340,31
34,FALSTAFF,10,2024,Free Climbing,316,45
35,CONTE DI WALTER,10,2024,Free Climbing,344,28
36,VIOLETTA,10,2024,Free Climbing,335,34
37,MACDUFF,10,2024,Free Climbing,335,35
38,CONTE DI VAUDEMONT,10,2024,Free Climbing,431,5
39,EZIO,10,2024,Free Climbing,434,4
40,ABDALLO,10,2024,Free Climbing,273,79
41,SEID,10,2024,Free Climbing,279,74
42,TEBALDO,10,2024,Free Climbing,260,85
43,CORRADO,10,2024,Free Climbing,362,22
44,AROLDO,10,2024,Free Climbing,292,64
45,BORSA,10,2024,Free Climbing,300,55
46,DON CARLOS,10,2024,Free Climbing,359,23
47,BARDOLFO,10,2024,Free Climbing,290,65
48,ALFREDO,10,2024,Free Climbing,500,1
49,GERMONT,8,2024,Free Climbing,352,27
50,RENATO,8,2024,Free Climbing,278,76
51,LUISA MILLER,8,2024,Free Climbing,296,58
52,ROLANDO,8,2024,Free Climbing,316,44
53,RAMFIS,8,2024,Free Climbing,379,17
54,ELENA,8,2024,Free Climbing,334,36
55,BARBAROSSA,8,2024,Free Climbing,314,47
56,FORESTO,8,2024,Free Climbing,271,81
57,BRIANO,8,2024,Free Climbing,222,96
58,GODVINO,8,2024,Free Climbing,295,59
59,ULDINO,8,2024,Free Climbing,338,33
60,LINA,8,2024,Free Climbing,370,19
61,OSCAR,8,2024,Free Climbing,255,87
62,RIGOLETTO,8,2024,Free Climbing,295,60
63,AMELIA,8,2024,Free Climbing,321,39
64,GULNARA,8,2024,Free Climbing,344,29
65,OVANDO,8,2024,Free Climbing,309,51
66,DUCA DI MANTOVA,8,2024,Free Climbing,297,57
67,IMELDA,8,2024,Free Climbing,281,70
68,FORD,8,2024,Free Climbing,362,21
69,LEONORA,8,2024,Free Climbing,314,46
70,ODABELLA,8,2024,Free Climbing,295,61
71,ATTILA,8,2024,Free Climbing,277,77
72,ZAMORO,8,2024,Free Climbing,409,11
73,VICLINDA,6,2024,Free Climbing,280,72
74,DESDEMONA,6,2024,Free Climbing,310,50
75,ATALIBA,6,2024,Free Climbing,261,84
76,FILIPPO II,6,2024,Free Climbing,353,26
77,MANRICO,6,2024,Free Climbing,253,88
78,GISELDA,6,2024,Free Climbing,413,10
79,ERNANI,6,2024,Free Climbing,273,80
80,GUSMANO,6,2024,Free Climbing,284,68
81,STANKAR,6,2024,Free Climbing,317,43
82,SELIMO,6,2024,Free Climbing,276,78
83,BANCO,6,2024,Free Climbing,246,92
84,RODOLFO,6,2024,Free Climbing,289,66
85,FLORA,6,2024,Free Climbing,234,95
86,FEDERICA,6,2024,Free Climbing,268,83
87,NABUCODONOSOR,6,2024,Free Climbing,329,38
88,GILDA,6,2024,Free Climbing,303,53
89,AMONASRO,6,2024,Free Climbing,239,93
90,PIRRO,6,2024,Free Climbing,259,86
91,NINETTA,6,2024,Free Climbing,252,89
92,RUY GOMEZ,6,2024,Free Climbing,249,91
93,MINA,6,2024,Free Climbing,342,30
94,SPARAFUCILE,6,2024,Free Climbing,418,9
95,MACBETH,6,2024,Free Climbing,366,20
96,ISMAELE,6,2024,Free Climbing,268,82
1,MARCOVALDO,30,2024,Grazielle,450,3
2,CASSIO,25,2024,Grazielle,379,16
3,GERMONT,21,2024,Grazielle,352,27
4,ARVINO,18,2024,Grazielle,419,8
5,RAMFIS,17,2024,Grazielle,379,17
6,IAGO,17,2024,Grazielle,483,2
7,ABIGAILLE,17,2024,Grazielle,428,6
8,EZIO,17,2024,Grazielle,434,4
9,SPARAFUCILE,17,2024,Grazielle,418,9
10,TEBALDO,16,2024,Grazielle,260,85
11,DUNCANO,16,2024,Grazielle,399,12
12,ALFREDO,16,2024,Grazielle,500,1
13,LIDA,16,2024,Grazielle,321,40
14,ZAMORO,16,2024,Grazielle,409,11
15,DON RICCARDO,15,2024,Grazielle,299,56
16,CONTE DI LUNA,15,2024,Grazielle,390,15
17,OTELLO,15,2024,Grazielle,426,7
18,FORD,15,2024,Grazielle,362,21
19,MACBETH,15,2024,Grazielle,366,20
20,GASTONE,14,2024,Grazielle,355,25
21,DESDEMONA,14,2024,Grazielle,310,50
22,ALICE,14,2024,Grazielle,358,24
23,LINA,14,2024,Grazielle,370,19
24,RIGOLETTO,14,2024,Grazielle,295,60
25,CORRADO,14,2024,Grazielle,362,22
26,VICLINDA,13,2024,Grazielle,280,72
27,STIFFELIO,13,2024,Grazielle,312,48
28,ALZIRA,13,2024,Grazielle,288,67
29,IMELDA,13,2024,Grazielle,281,70
30,DON CARLOS,13,2024,Grazielle,359,23
31,ARRIGO,12,2024,Grazielle,300,54
32,CONTE DI WALTER,12,2024,Grazielle,344,28
33,MACDUFF,12,2024,Grazielle,335,35
34,NABUCODONOSOR,12,2024,Grazielle,329,38
35,AIDA,12,2024,Grazielle,307,52
36,GULNARA,12,2024,Grazielle,344,29
37,RADAMÈS,12,2024,Grazielle,282,69
38,ISMAELE,12,2024,Grazielle,268,82
39,FENTON,11,2024,Grazielle,281,71
40,ERNANI,11,2024,Grazielle,273,80
41,BANCO,11,2024,Grazielle,246,92
42,CONTE DI VAUDEMONT,11,2024,Grazielle,431,5
43,FEDERICA,11,2024,Grazielle,268,83
44,AMONASRO,11,2024,Grazielle,239,93
45,CONTE RICCARDO,11,2024,Grazielle,279,73
46,ELISABETTA DI VALOIS,11,2024,Grazielle,311,49
47,EMILIA,10,2024,Grazielle,251,90
48,AZUCENA,10,2024,Grazielle,340,31
49,FORESTO,10,2024,Grazielle,271,81
50,ABDALLO,10,2024,Grazielle,273,79
51,OSCAR,10,2024,Grazielle,255,87
52,MALCOLM,10,2024,Grazielle,333,37
53,RUY GOMEZ,10,2024,Grazielle,249,91
54,AROLDO,10,2024,Grazielle,292,64
55,EGBERTO,10,2024,Grazielle,320,41
56,LEONORA,10,2024,Grazielle,314,46
57,FILIPPO II,9,2024,Grazielle,353,26
58,ROLANDO,9,2024,Grazielle,316,44
59,AMNERIS,9,2024,Grazielle,294,62
60,ELENA,9,2024,Grazielle,334,36
61,GUSMANO,9,2024,Grazielle,284,68
62,RE CARLO,9,2024,Grazielle,278,75
63,ULDINO,9,2024,Grazielle,338,33
64,GUY DE MONTFORT,9,2024,Grazielle,340,32
65,MINA,9,2024,Grazielle,342,30
66,ODABELLA,9,2024,Grazielle,295,61
67,RAFFAELE,8,2024,Grazielle,236,94
68,RODRIGO,8,2024,Grazielle,319,42
69,PAGANO,8,2024,Grazielle,396,13
70,WURM,8,2024,Grazielle,294,63
71,SELIMO,8,2024,Grazielle,276,78
72,GODVINO,8,2024,Grazielle,295,59
73,GILDA,8,2024,Grazielle,303,53
74,AMELIA,8,2024,Grazielle,321,39
75,ULRICA,8,2024,Grazielle,372,18
76,OVANDO,8,2024,Grazielle,309,51
77,BORSA,8,2024,Grazielle,300,55
78,ATTILA,8,2024,Grazielle,277,77
79,ATALIBA,7,2024,Grazielle,261,84
80,LUISA MILLER,7,2024,Grazielle,296,58
81,GISELDA,7,2024,Grazielle,413,10
82,FALSTAFF,7,2024,Grazielle,316,45
83,BARBAROSSA,7,2024,Grazielle,314,47
84,STANKAR,7,2024,Grazielle,317,43
85,VIOLETTA,7,2024,Grazielle,335,34
86,ZACCARIA,7,2024,Grazielle,391,14
87,DUCA DI MANTOVA,7,2024,Grazielle,297,57
88,BARDOLFO,7,2024,Grazielle,290,65
89,RENATO,6,2024,Grazielle,278,76
90,MANRICO,6,2024,Grazielle,253,88
91,BRIANO,6,2024,Grazielle,222,96
92,RODOLFO,6,2024,Grazielle,289,66
93,FLORA,6,2024,Grazielle,234,95
94,SEID,6,2024,Grazielle,279,74
95,PIRRO,6,2024,Grazielle,259,86
96,NINETTA,6,2024,Grazielle,252,89
1,ALFREDO,30,2024,Green Tennis,500,1
2,GASTONE,25,2024,Green Tennis,355,25
3,FILIPPO II,21,2024,Green Tennis,353,26
4,CONTE DI WALTER,18,2024,Green Tennis,344,28
5,IAGO,16,2024,Green Tennis,483,2
6,SELIMO,16,2024,Green Tennis,276,78
7,NABUCODONOSOR,16,2024,Green Tennis,329,38
8,DUNCANO,16,2024,Green Tennis,399,12
9,DESDEMONA,14,2024,Green Tennis,310,50
10,ATALIBA,14,2024,Green Tennis,261,84
11,FALSTAFF,14,2024,Green Tennis,316,45
12,BANCO,14,2024,Green Tennis,246,92
13,ARVINO,14,2024,Green Tennis,419,8
14,MINA,14,2024,Green Tennis,342,30
15,RADAMÈS,14,2024,Green Tennis,282,69
16,SPARAFUCILE,14,2024,Green Tennis,418,9
17,RAFFAELE,12,2024,Green Tennis,236,94
18,AZUCENA,12,2024,Green Tennis,340,31
19,ROLANDO,12,2024,Green Tennis,316,44
20,GISELDA,12,2024,Green Tennis,413,10
21,ERNANI,12,2024,Green Tennis,273,80
22,BARBAROSSA,12,2024,Green Tennis,314,47
23,STANKAR,12,2024,Green Tennis,317,43
24,MARCOVALDO,12,2024,Green Tennis,450,3
25,CONTE DI VAUDEMONT,12,2024,Green Tennis,431,5
26,OTELLO,12,2024,Green Tennis,426,7
27,GUY DE MONTFORT,12,2024,Green Tennis,340,32
28,RIGOLETTO,12,2024,Green Tennis,295,60
29,CORRADO,12,2024,Green Tennis,362,22
30,FORD,12,2024,Green Tennis,362,21
31,ATTILA,12,2024,Green Tennis,277,77
32,ZAMORO,12,2024,Green Tennis,409,11
33,EMILIA,10,2024,Green Tennis,251,90
34,RODRIGO,10,2024,Green Tennis,319,42
35,ARRIGO,10,2024,Green Tennis,300,54
36,ALICE,10,2024,Green Tennis,358,24
37,FORESTO,10,2024,Green Tennis,271,81
38,RODOLFO,10,2024,Green Tennis,289,66
39,EZIO,10,2024,Green Tennis,434,4
40,SEID,10,2024,Green Tennis,279,74
41,TEBALDO,10,2024,Green Tennis,260,85
42,MALCOLM,10,2024,Green Tennis,333,37
43,ALZIRA,10,2024,Green Tennis,288,67
44,ZACCARIA,10,2024,Green Tennis,391,14
45,CONTE RICCARDO,10,2024,Green Tennis,279,73
46,DON CARLOS,10,2024,Green Tennis,359,23
47,LEONORA,10,2024,Green Tennis,314,46
48,ODABELLA,10,2024,Green Tennis,295,61
49,GERMONT,8,2024,Green Tennis,352,27
50,LUISA MILLER,8,2024,Green Tennis,296,58
51,DON RICCARDO,8,2024,Green Tennis,299,56
52,RAMFIS,8,2024,Green Tennis,379,17
53,ELENA,8,2024,Green Tennis,334,36
54,GUSMANO,8,2024,Green Tennis,284,68
55,VIOLETTA,8,2024,Green Tennis,335,34
56,MACDUFF,8,2024,Green Tennis,335,35
57,CASSIO,8,2024,Green Tennis,379,16
58,BRIANO,8,2024,Green Tennis,222,96
59,ULDINO,8,2024,Green Tennis,338,33
60,LINA,8,2024,Green Tennis,370,19
61,ABDALLO,8,2024,Green Tennis,273,79
62,FLORA,8,2024,Green Tennis,234,95
63,AIDA,8,2024,Green Tennis,307,52
64,GULNARA,8,2024,Green Tennis,344,29
65,ULRICA,8,2024,Green Tennis,372,18
66,AROLDO,8,2024,Green Tennis,292,64
67,EGBERTO,8,2024,Green Tennis,320,41
68,OVANDO,8,2024,Green Tennis,309,51
69,DUCA DI MANTOVA,8,2024,Green Tennis,297,57
70,IMELDA,8,2024,Green Tennis,281,70
71,MACBETH,8,2024,Green Tennis,366,20
72,LIDA,8,2024,Green Tennis,321,40
73,VICLINDA,6,2024,Green Tennis,280,72
74,FENTON,6,2024,Green Tennis,281,71
75,RENATO,6,2024,Green Tennis,278,76
76,MANRICO,6,2024,Green Tennis,253,88
77,AMNERIS,6,2024,Green Tennis,294,62
78,PAGANO,6,2024,Green Tennis,396,13
79,WURM,6,2024,Green Tennis,294,63
80,ABIGAILLE,6,2024,Green Tennis,428,6
81,RE CARLO,6,2024,Green Tennis,278,75
82,CONTE DI LUNA,6,2024,Green Tennis,390,15
83,GODVINO,6,2024,Green Tennis,295,59
84,FEDERICA,6,2024,Green Tennis,268,83
85,OSCAR,6,2024,Green Tennis,255,87
86,STIFFELIO,6,2024,Green Tennis,312,48
87,GILDA,6,2024,Green Tennis,303,53
88,AMONASRO,6,2024,Green Tennis,239,93
89,PIRRO,6,2024,Green Tennis,259,86
90,AMELIA,6,2024,Green Tennis,321,39
91,NINETTA,6,2024,Green Tennis,252,89
92,RUY GOMEZ,6,2024,Green Tennis,249,91
93,BORSA,6,2024,Green Tennis,300,55
94,BARDOLFO,6,2024,Green Tennis,290,65
95,ISMAELE,6,2024,Green Tennis,268,82
96,ELISABETTA DI VALOIS,6,2024,Green Tennis,311,49
1,LINA,30,2024,Mini Golf,370,19
2,CONTE DI VAUDEMONT,25,2024,Mini Golf,431,5
3,CONTE RICCARDO,21,2024,Mini Golf,279,73
4,DESDEMONA,18,2024,Mini Golf,310,50
5,GUSMANO,16,2024,Mini Golf,284,68
6,ATTILA,14,2024,Mini Golf,277,77
7,ROLANDO,13,2024,Mini Golf,316,44
8,GISELDA,13,2024,Mini Golf,413,10
9,ALICE,13,2024,Mini Golf,358,24
10,VIOLETTA,13,2024,Mini Golf,335,34
11,ULRICA,13,2024,Mini Golf,372,18
12,ZACCARIA,13,2024,Mini Golf,391,14
13,LUISA MILLER,12,2024,Mini Golf,296,58
14,IAGO,12,2024,Mini Golf,483,2
15,CONTE DI WALTER,12,2024,Mini Golf,344,28
16,GODVINO,12,2024,Mini Golf,295,59
17,OTELLO,12,2024,Mini Golf,426,7
18,EZIO,12,2024,Mini Golf,434,4
19,RAFFAELE,11,2024,Mini Golf,236,94
20,FORESTO,11,2024,Mini Golf,271,81
21,ABIGAILLE,11,2024,Mini Golf,428,6
22,RUY GOMEZ,11,2024,Mini Golf,249,91
23,ALFREDO,11,2024,Mini Golf,500,1
24,ZAMORO,11,2024,Mini Golf,409,11
25,GASTONE,10,2024,Mini Golf,355,25
26,ATALIBA,10,2024,Mini Golf,261,84
27,AZUCENA,10,2024,Mini Golf,340,31
28,FALSTAFF,10,2024,Mini Golf,316,45
29,AMNERIS,10,2024,Mini Golf,294,62
30,ABDALLO,10,2024,Mini Golf,273,79
31,GUY DE MONTFORT,10,2024,Mini Golf,340,32
32,STIFFELIO,10,2024,Mini Golf,312,48
33,NABUCODONOSOR,10,2024,Mini Golf,329,38
34,SEID,10,2024,Mini Golf,279,74
35,ARVINO,10,2024,Mini Golf,419,8
36,MALCOLM,10,2024,Mini Golf,333,37
37,RIGOLETTO,10,2024,Mini Golf,295,60
38,NINETTA,10,2024,Mini Golf,252,89
39,CORRADO,10,2024,Mini Golf,362,22
40,AROLDO,10,2024,Mini Golf,292,64
41,SPARAFUCILE,10,2024,Mini Golf,418,9
42,OVANDO,10,2024,Mini Golf,309,51
43,DUCA DI MANTOVA,10,2024,Mini Golf,297,57
44,BORSA,10,2024,Mini Golf,300,55
45,IMELDA,10,2024,Mini Golf,281,70
46,BARDOLFO,10,2024,Mini Golf,290,65
47,FORD,10,2024,Mini Golf,362,21
48,MACBETH,10,2024,Mini Golf,366,20
49,FENTON,8,2024,Mini Golf,281,71
50,EMILIA,8,2024,Mini Golf,251,90
51,MANRICO,8,2024,Mini Golf,253,88
52,RODRIGO,8,2024,Mini Golf,319,42
53,ARRIGO,8,2024,Mini Golf,300,54
54,PAGANO,8,2024,Mini Golf,396,13
55,ELENA,8,2024,Mini Golf,334,36
56,ERNANI,8,2024,Mini Golf,273,80
57,STANKAR,8,2024,Mini Golf,317,43
58,CASSIO,8,2024,Mini Golf,379,16
59,MARCOVALDO,8,2024,Mini Golf,450,3
60,SELIMO,8,2024,Mini Golf,276,78
61,CONTE DI LUNA,8,2024,Mini Golf,390,15
62,BANCO,8,2024,Mini Golf,246,92
63,FEDERICA,8,2024,Mini Golf,268,83
64,DUNCANO,8,2024,Mini Golf,399,12
65,ALZIRA,8,2024,Mini Golf,288,67
66,AMELIA,8,2024,Mini Golf,321,39
67,MINA,8,2024,Mini Golf,342,30
68,GULNARA,8,2024,Mini Golf,344,29
69,DON CARLOS,8,2024,Mini Golf,359,23
70,LIDA,8,2024,Mini Golf,321,40
71,ODABELLA,8,2024,Mini Golf,295,61
72,ELISABETTA DI VALOIS,8,2024,Mini Golf,311,49
73,GERMONT,6,2024,Mini Golf,352,27
74,VICLINDA,6,2024,Mini Golf,280,72
75,RENATO,6,2024,Mini Golf,278,76
76,FILIPPO II,6,2024,Mini Golf,353,26
77,DON RICCARDO,6,2024,Mini Golf,299,56
78,RAMFIS,6,2024,Mini Golf,379,17
79,WURM,6,2024,Mini Golf,294,63
80,BARBAROSSA,6,2024,Mini Golf,314,47
81,MACDUFF,6,2024,Mini Golf,335,35
82,RE CARLO,6,2024,Mini Golf,278,75
83,BRIANO,6,2024,Mini Golf,222,96
84,ULDINO,6,2024,Mini Golf,338,33
85,RODOLFO,6,2024,Mini Golf,289,66
86,FLORA,6,2024,Mini Golf,234,95
87,OSCAR,6,2024,Mini Golf,255,87
88,GILDA,6,2024,Mini Golf,303,53
89,AIDA,6,2024,Mini Golf,307,52
90,TEBALDO,6,2024,Mini Golf,260,85
91,AMONASRO,6,2024,Mini Golf,239,93
92,PIRRO,6,2024,Mini Golf,259,86
93,RADAMÈS,6,2024,Mini Golf,282,69
94,EGBERTO,6,2024,Mini Golf,320,41
95,LEONORA,6,2024,Mini Golf,314,46
96,ISMAELE,6,2024,Mini Golf,268,82
1,MACBETH,30,2024,Pentathlon,366,20
2,ZAMORO,25,2024,Pentathlon,409,11
3,RADAMÈS,21,2024,Pentathlon,282,69
4,RAMFIS,18,2024,Pentathlon,379,17
5,IAGO,17,2024,Pentathlon,483,2
6,CASSIO,17,2024,Pentathlon,379,16
7,CONTE DI LUNA,17,2024,Pentathlon,390,15
8,AROLDO,17,2024,Pentathlon,292,64
9,GASTONE,16,2024,Pentathlon,355,25
10,ABIGAILLE,16,2024,Pentathlon,428,6
11,CONTE DI VAUDEMONT,16,2024,Pentathlon,431,5
12,ALFREDO,16,2024,Pentathlon,500,1
13,ELENA,15,2024,Pentathlon,334,36
14,MARCOVALDO,15,2024,Pentathlon,450,3
15,OTELLO,15,2024,Pentathlon,426,7
16,FLORA,15,2024,Pentathlon,234,95
17,GULNARA,15,2024,Pentathlon,344,29
18,RODRIGO,14,2024,Pentathlon,319,42
19,GUSMANO,14,2024,Pentathlon,284,68
20,EZIO,14,2024,Pentathlon,434,4
21,DON CARLOS,14,2024,Pentathlon,359,23
22,ELISABETTA DI VALOIS,14,2024,Pentathlon,311,49
23,LINA,13,2024,Pentathlon,370,19
24,SEID,13,2024,Pentathlon,279,74
25,DUNCANO,13,2024,Pentathlon,399,12
26,ULRICA,13,2024,Pentathlon,372,18
27,SPARAFUCILE,13,2024,Pentathlon,418,9
28,FORD,13,2024,Pentathlon,362,21
29,ROLANDO,12,2024,Pentathlon,316,44
30,FORESTO,12,2024,Pentathlon,271,81
31,MACDUFF,12,2024,Pentathlon,335,35
32,RODOLFO,12,2024,Pentathlon,289,66
33,ABDALLO,12,2024,Pentathlon,273,79
34,EGBERTO,12,2024,Pentathlon,320,41
35,ISMAELE,12,2024,Pentathlon,268,82
36,AZUCENA,11,2024,Pentathlon,340,31
37,GISELDA,11,2024,Pentathlon,413,10
38,CONTE DI WALTER,11,2024,Pentathlon,344,28
39,NABUCODONOSOR,11,2024,Pentathlon,329,38
40,ARVINO,11,2024,Pentathlon,419,8
41,ZACCARIA,11,2024,Pentathlon,391,14
42,OVANDO,11,2024,Pentathlon,309,51
43,LUISA MILLER,10,2024,Pentathlon,296,58
44,DON RICCARDO,10,2024,Pentathlon,299,56
45,ARRIGO,10,2024,Pentathlon,300,54
46,ERNANI,10,2024,Pentathlon,273,80
47,GILDA,10,2024,Pentathlon,303,53
48,AIDA,10,2024,Pentathlon,307,52
49,MALCOLM,10,2024,Pentathlon,333,37
50,BORSA,10,2024,Pentathlon,300,55
51,GERMONT,9,2024,Pentathlon,352,27
52,FENTON,9,2024,Pentathlon,281,71
53,PAGANO,9,2024,Pentathlon,396,13
54,STANKAR,9,2024,Pentathlon,317,43
55,FEDERICA,9,2024,Pentathlon,268,83
56,RIGOLETTO,9,2024,Pentathlon,295,60
57,AMONASRO,9,2024,Pentathlon,239,93
58,PIRRO,9,2024,Pentathlon,259,86
59,BARDOLFO,9,2024,Pentathlon,290,65
60,AMNERIS,8,2024,Pentathlon,294,62
61,ALICE,8,2024,Pentathlon,358,24
62,WURM,8,2024,Pentathlon,294,63
63,BARBAROSSA,8,2024,Pentathlon,314,47
64,RE CARLO,8,2024,Pentathlon,278,75
65,MINA,8,2024,Pentathlon,342,30
66,CORRADO,8,2024,Pentathlon,362,22
67,IMELDA,8,2024,Pentathlon,281,70
68,ODABELLA,8,2024,Pentathlon,295,61
69,VICLINDA,7,2024,Pentathlon,280,72
70,DESDEMONA,7,2024,Pentathlon,310,50
71,RAFFAELE,7,2024,Pentathlon,236,94
72,ATALIBA,7,2024,Pentathlon,261,84
73,FILIPPO II,7,2024,Pentathlon,353,26
74,FALSTAFF,7,2024,Pentathlon,316,45
75,SELIMO,7,2024,Pentathlon,276,78
76,BANCO,7,2024,Pentathlon,246,92
77,GUY DE MONTFORT,7,2024,Pentathlon,340,32
78,LIDA,7,2024,Pentathlon,321,40
79,EMILIA,6,2024,Pentathlon,251,90
80,RENATO,6,2024,Pentathlon,278,76
81,MANRICO,6,2024,Pentathlon,253,88
82,VIOLETTA,6,2024,Pentathlon,335,34
83,BRIANO,6,2024,Pentathlon,222,96
84,GODVINO,6,2024,Pentathlon,295,59
85,ULDINO,6,2024,Pentathlon,338,33
86,OSCAR,6,2024,Pentathlon,255,87
87,STIFFELIO,6,2024,Pentathlon,312,48
88,TEBALDO,6,2024,Pentathlon,260,85
89,ALZIRA,6,2024,Pentathlon,288,67
90,AMELIA,6,2024,Pentathlon,321,39
91,NINETTA,6,2024,Pentathlon,252,89
92,RUY GOMEZ,6,2024,Pentathlon,249,91
93,DUCA DI MANTOVA,6,2024,Pentathlon,297,57
94,CONTE RICCARDO,6,2024,Pentathlon,279,73
95,LEONORA,6,2024,Pentathlon,314,46
96,ATTILA,6,2024,Pentathlon,277,77
1,FILIPPO II,30,2024,Pielle,353,26
2,AMELIA,25,2024,Pielle,321,39
3,LINA,21,2024,Pielle,370,19
4,ARVINO,18,2024,Pielle,419,8
5,PAGANO,16,2024,Pielle,396,13
6,CONTE DI LUNA,16,2024,Pielle,390,15
7,SPARAFUCILE,16,2024,Pielle,418,9
8,LEONORA,16,2024,Pielle,314,46
9,GERMONT,14,2024,Pielle,352,27
10,AZUCENA,14,2024,Pielle,340,31
11,RAMFIS,14,2024,Pielle,379,17
12,ELENA,14,2024,Pielle,334,36
13,CONTE DI WALTER,14,2024,Pielle,344,28
14,MACDUFF,14,2024,Pielle,335,35
15,OTELLO,14,2024,Pielle,426,7
16,MINA,14,2024,Pielle,342,30
17,FENTON,12,2024,Pielle,281,71
18,LUISA MILLER,12,2024,Pielle,296,58
19,RODRIGO,12,2024,Pielle,319,42
20,ROLANDO,12,2024,Pielle,316,44
21,GISELDA,12,2024,Pielle,413,10
22,ALICE,12,2024,Pielle,358,24
23,VIOLETTA,12,2024,Pielle,335,34
24,CASSIO,12,2024,Pielle,379,16
25,MARCOVALDO,12,2024,Pielle,450,3
26,RODOLFO,12,2024,Pielle,289,66
27,STIFFELIO,12,2024,Pielle,312,48
28,RIGOLETTO,12,2024,Pielle,295,60
29,BORSA,12,2024,Pielle,300,55
30,IMELDA,12,2024,Pielle,281,70
31,ALFREDO,12,2024,Pielle,500,1
32,ATTILA,12,2024,Pielle,277,77
33,DON RICCARDO,10,2024,Pielle,299,56
34,FALSTAFF,10,2024,Pielle,316,45
35,AMNERIS,10,2024,Pielle,294,62
36,ERNANI,10,2024,Pielle,273,80
37,CONTE DI VAUDEMONT,10,2024,Pielle,431,5
38,ABDALLO,10,2024,Pielle,273,79
39,FEDERICA,10,2024,Pielle,268,83
40,OSCAR,10,2024,Pielle,255,87
41,SEID,10,2024,Pielle,279,74
42,RADAMÈS,10,2024,Pielle,282,69
43,ULRICA,10,2024,Pielle,372,18
44,ZACCARIA,10,2024,Pielle,391,14
45,EGBERTO,10,2024,Pielle,320,41
46,DUCA DI MANTOVA,10,2024,Pielle,297,57
47,CONTE RICCARDO,10,2024,Pielle,279,73
48,FORD,10,2024,Pielle,362,21
49,VICLINDA,8,2024,Pielle,280,72
50,EMILIA,8,2024,Pielle,251,90
51,RENATO,8,2024,Pielle,278,76
52,RAFFAELE,8,2024,Pielle,236,94
53,ATALIBA,8,2024,Pielle,261,84
54,ARRIGO,8,2024,Pielle,300,54
55,IAGO,8,2024,Pielle,483,2
56,GUSMANO,8,2024,Pielle,284,68
57,GODVINO,8,2024,Pielle,295,59
58,NABUCODONOSOR,8,2024,Pielle,329,38
59,GILDA,8,2024,Pielle,303,53
60,AIDA,8,2024,Pielle,307,52
61,MALCOLM,8,2024,Pielle,333,37
62,DUNCANO,8,2024,Pielle,399,12
63,AMONASRO,8,2024,Pielle,239,93
64,PIRRO,8,2024,Pielle,259,86
65,ALZIRA,8,2024,Pielle,288,67
66,CORRADO,8,2024,Pielle,362,22
67,OVANDO,8,2024,Pielle,309,51
68,DON CARLOS,8,2024,Pielle,359,23
69,MACBETH,8,2024,Pielle,366,20
70,ODABELLA,8,2024,Pielle,295,61
71,ISMAELE,8,2024,Pielle,268,82
72,ELISABETTA DI VALOIS,8,2024,Pielle,311,49
73,GASTONE,6,2024,Pielle,355,25
74,DESDEMONA,6,2024,Pielle,310,50
75,MANRICO,6,2024,Pielle,253,88
76,WURM,6,2024,Pielle,294,63
77,BARBAROSSA,6,2024,Pielle,314,47
78,STANKAR,6,2024,Pielle,317,43
79,FORESTO,6,2024,Pielle,271,81
80,ABIGAILLE,6,2024,Pielle,428,6
81,RE CARLO,6,2024,Pielle,278,75
82,BRIANO,6,2024,Pielle,222,96
83,SELIMO,6,2024,Pielle,276,78
84,BANCO,6,2024,Pielle,246,92
85,ULDINO,6,2024,Pielle,338,33
86,EZIO,6,2024,Pielle,434,4
87,GUY DE MONTFORT,6,2024,Pielle,340,32
88,FLORA,6,2024,Pielle,234,95
89,TEBALDO,6,2024,Pielle,260,85
90,NINETTA,6,2024,Pielle,252,89
91,RUY GOMEZ,6,2024,Pielle,249,91
92,GULNARA,6,2024,Pielle,344,29
93,AROLDO,6,2024,Pielle,292,64
94,BARDOLFO,6,2024,Pielle,290,65
95,LIDA,6,2024,Pielle,321,40
96,ZAMORO,6,2024,Pielle,409,11
1,GASTONE,30,2024,Ping Pong,355,25
2,ALFREDO,25,2024,Ping Pong,500,1
3,MARCOVALDO,21,2024,Ping Pong,450,3
4,MACDUFF,18,2024,Ping Pong,335,35
5,FILIPPO II,16,2024,Ping Pong,353,26
6,IAGO,16,2024,Ping Pong,483,2
7,OVANDO,16,2024,Ping Pong,309,51
8,BORSA,16,2024,Ping Pong,300,55
9,DESDEMONA,14,2024,Ping Pong,310,50
10,ARRIGO,14,2024,Ping Pong,300,54
11,ERNANI,14,2024,Ping Pong,273,80
12,DUNCANO,14,2024,Ping Pong,399,12
13,GULNARA,14,2024,Ping Pong,344,29
14,LIDA,14,2024,Ping Pong,321,40
15,ATTILA,14,2024,Ping Pong,277,77
16,ZAMORO,14,2024,Ping Pong,409,11
17,AZUCENA,12,2024,Ping Pong,340,31
18,LUISA MILLER,12,2024,Ping Pong,296,58
19,ALICE,12,2024,Ping Pong,358,24
20,ELENA,12,2024,Ping Pong,334,36
21,CASSIO,12,2024,Ping Pong,379,16
22,CONTE DI LUNA,12,2024,Ping Pong,390,15
23,BANCO,12,2024,Ping Pong,246,92
24,OSCAR,12,2024,Ping Pong,255,87
25,ARVINO,12,2024,Ping Pong,419,8
26,AMONASRO,12,2024,Ping Pong,239,93
27,NINETTA,12,2024,Ping Pong,252,89
28,ULRICA,12,2024,Ping Pong,372,18
29,EGBERTO,12,2024,Ping Pong,320,41
30,MACBETH,12,2024,Ping Pong,366,20
31,ODABELLA,12,2024,Ping Pong,295,61
32,ISMAELE,12,2024,Ping Pong,268,82
33,RAFFAELE,10,2024,Ping Pong,236,94
34,WURM,10,2024,Ping Pong,294,63
35,CONTE DI WALTER,10,2024,Ping Pong,344,28
36,VIOLETTA,10,2024,Ping Pong,335,34
37,ABIGAILLE,10,2024,Ping Pong,428,6
38,ULDINO,10,2024,Ping Pong,338,33
39,CONTE DI VAUDEMONT,10,2024,Ping Pong,431,5
40,LINA,10,2024,Ping Pong,370,19
41,FEDERICA,10,2024,Ping Pong,268,83
42,NABUCODONOSOR,10,2024,Ping Pong,329,38
43,RIGOLETTO,10,2024,Ping Pong,295,60
44,ALZIRA,10,2024,Ping Pong,288,67
45,MINA,10,2024,Ping Pong,342,30
46,SPARAFUCILE,10,2024,Ping Pong,418,9
47,CONTE RICCARDO,10,2024,Ping Pong,279,73
48,DON CARLOS,10,2024,Ping Pong,359,23
49,EMILIA,8,2024,Ping Pong,251,90
50,DON RICCARDO,8,2024,Ping Pong,299,56
51,RODRIGO,8,2024,Ping Pong,319,42
52,GISELDA,8,2024,Ping Pong,413,10
53,FALSTAFF,8,2024,Ping Pong,316,45
54,PAGANO,8,2024,Ping Pong,396,13
55,BARBAROSSA,8,2024,Ping Pong,314,47
56,FORESTO,8,2024,Ping Pong,271,81
57,RE CARLO,8,2024,Ping Pong,278,75
58,SELIMO,8,2024,Ping Pong,276,78
59,RODOLFO,8,2024,Ping Pong,289,66
60,OTELLO,8,2024,Ping Pong,426,7
61,EZIO,8,2024,Ping Pong,434,4
62,ABDALLO,8,2024,Ping Pong,273,79
63,STIFFELIO,8,2024,Ping Pong,312,48
64,SEID,8,2024,Ping Pong,279,74
65,GILDA,8,2024,Ping Pong,303,53
66,AIDA,8,2024,Ping Pong,307,52
67,CORRADO,8,2024,Ping Pong,362,22
68,RADAMÈS,8,2024,Ping Pong,282,69
69,DUCA DI MANTOVA,8,2024,Ping Pong,297,57
70,IMELDA,8,2024,Ping Pong,281,70
71,BARDOLFO,8,2024,Ping Pong,290,65
72,LEONORA,8,2024,Ping Pong,314,46
73,GERMONT,6,2024,Ping Pong,352,27
74,VICLINDA,6,2024,Ping Pong,280,72
75,FENTON,6,2024,Ping Pong,281,71
76,RENATO,6,2024,Ping Pong,278,76
77,ATALIBA,6,2024,Ping Pong,261,84
78,MANRICO,6,2024,Ping Pong,253,88
79,ROLANDO,6,2024,Ping Pong,316,44
80,RAMFIS,6,2024,Ping Pong,379,17
81,AMNERIS,6,2024,Ping Pong,294,62
82,GUSMANO,6,2024,Ping Pong,284,68
83,STANKAR,6,2024,Ping Pong,317,43
84,BRIANO,6,2024,Ping Pong,222,96
85,GODVINO,6,2024,Ping Pong,295,59
86,GUY DE MONTFORT,6,2024,Ping Pong,340,32
87,FLORA,6,2024,Ping Pong,234,95
88,TEBALDO,6,2024,Ping Pong,260,85
89,MALCOLM,6,2024,Ping Pong,333,37
90,PIRRO,6,2024,Ping Pong,259,86
91,AMELIA,6,2024,Ping Pong,321,39
92,RUY GOMEZ,6,2024,Ping Pong,249,91
93,AROLDO,6,2024,Ping Pong,292,64
94,ZACCARIA,6,2024,Ping Pong,391,14
95,FORD,6,2024,Ping Pong,362,21
96,ELISABETTA DI VALOIS,6,2024,Ping Pong,311,49
1,GISELDA,30,2024,Retro Game,413,10
2,VIOLETTA,25,2024,Retro Game,335,34
3,ALFREDO,21,2024,Retro Game,500,1
4,GUY DE MONTFORT,18,2024,Retro Game,340,32
5,DUNCANO,16,2024,Retro Game,399,12
6,ZACCARIA,16,2024,Retro Game,391,14
7,MACBETH,16,2024,Retro Game,366,20
8,ELISABETTA DI VALOIS,16,2024,Retro Game,311,49
9,GERMONT,14,2024,Retro Game,352,27
10,DESDEMONA,14,2024,Retro Game,310,50
11,IAGO,14,2024,Retro Game,483,2
12,ALICE,14,2024,Retro Game,358,24
13,ELENA,14,2024,Retro Game,334,36
14,OTELLO,14,2024,Retro Game,426,7
15,GILDA,14,2024,Retro Game,303,53
16,DON CARLOS,14,2024,Retro Game,359,23
17,GASTONE,12,2024,Retro Game,355,25
18,RAMFIS,12,2024,Retro Game,379,17
19,FALSTAFF,12,2024,Retro Game,316,45
20,WURM,12,2024,Retro Game,294,63
21,STANKAR,12,2024,Retro Game,317,43
22,OSCAR,12,2024,Retro Game,255,87
23,SEID,12,2024,Retro Game,279,74
24,AIDA,12,2024,Retro Game,307,52
25,AMELIA,12,2024,Retro Game,321,39
26,AROLDO,12,2024,Retro Game,292,64
27,BARDOLFO,12,2024,Retro Game,290,65
28,FORD,12,2024,Retro Game,362,21
29,LEONORA,12,2024,Retro Game,314,46
30,LIDA,12,2024,Retro Game,321,40
31,ATTILA,12,2024,Retro Game,277,77
32,ZAMORO,12,2024,Retro Game,409,11
33,DON RICCARDO,10,2024,Retro Game,299,56
34,RODRIGO,10,2024,Retro Game,319,42
35,ROLANDO,10,2024,Retro Game,316,44
36,PAGANO,10,2024,Retro Game,396,13
37,MACDUFF,10,2024,Retro Game,335,35
38,ABIGAILLE,10,2024,Retro Game,428,6
39,SELIMO,10,2024,Retro Game,276,78
40,GODVINO,10,2024,Retro Game,295,59
41,LINA,10,2024,Retro Game,370,19
42,EZIO,10,2024,Retro Game,434,4
43,TEBALDO,10,2024,Retro Game,260,85
44,CORRADO,10,2024,Retro Game,362,22
45,GULNARA,10,2024,Retro Game,344,29
46,SPARAFUCILE,10,2024,Retro Game,418,9
47,IMELDA,10,2024,Retro Game,281,70
48,ODABELLA,10,2024,Retro Game,295,61
49,FENTON,8,2024,Retro Game,281,71
50,EMILIA,8,2024,Retro Game,251,90
51,RAFFAELE,8,2024,Retro Game,236,94
52,ATALIBA,8,2024,Retro Game,261,84
53,AZUCENA,8,2024,Retro Game,340,31
54,ARRIGO,8,2024,Retro Game,300,54
55,AMNERIS,8,2024,Retro Game,294,62
56,ERNANI,8,2024,Retro Game,273,80
57,CASSIO,8,2024,Retro Game,379,16
58,MARCOVALDO,8,2024,Retro Game,450,3
59,RODOLFO,8,2024,Retro Game,289,66
60,CONTE DI VAUDEMONT,8,2024,Retro Game,431,5
61,FLORA,8,2024,Retro Game,234,95
62,STIFFELIO,8,2024,Retro Game,312,48
63,ARVINO,8,2024,Retro Game,419,8
64,RIGOLETTO,8,2024,Retro Game,295,60
65,AMONASRO,8,2024,Retro Game,239,93
66,PIRRO,8,2024,Retro Game,259,86
67,ALZIRA,8,2024,Retro Game,288,67
68,NINETTA,8,2024,Retro Game,252,89
69,RUY GOMEZ,8,2024,Retro Game,249,91
70,MINA,8,2024,Retro Game,342,30
71,ULRICA,8,2024,Retro Game,372,18
72,CONTE RICCARDO,8,2024,Retro Game,279,73
73,VICLINDA,6,2024,Retro Game,280,72
74,RENATO,6,2024,Retro Game,278,76
75,FILIPPO II,6,2024,Retro Game,353,26
76,LUISA MILLER,6,2024,Retro Game,296,58
77,MANRICO,6,2024,Retro Game,253,88
78,CONTE DI WALTER,6,2024,Retro Game,344,28
79,BARBAROSSA,6,2024,Retro Game,314,47
80,GUSMANO,6,2024,Retro Game,284,68
81,FORESTO,6,2024,Retro Game,271,81
82,RE CARLO,6,2024,Retro Game,278,75
83,BRIANO,6,2024,Retro Game,222,96
84,CONTE DI LUNA,6,2024,Retro Game,390,15
85,BANCO,6,2024,Retro Game,246,92
86,ULDINO,6,2024,Retro Game,338,33
87,ABDALLO,6,2024,Retro Game,273,79
88,FEDERICA,6,2024,Retro Game,268,83
89,NABUCODONOSOR,6,2024,Retro Game,329,38
90,MALCOLM,6,2024,Retro Game,333,37
91,RADAMÈS,6,2024,Retro Game,282,69
92,EGBERTO,6,2024,Retro Game,320,41
93,OVANDO,6,2024,Retro Game,309,51
94,DUCA DI MANTOVA,6,2024,Retro Game,297,57
95,BORSA,6,2024,Retro Game,300,55
96,ISMAELE,6,2024,Retro Game,268,82
1,SPARAFUCILE,30,2024,Scacchi,418,9
2,OTELLO,25,2024,Scacchi,426,7
3,IMELDA,21,2024,Scacchi,281,70
4,IAGO,18,2024,Scacchi,483,2
5,FENTON,16,2024,Scacchi,281,71
6,BARBAROSSA,16,2024,Scacchi,314,47
7,ULRICA,16,2024,Scacchi,372,18
8,ZAMORO,16,2024,Scacchi,409,11
9,GASTONE,14,2024,Scacchi,355,25
10,RAFFAELE,14,2024,Scacchi,236,94
11,RE CARLO,14,2024,Scacchi,278,75
12,PIRRO,14,2024,Scacchi,259,86
13,GULNARA,14,2024,Scacchi,344,29
14,ZACCARIA,14,2024,Scacchi,391,14
15,CONTE RICCARDO,14,2024,Scacchi,279,73
16,ATTILA,14,2024,Scacchi,277,77
17,GERMONT,12,2024,Scacchi,352,27
18,AZUCENA,12,2024,Scacchi,340,31
19,ARRIGO,12,2024,Scacchi,300,54
20,GISELDA,12,2024,Scacchi,413,10
21,ALICE,12,2024,Scacchi,358,24
22,GUSMANO,12,2024,Scacchi,284,68
23,FORESTO,12,2024,Scacchi,271,81
24,ABIGAILLE,12,2024,Scacchi,428,6
25,CASSIO,12,2024,Scacchi,379,16
26,MARCOVALDO,12,2024,Scacchi,450,3
27,OSCAR,12,2024,Scacchi,255,87
28,AIDA,12,2024,Scacchi,307,52
29,MINA,12,2024,Scacchi,342,30
30,DON CARLOS,12,2024,Scacchi,359,23
31,FORD,12,2024,Scacchi,362,21
32,MACBETH,12,2024,Scacchi,366,20
33,VICLINDA,10,2024,Scacchi,280,72
34,DESDEMONA,10,2024,Scacchi,310,50
35,EMILIA,10,2024,Scacchi,251,90
36,RAMFIS,10,2024,Scacchi,379,17
37,WURM,10,2024,Scacchi,294,63
38,CONTE DI WALTER,10,2024,Scacchi,344,28
39,STANKAR,10,2024,Scacchi,317,43
40,MACDUFF,10,2024,Scacchi,335,35
41,SELIMO,10,2024,Scacchi,276,78
42,BANCO,10,2024,Scacchi,246,92
43,LINA,10,2024,Scacchi,370,19
44,FEDERICA,10,2024,Scacchi,268,83
45,TEBALDO,10,2024,Scacchi,260,85
46,RIGOLETTO,10,2024,Scacchi,295,60
47,CORRADO,10,2024,Scacchi,362,22
48,RADAMÈS,10,2024,Scacchi,282,69
49,RENATO,8,2024,Scacchi,278,76
50,LUISA MILLER,8,2024,Scacchi,296,58
51,DON RICCARDO,8,2024,Scacchi,299,56
52,RODRIGO,8,2024,Scacchi,319,42
53,ROLANDO,8,2024,Scacchi,316,44
54,FALSTAFF,8,2024,Scacchi,316,45
55,AMNERIS,8,2024,Scacchi,294,62
56,PAGANO,8,2024,Scacchi,396,13
57,ELENA,8,2024,Scacchi,334,36
58,VIOLETTA,8,2024,Scacchi,335,34
59,ULDINO,8,2024,Scacchi,338,33
60,RODOLFO,8,2024,Scacchi,289,66
61,FLORA,8,2024,Scacchi,234,95
62,NABUCODONOSOR,8,2024,Scacchi,329,38
63,SEID,8,2024,Scacchi,279,74
64,ARVINO,8,2024,Scacchi,419,8
65,ALZIRA,8,2024,Scacchi,288,67
66,NINETTA,8,2024,Scacchi,252,89
67,AROLDO,8,2024,Scacchi,292,64
68,EGBERTO,8,2024,Scacchi,320,41
69,BARDOLFO,8,2024,Scacchi,290,65
70,ALFREDO,8,2024,Scacchi,500,1
71,LEONORA,8,2024,Scacchi,314,46
72,LIDA,8,2024,Scacchi,321,40
73,ATALIBA,6,2024,Scacchi,261,84
74,FILIPPO II,6,2024,Scacchi,353,26
75,MANRICO,6,2024,Scacchi,253,88
76,ERNANI,6,2024,Scacchi,273,80
77,BRIANO,6,2024,Scacchi,222,96
78,CONTE DI LUNA,6,2024,Scacchi,390,15
79,GODVINO,6,2024,Scacchi,295,59
80,CONTE DI VAUDEMONT,6,2024,Scacchi,431,5
81,EZIO,6,2024,Scacchi,434,4
82,ABDALLO,6,2024,Scacchi,273,79
83,GUY DE MONTFORT,6,2024,Scacchi,340,32
84,STIFFELIO,6,2024,Scacchi,312,48
85,GILDA,6,2024,Scacchi,303,53
86,MALCOLM,6,2024,Scacchi,333,37
87,DUNCANO,6,2024,Scacchi,399,12
88,AMONASRO,6,2024,Scacchi,239,93
89,AMELIA,6,2024,Scacchi,321,39
90,RUY GOMEZ,6,2024,Scacchi,249,91
91,OVANDO,6,2024,Scacchi,309,51
92,DUCA DI MANTOVA,6,2024,Scacchi,297,57
93,BORSA,6,2024,Scacchi,300,55
94,ODABELLA,6,2024,Scacchi,295,61
95,ISMAELE,6,2024,Scacchi,268,82
96,ELISABETTA DI VALOIS,6,2024,Scacchi,311,49
1,ULDINO,30,2024,Scopa 15,338,33
2,ZACCARIA,25,2024,Scopa 15,391,14
3,MINA,21,2024,Scopa 15,342,30
4,NABUCODONOSOR,18,2024,Scopa 15,329,38
5,RENATO,16,2024,Scopa 15,278,76
6,RAMFIS,16,2024,Scopa 15,379,17
7,MACBETH,16,2024,Scopa 15,366,20
8,LIDA,16,2024,Scopa 15,321,40
9,FILIPPO II,14,2024,Scopa 15,353,26
10,VIOLETTA,14,2024,Scopa 15,335,34
11,MACDUFF,14,2024,Scopa 15,335,35
12,GUY DE MONTFORT,14,2024,Scopa 15,340,32
13,AIDA,14,2024,Scopa 15,307,52
14,DUNCANO,14,2024,Scopa 15,399,12
15,SPARAFUCILE,14,2024,Scopa 15,418,9
16,ALFREDO,14,2024,Scopa 15,500,1
17,GASTONE,12,2024,Scopa 15,355,25
18,FENTON,12,2024,Scopa 15,281,71
19,PAGANO,12,2024,Scopa 15,396,13
20,ALICE,12,2024,Scopa 15,358,24
21,RE CARLO,12,2024,Scopa 15,278,75
22,CONTE DI VAUDEMONT,12,2024,Scopa 15,431,5
23,OTELLO,12,2024,Scopa 15,426,7
24,LINA,12,2024,Scopa 15,370,19
25,ABDALLO,12,2024,Scopa 15,273,79
26,FEDERICA,12,2024,Scopa 15,268,83
27,SEID,12,2024,Scopa 15,279,74
28,ARVINO,12,2024,Scopa 15,419,8
29,PIRRO,12,2024,Scopa 15,259,86
30,EGBERTO,12,2024,Scopa 15,320,41
31,ATTILA,12,2024,Scopa 15,277,77
32,ZAMORO,12,2024,Scopa 15,409,11
33,RAFFAELE,10,2024,Scopa 15,236,94
34,MANRICO,10,2024,Scopa 15,253,88
35,GISELDA,10,2024,Scopa 15,413,10
36,AMNERIS,10,2024,Scopa 15,294,62
37,IAGO,10,2024,Scopa 15,483,2
38,WURM,10,2024,Scopa 15,294,63
39,CONTE DI WALTER,10,2024,Scopa 15,344,28
40,MARCOVALDO,10,2024,Scopa 15,450,3
41,GODVINO,10,2024,Scopa 15,295,59
42,OSCAR,10,2024,Scopa 15,255,87
43,GILDA,10,2024,Scopa 15,303,53
44,MALCOLM,10,2024,Scopa 15,333,37
45,CORRADO,10,2024,Scopa 15,362,22
46,BORSA,10,2024,Scopa 15,300,55
47,BARDOLFO,10,2024,Scopa 15,290,65
48,ELISABETTA DI VALOIS,10,2024,Scopa 15,311,49
49,DESDEMONA,8,2024,Scopa 15,310,50
50,ATALIBA,8,2024,Scopa 15,261,84
51,AZUCENA,8,2024,Scopa 15,340,31
52,DON RICCARDO,8,2024,Scopa 15,299,56
53,RODRIGO,8,2024,Scopa 15,319,42
54,FALSTAFF,8,2024,Scopa 15,316,45
55,ELENA,8,2024,Scopa 15,334,36
56,ERNANI,8,2024,Scopa 15,273,80
57,STANKAR,8,2024,Scopa 15,317,43
58,ABIGAILLE,8,2024,Scopa 15,428,6
59,BRIANO,8,2024,Scopa 15,222,96
60,SELIMO,8,2024,Scopa 15,276,78
61,EZIO,8,2024,Scopa 15,434,4
62,STIFFELIO,8,2024,Scopa 15,312,48
63,ALZIRA,8,2024,Scopa 15,288,67
64,AMELIA,8,2024,Scopa 15,321,39
65,AROLDO,8,2024,Scopa 15,292,64
66,OVANDO,8,2024,Scopa 15,309,51
67,DUCA DI MANTOVA,8,2024,Scopa 15,297,57
68,IMELDA,8,2024,Scopa 15,281,70
69,DON CARLOS,8,2024,Scopa 15,359,23
70,FORD,8,2024,Scopa 15,362,21
71,LEONORA,8,2024,Scopa 15,314,46
72,ODABELLA,8,2024,Scopa 15,295,61
73,GERMONT,6,2024,Scopa 15,352,27
74,VICLINDA,6,2024,Scopa 15,280,72
75,EMILIA,6,2024,Scopa 15,251,90
76,LUISA MILLER,6,2024,Scopa 15,296,58
77,ARRIGO,6,2024,Scopa 15,300,54
78,ROLANDO,6,2024,Scopa 15,316,44
79,BARBAROSSA,6,2024,Scopa 15,314,47
80,GUSMANO,6,2024,Scopa 15,284,68
81,FORESTO,6,2024,Scopa 15,271,81
82,CASSIO,6,2024,Scopa 15,379,16
83,CONTE DI LUNA,6,2024,Scopa 15,390,15
84,BANCO,6,2024,Scopa 15,246,92
85,RODOLFO,6,2024,Scopa 15,289,66
86,FLORA,6,2024,Scopa 15,234,95
87,TEBALDO,6,2024,Scopa 15,260,85
88,RIGOLETTO,6,2024,Scopa 15,295,60
89,AMONASRO,6,2024,Scopa 15,239,93
90,NINETTA,6,2024,Scopa 15,252,89
91,RUY GOMEZ,6,2024,Scopa 15,249,91
92,GULNARA,6,2024,Scopa 15,344,29
93,RADAMÈS,6,2024,Scopa 15,282,69
94,ULRICA,6,2024,Scopa 15,372,18
95,CONTE RICCARDO,6,2024,Scopa 15,279,73
96,ISMAELE,6,2024,Scopa 15,268,82
1,MARCOVALDO,30,2024,Subbuteo,450,3
2,ZAMORO,25,2024,Subbuteo,409,11
3,GISELDA,21,2024,Subbuteo,413,10
4,ARVINO,18,2024,Subbuteo,419,8
5,SEID,16,2024,Subbuteo,279,74
6,GILDA,16,2024,Subbuteo,303,53
7,MALCOLM,16,2024,Subbuteo,333,37
8,SPARAFUCILE,16,2024,Subbuteo,418,9
9,ALICE,14,2024,Subbuteo,358,24
10,VIOLETTA,14,2024,Subbuteo,335,34
11,CONTE DI VAUDEMONT,14,2024,Subbuteo,431,5
12,OTELLO,14,2024,Subbuteo,426,7
13,DON CARLOS,14,2024,Subbuteo,359,23
14,ALFREDO,14,2024,Subbuteo,500,1
15,LEONORA,14,2024,Subbuteo,314,46
16,ATTILA,14,2024,Subbuteo,277,77
17,FILIPPO II,12,2024,Subbuteo,353,26
18,ROLANDO,12,2024,Subbuteo,316,44
19,PAGANO,12,2024,Subbuteo,396,13
20,CONTE DI WALTER,12,2024,Subbuteo,344,28
21,MACDUFF,12,2024,Subbuteo,335,35
22,ABIGAILLE,12,2024,Subbuteo,428,6
23,BRIANO,12,2024,Subbuteo,222,96
24,SELIMO,12,2024,Subbuteo,276,78
25,CONTE DI LUNA,12,2024,Subbuteo,390,15
26,GODVINO,12,2024,Subbuteo,295,59
27,LINA,12,2024,Subbuteo,370,19
28,GUY DE MONTFORT,12,2024,Subbuteo,340,32
29,OSCAR,12,2024,Subbuteo,255,87
30,CORRADO,12,2024,Subbuteo,362,22
31,ZACCARIA,12,2024,Subbuteo,391,14
32,BORSA,12,2024,Subbuteo,300,55
33,AZUCENA,10,2024,Subbuteo,340,31
34,LUISA MILLER,10,2024,Subbuteo,296,58
35,RAMFIS,10,2024,Subbuteo,379,17
36,ELENA,10,2024,Subbuteo,334,36
37,CASSIO,10,2024,Subbuteo,379,16
38,ULDINO,10,2024,Subbuteo,338,33
39,EZIO,10,2024,Subbuteo,434,4
40,ABDALLO,10,2024,Subbuteo,273,79
41,NABUCODONOSOR,10,2024,Subbuteo,329,38
42,TEBALDO,10,2024,Subbuteo,260,85
43,DUNCANO,10,2024,Subbuteo,399,12
44,AMONASRO,10,2024,Subbuteo,239,93
45,NINETTA,10,2024,Subbuteo,252,89
46,RADAMÈS,10,2024,Subbuteo,282,69
47,OVANDO,10,2024,Subbuteo,309,51
48,IMELDA,10,2024,Subbuteo,281,70
49,VICLINDA,8,2024,Subbuteo,280,72
50,FENTON,8,2024,Subbuteo,281,71
51,EMILIA,8,2024,Subbuteo,251,90
52,DON RICCARDO,8,2024,Subbuteo,299,56
53,RODRIGO,8,2024,Subbuteo,319,42
54,ARRIGO,8,2024,Subbuteo,300,54
55,FALSTAFF,8,2024,Subbuteo,316,45
56,AMNERIS,8,2024,Subbuteo,294,62
57,IAGO,8,2024,Subbuteo,483,2
58,BARBAROSSA,8,2024,Subbuteo,314,47
59,GUSMANO,8,2024,Subbuteo,284,68
60,RE CARLO,8,2024,Subbuteo,278,75
61,RODOLFO,8,2024,Subbuteo,289,66
62,ALZIRA,8,2024,Subbuteo,288,67
63,AMELIA,8,2024,Subbuteo,321,39
64,RUY GOMEZ,8,2024,Subbuteo,249,91
65,ULRICA,8,2024,Subbuteo,372,18
66,AROLDO,8,2024,Subbuteo,292,64
67,DUCA DI MANTOVA,8,2024,Subbuteo,297,57
68,CONTE RICCARDO,8,2024,Subbuteo,279,73
69,BARDOLFO,8,2024,Subbuteo,290,65
70,MACBETH,8,2024,Subbuteo,366,20
71,LIDA,8,2024,Subbuteo,321,40
72,ISMAELE,8,2024,Subbuteo,268,82
73,GERMONT,6,2024,Subbuteo,352,27
74,GASTONE,6,2024,Subbuteo,355,25
75,DESDEMONA,6,2024,Subbuteo,310,50
76,RENATO,6,2024,Subbuteo,278,76
77,RAFFAELE,6,2024,Subbuteo,236,94
78,ATALIBA,6,2024,Subbuteo,261,84
79,MANRICO,6,2024,Subbuteo,253,88
80,WURM,6,2024,Subbuteo,294,63
81,ERNANI,6,2024,Subbuteo,273,80
82,STANKAR,6,2024,Subbuteo,317,43
83,FORESTO,6,2024,Subbuteo,271,81
84,BANCO,6,2024,Subbuteo,246,92
85,FLORA,6,2024,Subbuteo,234,95
86,FEDERICA,6,2024,Subbuteo,268,83
87,STIFFELIO,6,2024,Subbuteo,312,48
88,AIDA,6,2024,Subbuteo,307,52
89,RIGOLETTO,6,2024,Subbuteo,295,60
90,PIRRO,6,2024,Subbuteo,259,86
91,MINA,6,2024,Subbuteo,342,30
92,GULNARA,6,2024,Subbuteo,344,29
93,EGBERTO,6,2024,Subbuteo,320,41
94,FORD,6,2024,Subbuteo,362,21
95,ODABELLA,6,2024,Subbuteo,295,61
96,ELISABETTA DI VALOIS,6,2024,Subbuteo,311,49
1,IAGO,30,2024,Tiro al barattolo,483,2
2,STIFFELIO,25,2024,Tiro al barattolo,312,48
3,ROLANDO,21,2024,Tiro al barattolo,316,44
4,ARVINO,18,2024,Tiro al barattolo,419,8
5,FILIPPO II,16,2024,Tiro al barattolo,353,26
6,OTELLO,16,2024,Tiro al barattolo,426,7
7,EZIO,16,2024,Tiro al barattolo,434,4
8,AMELIA,16,2024,Tiro al barattolo,321,39
9,GISELDA,14,2024,Tiro al barattolo,413,10
10,NABUCODONOSOR,14,2024,Tiro al barattolo,329,38
11,MALCOLM,14,2024,Tiro al barattolo,333,37
12,NINETTA,14,2024,Tiro al barattolo,252,89
13,CORRADO,14,2024,Tiro al barattolo,362,22
14,GULNARA,14,2024,Tiro al barattolo,344,29
15,SPARAFUCILE,14,2024,Tiro al barattolo,418,9
16,DUCA DI MANTOVA,14,2024,Tiro al barattolo,297,57
17,GASTONE,12,2024,Tiro al barattolo,355,25
18,RAMFIS,12,2024,Tiro al barattolo,379,17
19,PAGANO,12,2024,Tiro al barattolo,396,13
20,CONTE DI WALTER,12,2024,Tiro al barattolo,344,28
21,GUSMANO,12,2024,Tiro al barattolo,284,68
22,STANKAR,12,2024,Tiro al barattolo,317,43
23,ABIGAILLE,12,2024,Tiro al barattolo,428,6
24,MARCOVALDO,12,2024,Tiro al barattolo,450,3
25,BRIANO,12,2024,Tiro al barattolo,222,96
26,CONTE DI VAUDEMONT,12,2024,Tiro al barattolo,431,5
27,DUNCANO,12,2024,Tiro al barattolo,399,12
28,AMONASRO,12,2024,Tiro al barattolo,239,93
29,PIRRO,12,2024,Tiro al barattolo,259,86
30,IMELDA,12,2024,Tiro al barattolo,281,70
31,LIDA,12,2024,Tiro al barattolo,321,40
32,ISMAELE,12,2024,Tiro al barattolo,268,82
33,LUISA MILLER,10,2024,Tiro al barattolo,296,58
34,CASSIO,10,2024,Tiro al barattolo,379,16
35,CONTE DI LUNA,10,2024,Tiro al barattolo,390,15
36,RODOLFO,10,2024,Tiro al barattolo,289,66
37,ABDALLO,10,2024,Tiro al barattolo,273,79
38,GUY DE MONTFORT,10,2024,Tiro al barattolo,340,32
39,FEDERICA,10,2024,Tiro al barattolo,268,83
40,AIDA,10,2024,Tiro al barattolo,307,52
41,RIGOLETTO,10,2024,Tiro al barattolo,295,60
42,RADAMÈS,10,2024,Tiro al barattolo,282,69
43,ZACCARIA,10,2024,Tiro al barattolo,391,14
44,EGBERTO,10,2024,Tiro al barattolo,320,41
45,CONTE RICCARDO,10,2024,Tiro al barattolo,279,73
46,ALFREDO,10,2024,Tiro al barattolo,500,1
47,FORD,10,2024,Tiro al barattolo,362,21
48,ZAMORO,10,2024,Tiro al barattolo,409,11
49,VICLINDA,8,2024,Tiro al barattolo,280,72
50,DESDEMONA,8,2024,Tiro al barattolo,310,50
51,FENTON,8,2024,Tiro al barattolo,281,71
52,RAFFAELE,8,2024,Tiro al barattolo,236,94
53,DON RICCARDO,8,2024,Tiro al barattolo,299,56
54,RODRIGO,8,2024,Tiro al barattolo,319,42
55,ARRIGO,8,2024,Tiro al barattolo,300,54
56,FALSTAFF,8,2024,Tiro al barattolo,316,45
57,WURM,8,2024,Tiro al barattolo,294,63
58,ELENA,8,2024,Tiro al barattolo,334,36
59,BARBAROSSA,8,2024,Tiro al barattolo,314,47
60,MACDUFF,8,2024,Tiro al barattolo,335,35
61,RE CARLO,8,2024,Tiro al barattolo,278,75
62,SELIMO,8,2024,Tiro al barattolo,276,78
63,GODVINO,8,2024,Tiro al barattolo,295,59
64,FLORA,8,2024,Tiro al barattolo,234,95
65,OSCAR,8,2024,Tiro al barattolo,255,87
66,SEID,8,2024,Tiro al barattolo,279,74
67,TEBALDO,8,2024,Tiro al barattolo,260,85
68,ALZIRA,8,2024,Tiro al barattolo,288,67
69,MINA,8,2024,Tiro al barattolo,342,30
70,BORSA,8,2024,Tiro al barattolo,300,55
71,DON CARLOS,8,2024,Tiro al barattolo,359,23
72,BARDOLFO,8,2024,Tiro al barattolo,290,65
73,GERMONT,6,2024,Tiro al barattolo,352,27
74,EMILIA,6,2024,Tiro al barattolo,251,90
75,RENATO,6,2024,Tiro al barattolo,278,76
76,ATALIBA,6,2024,Tiro al barattolo,261,84
77,AZUCENA,6,2024,Tiro al barattolo,340,31
78,MANRICO,6,2024,Tiro al barattolo,253,88
79,AMNERIS,6,2024,Tiro al barattolo,294,62
80,ALICE,6,2024,Tiro al barattolo,358,24
81,ERNANI,6,2024,Tiro al barattolo,273,80
82,FORESTO,6,2024,Tiro al barattolo,271,81
83,VIOLETTA,6,2024,Tiro al barattolo,335,34
84,BANCO,6,2024,Tiro al barattolo,246,92
85,ULDINO,6,2024,Tiro al barattolo,338,33
86,LINA,6,2024,Tiro al barattolo,370,19
87,GILDA,6,2024,Tiro al barattolo,303,53
88,RUY GOMEZ,6,2024,Tiro al barattolo,249,91
89,ULRICA,6,2024,Tiro al barattolo,372,18
90,AROLDO,6,2024,Tiro al barattolo,292,64
91,OVANDO,6,2024,Tiro al barattolo,309,51
92,LEONORA,6,2024,Tiro al barattolo,314,46
93,MACBETH,6,2024,Tiro al barattolo,366,20
94,ODABELLA,6,2024,Tiro al barattolo,295,61
95,ATTILA,6,2024,Tiro al barattolo,277,77
96,ELISABETTA DI VALOIS,6,2024,Tiro al barattolo,311,49
1,EZIO,30,2024,Tiro con l'Arco,434,4
2,ALICE,25,2024,Tiro con l'Arco,358,24
3,GODVINO,21,2024,Tiro con l'Arco,295,59
4,CONTE RICCARDO,18,2024,Tiro con l'Arco,279,73
5,LINA,16,2024,Tiro con l'Arco,370,19
6,RIGOLETTO,16,2024,Tiro con l'Arco,295,60
7,NINETTA,16,2024,Tiro con l'Arco,252,89
8,CORRADO,16,2024,Tiro con l'Arco,362,22
9,FENTON,14,2024,Tiro con l'Arco,281,71
10,MARCOVALDO,14,2024,Tiro con l'Arco,450,3
11,LEONORA,14,2024,Tiro con l'Arco,314,46
12,ATTILA,14,2024,Tiro con l'Arco,277,77
13,PAGANO,13,2024,Tiro con l'Arco,396,13
14,IAGO,13,2024,Tiro con l'Arco,483,2
15,ULDINO,13,2024,Tiro con l'Arco,338,33
16,AMONASRO,13,2024,Tiro con l'Arco,239,93
17,LUISA MILLER,12,2024,Tiro con l'Arco,296,58
18,FORESTO,12,2024,Tiro con l'Arco,271,81
19,ZACCARIA,12,2024,Tiro con l'Arco,391,14
20,FORD,12,2024,Tiro con l'Arco,362,21
21,CONTE DI WALTER,11,2024,Tiro con l'Arco,344,28
22,CONTE DI LUNA,11,2024,Tiro con l'Arco,390,15
23,SEID,11,2024,Tiro con l'Arco,279,74
24,ZAMORO,11,2024,Tiro con l'Arco,409,11
25,GERMONT,10,2024,Tiro con l'Arco,352,27
26,RENATO,10,2024,Tiro con l'Arco,278,76
27,FILIPPO II,10,2024,Tiro con l'Arco,353,26
28,MANRICO,10,2024,Tiro con l'Arco,253,88
29,RAMFIS,10,2024,Tiro con l'Arco,379,17
30,STANKAR,10,2024,Tiro con l'Arco,317,43
31,VIOLETTA,10,2024,Tiro con l'Arco,335,34
32,MACDUFF,10,2024,Tiro con l'Arco,335,35
33,CASSIO,10,2024,Tiro con l'Arco,379,16
34,BANCO,10,2024,Tiro con l'Arco,246,92
35,OTELLO,10,2024,Tiro con l'Arco,426,7
36,FLORA,10,2024,Tiro con l'Arco,234,95
37,NABUCODONOSOR,10,2024,Tiro con l'Arco,329,38
38,MALCOLM,10,2024,Tiro con l'Arco,333,37
39,DUNCANO,10,2024,Tiro con l'Arco,399,12
40,AMELIA,10,2024,Tiro con l'Arco,321,39
41,MINA,10,2024,Tiro con l'Arco,342,30
42,RADAMÈS,10,2024,Tiro con l'Arco,282,69
43,ULRICA,10,2024,Tiro con l'Arco,372,18
44,SPARAFUCILE,10,2024,Tiro con l'Arco,418,9
45,OVANDO,10,2024,Tiro con l'Arco,309,51
46,BORSA,10,2024,Tiro con l'Arco,300,55
47,ALFREDO,10,2024,Tiro con l'Arco,500,1
48,MACBETH,10,2024,Tiro con l'Arco,366,20
49,DESDEMONA,8,2024,Tiro con l'Arco,310,50
50,AZUCENA,8,2024,Tiro con l'Arco,340,31
51,ARRIGO,8,2024,Tiro con l'Arco,300,54
52,ROLANDO,8,2024,Tiro con l'Arco,316,44
53,AMNERIS,8,2024,Tiro con l'Arco,294,62
54,WURM,8,2024,Tiro con l'Arco,294,63
55,ELENA,8,2024,Tiro con l'Arco,334,36
56,ABIGAILLE,8,2024,Tiro con l'Arco,428,6
57,RE CARLO,8,2024,Tiro con l'Arco,278,75
58,BRIANO,8,2024,Tiro con l'Arco,222,96
59,RODOLFO,8,2024,Tiro con l'Arco,289,66
60,CONTE DI VAUDEMONT,8,2024,Tiro con l'Arco,431,5
61,ABDALLO,8,2024,Tiro con l'Arco,273,79
62,GUY DE MONTFORT,8,2024,Tiro con l'Arco,340,32
63,FEDERICA,8,2024,Tiro con l'Arco,268,83
64,OSCAR,8,2024,Tiro con l'Arco,255,87
65,ARVINO,8,2024,Tiro con l'Arco,419,8
66,GILDA,8,2024,Tiro con l'Arco,303,53
67,AIDA,8,2024,Tiro con l'Arco,307,52
68,GULNARA,8,2024,Tiro con l'Arco,344,29
69,AROLDO,8,2024,Tiro con l'Arco,292,64
70,DUCA DI MANTOVA,8,2024,Tiro con l'Arco,297,57
71,LIDA,8,2024,Tiro con l'Arco,321,40
72,ISMAELE,8,2024,Tiro con l'Arco,268,82
73,VICLINDA,6,2024,Tiro con l'Arco,280,72
74,GASTONE,6,2024,Tiro con l'Arco,355,25
75,EMILIA,6,2024,Tiro con l'Arco,251,90
76,RAFFAELE,6,2024,Tiro con l'Arco,236,94
77,ATALIBA,6,2024,Tiro con l'Arco,261,84
78,DON RICCARDO,6,2024,Tiro con l'Arco,299,56
79,RODRIGO,6,2024,Tiro con l'Arco,319,42
80,GISELDA,6,2024,Tiro con l'Arco,413,10
81,FALSTAFF,6,2024,Tiro con l'Arco,316,45
82,ERNANI,6,2024,Tiro con l'Arco,273,80
83,BARBAROSSA,6,2024,Tiro con l'Arco,314,47
84,GUSMANO,6,2024,Tiro con l'Arco,284,68
85,SELIMO,6,2024,Tiro con l'Arco,276,78
86,STIFFELIO,6,2024,Tiro con l'Arco,312,48
87,TEBALDO,6,2024,Tiro con l'Arco,260,85
88,PIRRO,6,2024,Tiro con l'Arco,259,86
89,ALZIRA,6,2024,Tiro con l'Arco,288,67
90,RUY GOMEZ,6,2024,Tiro con l'Arco,249,91
91,EGBERTO,6,2024,Tiro con l'Arco,320,41
92,IMELDA,6,2024,Tiro con l'Arco,281,70
93,DON CARLOS,6,2024,Tiro con l'Arco,359,23
94,BARDOLFO,6,2024,Tiro con l'Arco,290,65
95,ODABELLA,6,2024,Tiro con l'Arco,295,61
96,ELISABETTA DI VALOIS,6,2024,Tiro con l'Arco,311,49
1,EZIO,30,2024,Tris Soccer,434,4
2,GERMONT,25,2024,Tris Soccer,352,27
3,RODRIGO,21,2024,Tris Soccer,319,42
4,FORD,18,2024,Tris Soccer,362,21
5,LINA,16,2024,Tris Soccer,370,19
6,AROLDO,16,2024,Tris Soccer,292,64
7,ZACCARIA,16,2024,Tris Soccer,391,14
8,BARDOLFO,16,2024,Tris Soccer,290,65
9,GASTONE,14,2024,Tris Soccer,355,25
10,FALSTAFF,14,2024,Tris Soccer,316,45
11,GUSMANO,14,2024,Tris Soccer,284,68
12,ABDALLO,14,2024,Tris Soccer,273,79
13,ALZIRA,14,2024,Tris Soccer,288,67
14,GULNARA,14,2024,Tris Soccer,344,29
15,EGBERTO,14,2024,Tris Soccer,320,41
16,MACBETH,14,2024,Tris Soccer,366,20
17,ARRIGO,12,2024,Tris Soccer,300,54
18,GISELDA,12,2024,Tris Soccer,413,10
19,AMNERIS,12,2024,Tris Soccer,294,62
20,MACDUFF,12,2024,Tris Soccer,335,35
21,SELIMO,12,2024,Tris Soccer,276,78
22,CONTE DI VAUDEMONT,12,2024,Tris Soccer,431,5
23,OTELLO,12,2024,Tris Soccer,426,7
24,STIFFELIO,12,2024,Tris Soccer,312,48
25,SEID,12,2024,Tris Soccer,279,74
26,ARVINO,12,2024,Tris Soccer,419,8
27,DUNCANO,12,2024,Tris Soccer,399,12
28,RUY GOMEZ,12,2024,Tris Soccer,249,91
29,ULRICA,12,2024,Tris Soccer,372,18
30,OVANDO,12,2024,Tris Soccer,309,51
31,DON CARLOS,12,2024,Tris Soccer,359,23
32,LIDA,12,2024,Tris Soccer,321,40
33,DESDEMONA,10,2024,Tris Soccer,310,50
34,FENTON,10,2024,Tris Soccer,281,71
35,EMILIA,10,2024,Tris Soccer,251,90
36,ATALIBA,10,2024,Tris Soccer,261,84
37,AZUCENA,10,2024,Tris Soccer,340,31
38,PAGANO,10,2024,Tris Soccer,396,13
39,ERNANI,10,2024,Tris Soccer,273,80
40,BARBAROSSA,10,2024,Tris Soccer,314,47
41,VIOLETTA,10,2024,Tris Soccer,335,34
42,RE CARLO,10,2024,Tris Soccer,278,75
43,ULDINO,10,2024,Tris Soccer,338,33
44,MALCOLM,10,2024,Tris Soccer,333,37
45,RIGOLETTO,10,2024,Tris Soccer,295,60
46,CORRADO,10,2024,Tris Soccer,362,22
47,CONTE RICCARDO,10,2024,Tris Soccer,279,73
48,ATTILA,10,2024,Tris Soccer,277,77
49,FILIPPO II,8,2024,Tris Soccer,353,26
50,LUISA MILLER,8,2024,Tris Soccer,296,58
51,DON RICCARDO,8,2024,Tris Soccer,299,56
52,ROLANDO,8,2024,Tris Soccer,316,44
53,RAMFIS,8,2024,Tris Soccer,379,17
54,IAGO,8,2024,Tris Soccer,483,2
55,WURM,8,2024,Tris Soccer,294,63
56,FORESTO,8,2024,Tris Soccer,271,81
57,BRIANO,8,2024,Tris Soccer,222,96
58,BANCO,8,2024,Tris Soccer,246,92
59,OSCAR,8,2024,Tris Soccer,255,87
60,NABUCODONOSOR,8,2024,Tris Soccer,329,38
61,GILDA,8,2024,Tris Soccer,303,53
62,AIDA,8,2024,Tris Soccer,307,52
63,AMONASRO,8,2024,Tris Soccer,239,93
64,PIRRO,8,2024,Tris Soccer,259,86
65,AMELIA,8,2024,Tris Soccer,321,39
66,NINETTA,8,2024,Tris Soccer,252,89
67,DUCA DI MANTOVA,8,2024,Tris Soccer,297,57
68,BORSA,8,2024,Tris Soccer,300,55
69,IMELDA,8,2024,Tris Soccer,281,70
70,ODABELLA,8,2024,Tris Soccer,295,61
71,ISMAELE,8,2024,Tris Soccer,268,82
72,ZAMORO,8,2024,Tris Soccer,409,11
73,VICLINDA,6,2024,Tris Soccer,280,72
74,RENATO,6,2024,Tris Soccer,278,76
75,RAFFAELE,6,2024,Tris Soccer,236,94
76,MANRICO,6,2024,Tris Soccer,253,88
77,ALICE,6,2024,Tris Soccer,358,24
78,ELENA,6,2024,Tris Soccer,334,36
79,CONTE DI WALTER,6,2024,Tris Soccer,344,28
80,STANKAR,6,2024,Tris Soccer,317,43
81,ABIGAILLE,6,2024,Tris Soccer,428,6
82,CASSIO,6,2024,Tris Soccer,379,16
83,MARCOVALDO,6,2024,Tris Soccer,450,3
84,CONTE DI LUNA,6,2024,Tris Soccer,390,15
85,GODVINO,6,2024,Tris Soccer,295,59
86,RODOLFO,6,2024,Tris Soccer,289,66
87,GUY DE MONTFORT,6,2024,Tris Soccer,340,32
88,FLORA,6,2024,Tris Soccer,234,95
89,FEDERICA,6,2024,Tris Soccer,268,83
90,TEBALDO,6,2024,Tris Soccer,260,85
91,MINA,6,2024,Tris Soccer,342,30
92,RADAMÈS,6,2024,Tris Soccer,282,69
93,SPARAFUCILE,6,2024,Tris Soccer,418,9
94,ALFREDO,6,2024,Tris Soccer,500,1
95,LEONORA,6,2024,Tris Soccer,314,46
96,ELISABETTA DI VALOIS,6,2024,Tris Soccer,311,49
1,ALFREDO,30,2024,We Golf,500,1
2,ABIGAILLE,25,2024,We Golf,428,6
3,AZUCENA,21,2024,We Golf,340,31
4,RIGOLETTO,18,2024,We Golf,295,60
5,RAMFIS,16,2024,We Golf,379,17
6,CONTE DI WALTER,16,2024,We Golf,344,28
7,FORD,16,2024,We Golf,362,21
8,ZAMORO,16,2024,We Golf,409,11
9,GASTONE,14,2024,We Golf,355,25
10,PAGANO,14,2024,We Golf,396,13
11,ALICE,14,2024,We Golf,358,24
12,NABUCODONOSOR,14,2024,We Golf,329,38
13,TEBALDO,14,2024,We Golf,260,85
14,DUNCANO,14,2024,We Golf,399,12
15,AMELIA,14,2024,We Golf,321,39
16,ZACCARIA,14,2024,We Golf,391,14
17,DESDEMONA,12,2024,We Golf,310,50
18,MANRICO,12,2024,We Golf,253,88
19,ARRIGO,12,2024,We Golf,300,54
20,ROLANDO,12,2024,We Golf,316,44
21,IAGO,12,2024,We Golf,483,2
22,BARBAROSSA,12,2024,We Golf,314,47
23,STANKAR,12,2024,We Golf,317,43
24,SELIMO,12,2024,We Golf,276,78
25,ULDINO,12,2024,We Golf,338,33
26,OTELLO,12,2024,We Golf,426,7
27,OSCAR,12,2024,We Golf,255,87
28,ARVINO,12,2024,We Golf,419,8
29,CORRADO,12,2024,We Golf,362,22
30,SPARAFUCILE,12,2024,We Golf,418,9
31,DUCA DI MANTOVA,12,2024,We Golf,297,57
32,BORSA,12,2024,We Golf,300,55
33,GERMONT,10,2024,We Golf,352,27
34,VICLINDA,10,2024,We Golf,280,72
35,RENATO,10,2024,We Golf,278,76
36,RAFFAELE,10,2024,We Golf,236,94
37,DON RICCARDO,10,2024,We Golf,299,56
38,GISELDA,10,2024,We Golf,413,10
39,FALSTAFF,10,2024,We Golf,316,45
40,ERNANI,10,2024,We Golf,273,80
41,MARCOVALDO,10,2024,We Golf,450,3
42,LINA,10,2024,We Golf,370,19
43,AIDA,10,2024,We Golf,307,52
44,AMONASRO,10,2024,We Golf,239,93
45,ALZIRA,10,2024,We Golf,288,67
46,ULRICA,10,2024,We Golf,372,18
47,OVANDO,10,2024,We Golf,309,51
48,IMELDA,10,2024,We Golf,281,70
49,FENTON,8,2024,We Golf,281,71
50,LUISA MILLER,8,2024,We Golf,296,58
51,AMNERIS,8,2024,We Golf,294,62
52,WURM,8,2024,We Golf,294,63
53,GUSMANO,8,2024,We Golf,284,68
54,FORESTO,8,2024,We Golf,271,81
55,VIOLETTA,8,2024,We Golf,335,34
56,CASSIO,8,2024,We Golf,379,16
57,RE CARLO,8,2024,We Golf,278,75
58,BRIANO,8,2024,We Golf,222,96
59,CONTE DI VAUDEMONT,8,2024,We Golf,431,5
60,EZIO,8,2024,We Golf,434,4
61,ABDALLO,8,2024,We Golf,273,79
62,GUY DE MONTFORT,8,2024,We Golf,340,32
63,GILDA,8,2024,We Golf,303,53
64,MALCOLM,8,2024,We Golf,333,37
65,RUY GOMEZ,8,2024,We Golf,249,91
66,RADAMÈS,8,2024,We Golf,282,69
67,EGBERTO,8,2024,We Golf,320,41
68,LEONORA,8,2024,We Golf,314,46
69,MACBETH,8,2024,We Golf,366,20
70,LIDA,8,2024,We Golf,321,40
71,ODABELLA,8,2024,We Golf,295,61
72,ELISABETTA DI VALOIS,8,2024,We Golf,311,49
73,EMILIA,6,2024,We Golf,251,90
74,ATALIBA,6,2024,We Golf,261,84
75,FILIPPO II,6,2024,We Golf,353,26
76,RODRIGO,6,2024,We Golf,319,42
77,ELENA,6,2024,We Golf,334,36
78,MACDUFF,6,2024,We Golf,335,35
79,CONTE DI LUNA,6,2024,We Golf,390,15
80,GODVINO,6,2024,We Golf,295,59
81,BANCO,6,2024,We Golf,246,92
82,RODOLFO,6,2024,We Golf,289,66
83,FLORA,6,2024,We Golf,234,95
84,FEDERICA,6,2024,We Golf,268,83
85,STIFFELIO,6,2024,We Golf,312,48
86,SEID,6,2024,We Golf,279,74
87,PIRRO,6,2024,We Golf,259,86
88,NINETTA,6,2024,We Golf,252,89
89,MINA,6,2024,We Golf,342,30
90,GULNARA,6,2024,We Golf,344,29
91,AROLDO,6,2024,We Golf,292,64
92,CONTE RICCARDO,6,2024,We Golf,279,73
93,DON CARLOS,6,2024,We Golf,359,23
94,BARDOLFO,6,2024,We Golf,290,65
95,ATTILA,6,2024,We Golf,277,77
96,ISMAELE,6,2024,We Golf,268,82
0,EZIO,30,2023,Basket Connect 4,381,7
0,PAGANO,25,2023,Basket Connect 4,327,30
0,MACBETH,21,2023,Basket Connect 4,338,26
0,DUNCANO,18,2023,Basket Connect 4,343,24
0,ARVINO,16,2023,Basket Connect 4,468,1
0,RENATO,16,2023,Basket Connect 4,418,5
0,ULRICA,16,2023,Basket Connect 4,339,25
0,EGBERTO,16,2023,Basket Connect 4,289,48
0,DON CARLOS,14,2023,Basket Connect 4,378,8
0,SPARAFUCILE,14,2023,Basket Connect 4,363,13
0,GUY DE MONTFORT,14,2023,Basket Connect 4,311,35
0,STIFFELIO,14,2023,Basket Connect 4,297,42
0,ZACCARIA,14,2023,Basket Connect 4,289,49
0,NABUCODONOSOR,14,2023,Basket Connect 4,277,58
0,ELVIRA,14,2023,Basket Connect 4,269,65
0,LUCREZIA,14,2023,Basket Connect 4,257,73
0,OTELLO,12,2023,Basket Connect 4,440,3
0,ALFREDO,12,2023,Basket Connect 4,436,4
0,RAMFIS,12,2023,Basket Connect 4,414,6
0,CASSIO,12,2023,Basket Connect 4,350,18
0,ELENA,12,2023,Basket Connect 4,334,28
0,DON ALVARO,12,2023,Basket Connect 4,326,31
0,LUISA MILLER,12,2023,Basket Connect 4,316,33
0,ODABELLA,12,2023,Basket Connect 4,311,34
0,AROLDO,12,2023,Basket Connect 4,295,44
0,ERNANI,12,2023,Basket Connect 4,289,47
0,GODVINO,12,2023,Basket Connect 4,282,53
0,BARBARIGO,12,2023,Basket Connect 4,281,55
0,PREZIOSILLA,12,2023,Basket Connect 4,277,59
0,PROCIDA,12,2023,Basket Connect 4,273,62
0,LEONORA,12,2023,Basket Connect 4,269,64
0,STANKAR,12,2023,Basket Connect 4,243,81
0,MALCOLM,10,2023,Basket Connect 4,373,10
0,ZAMORO,10,2023,Basket Connect 4,366,11
0,AZUCENA,10,2023,Basket Connect 4,353,16
0,VIOLETTA,10,2023,Basket Connect 4,319,32
0,RODOLFO,10,2023,Basket Connect 4,307,38
0,BARBAROSSA,10,2023,Basket Connect 4,301,40
0,MACDUFF,10,2023,Basket Connect 4,292,46
0,ALZIRA,10,2023,Basket Connect 4,281,54
0,FALSTAFF,10,2023,Basket Connect 4,275,60
0,ABDALLO,10,2023,Basket Connect 4,261,72
0,ROLANDO,10,2023,Basket Connect 4,247,79
0,FRA MELITONE,10,2023,Basket Connect 4,232,85
0,IAGO,8,2023,Basket Connect 4,441,2
0,ULDINO,8,2023,Basket Connect 4,365,12
0,ABIGAILLE,8,2023,Basket Connect 4,357,15
0,FILIPPO II,8,2023,Basket Connect 4,350,17
0,CONTE DI WALTER,8,2023,Basket Connect 4,349,19
0,ATTILA,8,2023,Basket Connect 4,348,20
0,GULNÀRA,8,2023,Basket Connect 4,308,37
0,AMELIA,8,2023,Basket Connect 4,304,39
0,GUSMANO,8,2023,Basket Connect 4,300,41
0,AIDA,8,2023,Basket Connect 4,295,43
0,RODRIGO,8,2023,Basket Connect 4,282,51
0,RADAMES,8,2023,Basket Connect 4,280,56
0,ELISABETTA DI VALOIS,8,2023,Basket Connect 4,274,61
0,ARRIGO,8,2023,Basket Connect 4,271,63
0,WURM,8,2023,Basket Connect 4,268,66
0,CALATRAVA,8,2023,Basket Connect 4,263,69
0,LINA,8,2023,Basket Connect 4,255,75
0,VICLINDA,8,2023,Basket Connect 4,255,76
0,FRANCESCO FOSCARI,8,2023,Basket Connect 4,251,77
0,FENTON,8,2023,Basket Connect 4,250,78
0,AMNERIS,8,2023,Basket Connect 4,233,83
0,GASTONE,8,2023,Basket Connect 4,220,86
0,MARCOVALDO,6,2023,Basket Connect 4,376,9
0,CORRADO,6,2023,Basket Connect 4,359,14
0,MINA,6,2023,Basket Connect 4,348,21
0,CONTE DI LUNA,6,2023,Basket Connect 4,348,22
0,GISELDA,6,2023,Basket Connect 4,344,23
0,FORD,6,2023,Basket Connect 4,336,27
0,ALICE,6,2023,Basket Connect 4,333,29
0,RIGOLETTO,6,2023,Basket Connect 4,309,36
0,SEID,6,2023,Basket Connect 4,294,45
0,DESDEMONA,6,2023,Basket Connect 4,287,50
0,RE CARLO,6,2023,Basket Connect 4,282,52
0,GERMONT,6,2023,Basket Connect 4,279,57
0,DUCA DI MANTOVA,6,2023,Basket Connect 4,267,67
0,LIDA,6,2023,Basket Connect 4,264,68
0,GILDA,6,2023,Basket Connect 4,262,70
0,ATALIBA,6,2023,Basket Connect 4,261,71
0,MEDORA,6,2023,Basket Connect 4,256,74
0,MANRICO,6,2023,Basket Connect 4,245,80
0,RUY GOMEZ,6,2023,Basket Connect 4,242,82
0,CONTE RICCARDO,6,2023,Basket Connect 4,232,84
0,RAFFAELE,6,2023,Basket Connect 4,212,87
0,PISANA,6,2023,Basket Connect 4,192,88
0,AMELIA,30,2023,Biglie,304,39
0,RENATO,25,2023,Biglie,418,5
0,ARVINO,21,2023,Biglie,468,1
0,DUNCANO,18,2023,Biglie,343,24
0,IAGO,17,2023,Biglie,441,2
0,WURM,16,2023,Biglie,268,66
0,EZIO,15,2023,Biglie,381,7
0,MACBETH,14,2023,Biglie,338,26
0,ATTILA,13,2023,Biglie,348,20
0,ULDINO,12,2023,Biglie,365,12
0,CORRADO,12,2023,Biglie,359,14
0,BARBARIGO,12,2023,Biglie,281,55
0,MARCOVALDO,11,2023,Biglie,376,9
0,ZAMORO,11,2023,Biglie,366,11
0,GISELDA,11,2023,Biglie,344,23
0,ALFREDO,10,2023,Biglie,436,4
0,RAMFIS,10,2023,Biglie,414,6
0,FILIPPO II,10,2023,Biglie,350,17
0,MINA,10,2023,Biglie,348,21
0,DESDEMONA,10,2023,Biglie,287,50
0,CALATRAVA,10,2023,Biglie,263,69
0,CASSIO,9,2023,Biglie,350,18
0,ALICE,9,2023,Biglie,333,29
0,SEID,9,2023,Biglie,294,45
0,ZACCARIA,9,2023,Biglie,289,49
0,GERMONT,9,2023,Biglie,279,57
0,RUY GOMEZ,9,2023,Biglie,242,82
0,FORD,8,2023,Biglie,336,27
0,PAGANO,8,2023,Biglie,327,30
0,DON ALVARO,8,2023,Biglie,326,31
0,STIFFELIO,8,2023,Biglie,297,42
0,FRANCESCO FOSCARI,8,2023,Biglie,251,77
0,FRA MELITONE,8,2023,Biglie,232,85
0,OTELLO,7,2023,Biglie,440,3
0,DON CARLOS,7,2023,Biglie,378,8
0,MALCOLM,7,2023,Biglie,373,10
0,SPARAFUCILE,7,2023,Biglie,363,13
0,ABIGAILLE,7,2023,Biglie,357,15
0,AZUCENA,7,2023,Biglie,353,16
0,CONTE DI WALTER,7,2023,Biglie,349,19
0,ULRICA,7,2023,Biglie,339,25
0,VIOLETTA,7,2023,Biglie,319,32
0,LUISA MILLER,7,2023,Biglie,316,33
0,ODABELLA,7,2023,Biglie,311,34
0,GUY DE MONTFORT,7,2023,Biglie,311,35
0,RIGOLETTO,7,2023,Biglie,309,36
0,GULNÀRA,7,2023,Biglie,308,37
0,RODOLFO,7,2023,Biglie,307,38
0,BARBAROSSA,7,2023,Biglie,301,40
0,AROLDO,7,2023,Biglie,295,44
0,ERNANI,7,2023,Biglie,289,47
0,EGBERTO,7,2023,Biglie,289,48
0,RE CARLO,7,2023,Biglie,282,52
0,GODVINO,7,2023,Biglie,282,53
0,RADAMES,7,2023,Biglie,280,56
0,FALSTAFF,7,2023,Biglie,275,60
0,ELVIRA,7,2023,Biglie,269,65
0,DUCA DI MANTOVA,7,2023,Biglie,267,67
0,ATALIBA,7,2023,Biglie,261,71
0,LINA,7,2023,Biglie,255,75
0,VICLINDA,7,2023,Biglie,255,76
0,STANKAR,7,2023,Biglie,243,81
0,AMNERIS,7,2023,Biglie,233,83
0,GASTONE,7,2023,Biglie,220,86
0,RAFFAELE,7,2023,Biglie,212,87
0,PISANA,7,2023,Biglie,192,88
0,CONTE DI LUNA,6,2023,Biglie,348,22
0,ELENA,6,2023,Biglie,334,28
0,GUSMANO,6,2023,Biglie,300,41
0,AIDA,6,2023,Biglie,295,43
0,MACDUFF,6,2023,Biglie,292,46
0,RODRIGO,6,2023,Biglie,282,51
0,ALZIRA,6,2023,Biglie,281,54
0,NABUCODONOSOR,6,2023,Biglie,277,58
0,PREZIOSILLA,6,2023,Biglie,277,59
0,ELISABETTA DI VALOIS,6,2023,Biglie,274,61
0,PROCIDA,6,2023,Biglie,273,62
0,ARRIGO,6,2023,Biglie,271,63
0,LEONORA,6,2023,Biglie,269,64
0,LIDA,6,2023,Biglie,264,68
0,GILDA,6,2023,Biglie,262,70
0,ABDALLO,6,2023,Biglie,261,72
0,LUCREZIA,6,2023,Biglie,257,73
0,MEDORA,6,2023,Biglie,256,74
0,FENTON,6,2023,Biglie,250,78
0,ROLANDO,6,2023,Biglie,247,79
0,MANRICO,6,2023,Biglie,245,80
0,CONTE RICCARDO,6,2023,Biglie,232,84
0,MARCOVALDO,30,2023,Bocce,376,9
0,ULDINO,25,2023,Bocce,365,12
0,CORRADO,21,2023,Bocce,359,14
0,ALFREDO,18,2023,Bocce,436,4
0,ULRICA,16,2023,Bocce,339,25
0,PAGANO,16,2023,Bocce,327,30
0,BARBAROSSA,16,2023,Bocce,301,40
0,ERNANI,16,2023,Bocce,289,47
0,MALCOLM,14,2023,Bocce,373,10
0,ABIGAILLE,14,2023,Bocce,357,15
0,FILIPPO II,14,2023,Bocce,350,17
0,DON ALVARO,14,2023,Bocce,326,31
0,VIOLETTA,14,2023,Bocce,319,32
0,GULNÀRA,14,2023,Bocce,308,37
0,ARRIGO,14,2023,Bocce,271,63
0,WURM,14,2023,Bocce,268,66
0,ARVINO,12,2023,Bocce,468,1
0,IAGO,12,2023,Bocce,441,2
0,EZIO,12,2023,Bocce,381,7
0,CASSIO,12,2023,Bocce,350,18
0,CONTE DI WALTER,12,2023,Bocce,349,19
0,ATTILA,12,2023,Bocce,348,20
0,DUNCANO,12,2023,Bocce,343,24
0,FORD,12,2023,Bocce,336,27
0,RODOLFO,12,2023,Bocce,307,38
0,GUSMANO,12,2023,Bocce,300,41
0,AIDA,12,2023,Bocce,295,43
0,SEID,12,2023,Bocce,294,45
0,RODRIGO,12,2023,Bocce,282,51
0,RADAMES,12,2023,Bocce,280,56
0,LUCREZIA,12,2023,Bocce,257,73
0,FRANCESCO FOSCARI,12,2023,Bocce,251,77
0,RENATO,10,2023,Bocce,418,5
0,DON CARLOS,10,2023,Bocce,378,8
0,ZAMORO,10,2023,Bocce,366,11
0,ODABELLA,10,2023,Bocce,311,34
0,AMELIA,10,2023,Bocce,304,39
0,PROCIDA,10,2023,Bocce,273,62
0,LIDA,10,2023,Bocce,264,68
0,MEDORA,10,2023,Bocce,256,74
0,LINA,10,2023,Bocce,255,75
0,FRA MELITONE,10,2023,Bocce,232,85
0,GASTONE,10,2023,Bocce,220,86
0,PISANA,10,2023,Bocce,192,88
0,OTELLO,8,2023,Bocce,440,3
0,MINA,8,2023,Bocce,348,21
0,MACBETH,8,2023,Bocce,338,26
0,ALICE,8,2023,Bocce,333,29
0,LUISA MILLER,8,2023,Bocce,316,33
0,RIGOLETTO,8,2023,Bocce,309,36
0,STIFFELIO,8,2023,Bocce,297,42
0,AROLDO,8,2023,Bocce,295,44
0,MACDUFF,8,2023,Bocce,292,46
0,EGBERTO,8,2023,Bocce,289,48
0,ZACCARIA,8,2023,Bocce,289,49
0,RE CARLO,8,2023,Bocce,282,52
0,GERMONT,8,2023,Bocce,279,57
0,NABUCODONOSOR,8,2023,Bocce,277,58
0,FALSTAFF,8,2023,Bocce,275,60
0,LEONORA,8,2023,Bocce,269,64
0,GILDA,8,2023,Bocce,262,70
0,ATALIBA,8,2023,Bocce,261,71
0,ABDALLO,8,2023,Bocce,261,72
0,VICLINDA,8,2023,Bocce,255,76
0,MANRICO,8,2023,Bocce,245,80
0,CONTE RICCARDO,8,2023,Bocce,232,84
0,RAMFIS,6,2023,Bocce,414,6
0,SPARAFUCILE,6,2023,Bocce,363,13
0,AZUCENA,6,2023,Bocce,353,16
0,CONTE DI LUNA,6,2023,Bocce,348,22
0,GISELDA,6,2023,Bocce,344,23
0,ELENA,6,2023,Bocce,334,28
0,GUY DE MONTFORT,6,2023,Bocce,311,35
0,DESDEMONA,6,2023,Bocce,287,50
0,GODVINO,6,2023,Bocce,282,53
0,ALZIRA,6,2023,Bocce,281,54
0,BARBARIGO,6,2023,Bocce,281,55
0,PREZIOSILLA,6,2023,Bocce,277,59
0,ELISABETTA DI VALOIS,6,2023,Bocce,274,61
0,ELVIRA,6,2023,Bocce,269,65
0,DUCA DI MANTOVA,6,2023,Bocce,267,67
0,CALATRAVA,6,2023,Bocce,263,69
0,FENTON,6,2023,Bocce,250,78
0,ROLANDO,6,2023,Bocce,247,79
0,STANKAR,6,2023,Bocce,243,81
0,RUY GOMEZ,6,2023,Bocce,242,82
0,AMNERIS,6,2023,Bocce,233,83
0,RAFFAELE,6,2023,Bocce,212,87
0,ATTILA,30,2023,Briscola,348,20
0,EGBERTO,25,2023,Briscola,289,48
0,MINA,21,2023,Briscola,348,21
0,RADAMES,18,2023,Briscola,280,56
0,EZIO,16,2023,Briscola,381,7
0,ABIGAILLE,16,2023,Briscola,357,15
0,VICLINDA,16,2023,Briscola,255,76
0,ROLANDO,16,2023,Briscola,247,79
0,IAGO,14,2023,Briscola,441,2
0,OTELLO,14,2023,Briscola,440,3
0,MARCOVALDO,14,2023,Briscola,376,9
0,GISELDA,14,2023,Briscola,344,23
0,DUNCANO,14,2023,Briscola,343,24
0,MACBETH,14,2023,Briscola,338,26
0,GUSMANO,14,2023,Briscola,300,41
0,ELVIRA,14,2023,Briscola,269,65
0,ARVINO,12,2023,Briscola,468,1
0,ALFREDO,12,2023,Briscola,436,4
0,RENATO,12,2023,Briscola,418,5
0,ZAMORO,12,2023,Briscola,366,11
0,PAGANO,12,2023,Briscola,327,30
0,ODABELLA,12,2023,Briscola,311,34
0,RODOLFO,12,2023,Briscola,307,38
0,BARBAROSSA,12,2023,Briscola,301,40
0,MACDUFF,12,2023,Briscola,292,46
0,GODVINO,12,2023,Briscola,282,53
0,NABUCODONOSOR,12,2023,Briscola,277,58
0,FALSTAFF,12,2023,Briscola,275,60
0,ELISABETTA DI VALOIS,12,2023,Briscola,274,61
0,WURM,12,2023,Briscola,268,66
0,GASTONE,12,2023,Briscola,220,86
0,RAFFAELE,12,2023,Briscola,212,87
0,ULDINO,10,2023,Briscola,365,12
0,FILIPPO II,10,2023,Briscola,350,17
0,FORD,10,2023,Briscola,336,27
0,VIOLETTA,10,2023,Briscola,319,32
0,RIGOLETTO,10,2023,Briscola,309,36
0,GULNÀRA,10,2023,Briscola,308,37
0,RODRIGO,10,2023,Briscola,282,51
0,ATALIBA,10,2023,Briscola,261,71
0,ABDALLO,10,2023,Briscola,261,72
0,LINA,10,2023,Briscola,255,75
0,MANRICO,10,2023,Briscola,245,80
0,CONTE RICCARDO,10,2023,Briscola,232,84
0,RAMFIS,8,2023,Briscola,414,6
0,MALCOLM,8,2023,Briscola,373,10
0,SPARAFUCILE,8,2023,Briscola,363,13
0,CONTE DI WALTER,8,2023,Briscola,349,19
0,CONTE DI LUNA,8,2023,Briscola,348,22
0,ULRICA,8,2023,Briscola,339,25
0,LUISA MILLER,8,2023,Briscola,316,33
0,GUY DE MONTFORT,8,2023,Briscola,311,35
0,AIDA,8,2023,Briscola,295,43
0,AROLDO,8,2023,Briscola,295,44
0,SEID,8,2023,Briscola,294,45
0,ERNANI,8,2023,Briscola,289,47
0,DESDEMONA,8,2023,Briscola,287,50
0,RE CARLO,8,2023,Briscola,282,52
0,ALZIRA,8,2023,Briscola,281,54
0,PREZIOSILLA,8,2023,Briscola,277,59
0,PROCIDA,8,2023,Briscola,273,62
0,LEONORA,8,2023,Briscola,269,64
0,DUCA DI MANTOVA,8,2023,Briscola,267,67
0,LIDA,8,2023,Briscola,264,68
0,GILDA,8,2023,Briscola,262,70
0,STANKAR,8,2023,Briscola,243,81
0,DON CARLOS,6,2023,Briscola,378,8
0,CORRADO,6,2023,Briscola,359,14
0,AZUCENA,6,2023,Briscola,353,16
0,CASSIO,6,2023,Briscola,350,18
0,ELENA,6,2023,Briscola,334,28
0,ALICE,6,2023,Briscola,333,29
0,DON ALVARO,6,2023,Briscola,326,31
0,AMELIA,6,2023,Briscola,304,39
0,STIFFELIO,6,2023,Briscola,297,42
0,ZACCARIA,6,2023,Briscola,289,49
0,BARBARIGO,6,2023,Briscola,281,55
0,GERMONT,6,2023,Briscola,279,57
0,ARRIGO,6,2023,Briscola,271,63
0,CALATRAVA,6,2023,Briscola,263,69
0,LUCREZIA,6,2023,Briscola,257,73
0,MEDORA,6,2023,Briscola,256,74
0,FRANCESCO FOSCARI,6,2023,Briscola,251,77
0,FENTON,6,2023,Briscola,250,78
0,RUY GOMEZ,6,2023,Briscola,242,82
0,AMNERIS,6,2023,Briscola,233,83
0,FRA MELITONE,6,2023,Briscola,232,85
0,PISANA,6,2023,Briscola,192,88
0,ALZIRA,30,2023,Calciobalilla,281,54
0,RENATO,25,2023,Calciobalilla,418,5
0,ALFREDO,21,2023,Calciobalilla,436,4
0,ULRICA,18,2023,Calciobalilla,339,25
0,MALCOLM,16,2023,Calciobalilla,373,10
0,CORRADO,16,2023,Calciobalilla,359,14
0,GUSMANO,16,2023,Calciobalilla,300,41
0,DESDEMONA,16,2023,Calciobalilla,287,50
0,IAGO,14,2023,Calciobalilla,441,2
0,AZUCENA,14,2023,Calciobalilla,353,16
0,CASSIO,14,2023,Calciobalilla,350,18
0,VIOLETTA,14,2023,Calciobalilla,319,32
0,RODOLFO,14,2023,Calciobalilla,307,38
0,RE CARLO,14,2023,Calciobalilla,282,52
0,GERMONT,14,2023,Calciobalilla,279,57
0,ELVIRA,14,2023,Calciobalilla,269,65
0,RAMFIS,12,2023,Calciobalilla,414,6
0,DON CARLOS,12,2023,Calciobalilla,378,8
0,MARCOVALDO,12,2023,Calciobalilla,376,9
0,ULDINO,12,2023,Calciobalilla,365,12
0,CONTE DI WALTER,12,2023,Calciobalilla,349,19
0,CONTE DI LUNA,12,2023,Calciobalilla,348,22
0,MACBETH,12,2023,Calciobalilla,338,26
0,ELENA,12,2023,Calciobalilla,334,28
0,DON ALVARO,12,2023,Calciobalilla,326,31
0,SEID,12,2023,Calciobalilla,294,45
0,MACDUFF,12,2023,Calciobalilla,292,46
0,RODRIGO,12,2023,Calciobalilla,282,51
0,PREZIOSILLA,12,2023,Calciobalilla,277,59
0,ELISABETTA DI VALOIS,12,2023,Calciobalilla,274,61
0,PROCIDA,12,2023,Calciobalilla,273,62
0,GILDA,12,2023,Calciobalilla,262,70
0,ARVINO,10,2023,Calciobalilla,468,1
0,OTELLO,10,2023,Calciobalilla,440,3
0,GISELDA,10,2023,Calciobalilla,344,23
0,LUISA MILLER,10,2023,Calciobalilla,316,33
0,RIGOLETTO,10,2023,Calciobalilla,309,36
0,AIDA,10,2023,Calciobalilla,295,43
0,AROLDO,10,2023,Calciobalilla,295,44
0,ERNANI,10,2023,Calciobalilla,289,47
0,BARBARIGO,10,2023,Calciobalilla,281,55
0,MEDORA,10,2023,Calciobalilla,256,74
0,FENTON,10,2023,Calciobalilla,250,78
0,ROLANDO,10,2023,Calciobalilla,247,79
0,EZIO,8,2023,Calciobalilla,381,7
0,ZAMORO,8,2023,Calciobalilla,366,11
0,FILIPPO II,8,2023,Calciobalilla,350,17
0,MINA,8,2023,Calciobalilla,348,21
0,DUNCANO,8,2023,Calciobalilla,343,24
0,FORD,8,2023,Calciobalilla,336,27
0,ALICE,8,2023,Calciobalilla,333,29
0,PAGANO,8,2023,Calciobalilla,327,30
0,GUY DE MONTFORT,8,2023,Calciobalilla,311,35
0,GULNÀRA,8,2023,Calciobalilla,308,37
0,AMELIA,8,2023,Calciobalilla,304,39
0,EGBERTO,8,2023,Calciobalilla,289,48
0,GODVINO,8,2023,Calciobalilla,282,53
0,RADAMES,8,2023,Calciobalilla,280,56
0,NABUCODONOSOR,8,2023,Calciobalilla,277,58
0,FALSTAFF,8,2023,Calciobalilla,275,60
0,LEONORA,8,2023,Calciobalilla,269,64
0,WURM,8,2023,Calciobalilla,268,66
0,ABDALLO,8,2023,Calciobalilla,261,72
0,AMNERIS,8,2023,Calciobalilla,233,83
0,FRA MELITONE,8,2023,Calciobalilla,232,85
0,GASTONE,8,2023,Calciobalilla,220,86
0,SPARAFUCILE,6,2023,Calciobalilla,363,13
0,ABIGAILLE,6,2023,Calciobalilla,357,15
0,ATTILA,6,2023,Calciobalilla,348,20
0,ODABELLA,6,2023,Calciobalilla,311,34
0,BARBAROSSA,6,2023,Calciobalilla,301,40
0,STIFFELIO,6,2023,Calciobalilla,297,42
0,ZACCARIA,6,2023,Calciobalilla,289,49
0,ARRIGO,6,2023,Calciobalilla,271,63
0,DUCA DI MANTOVA,6,2023,Calciobalilla,267,67
0,LIDA,6,2023,Calciobalilla,264,68
0,CALATRAVA,6,2023,Calciobalilla,263,69
0,ATALIBA,6,2023,Calciobalilla,261,71
0,LUCREZIA,6,2023,Calciobalilla,257,73
0,LINA,6,2023,Calciobalilla,255,75
0,VICLINDA,6,2023,Calciobalilla,255,76
0,FRANCESCO FOSCARI,6,2023,Calciobalilla,251,77
0,MANRICO,6,2023,Calciobalilla,245,80
0,STANKAR,6,2023,Calciobalilla,243,81
0,RUY GOMEZ,6,2023,Calciobalilla,242,82
0,CONTE RICCARDO,6,2023,Calciobalilla,232,84
0,RAFFAELE,6,2023,Calciobalilla,212,87
0,PISANA,6,2023,Calciobalilla,192,88
0,LUCREZIA,30,2023,Canotto Race,257,73
0,RAMFIS,25,2023,Canotto Race,414,6
0,ALFREDO,21,2023,Canotto Race,436,4
0,MARCOVALDO,18,2023,Canotto Race,376,9
0,ARVINO,16,2023,Canotto Race,468,1
0,ZAMORO,16,2023,Canotto Race,366,11
0,ABIGAILLE,16,2023,Canotto Race,357,15
0,GULNÀRA,16,2023,Canotto Race,308,37
0,EZIO,14,2023,Canotto Race,381,7
0,AZUCENA,14,2023,Canotto Race,353,16
0,CASSIO,14,2023,Canotto Race,350,18
0,GISELDA,14,2023,Canotto Race,344,23
0,MACBETH,14,2023,Canotto Race,338,26
0,ALZIRA,14,2023,Canotto Race,281,54
0,ARRIGO,14,2023,Canotto Race,271,63
0,LIDA,14,2023,Canotto Race,264,68
0,IAGO,12,2023,Canotto Race,441,2
0,ULDINO,12,2023,Canotto Race,365,12
0,CORRADO,12,2023,Canotto Race,359,14
0,LUISA MILLER,12,2023,Canotto Race,316,33
0,ODABELLA,12,2023,Canotto Race,311,34
0,RIGOLETTO,12,2023,Canotto Race,309,36
0,AMELIA,12,2023,Canotto Race,304,39
0,GUSMANO,12,2023,Canotto Race,300,41
0,AROLDO,12,2023,Canotto Race,295,44
0,ZACCARIA,12,2023,Canotto Race,289,49
0,DESDEMONA,12,2023,Canotto Race,287,50
0,RE CARLO,12,2023,Canotto Race,282,52
0,GERMONT,12,2023,Canotto Race,279,57
0,ATALIBA,12,2023,Canotto Race,261,71
0,MEDORA,12,2023,Canotto Race,256,74
0,MANRICO,12,2023,Canotto Race,245,80
0,DON CARLOS,10,2023,Canotto Race,378,8
0,FILIPPO II,10,2023,Canotto Race,350,17
0,CONTE DI WALTER,10,2023,Canotto Race,349,19
0,MINA,10,2023,Canotto Race,348,21
0,ULRICA,10,2023,Canotto Race,339,25
0,FORD,10,2023,Canotto Race,336,27
0,ALICE,10,2023,Canotto Race,333,29
0,BARBAROSSA,10,2023,Canotto Race,301,40
0,WURM,10,2023,Canotto Race,268,66
0,GILDA,10,2023,Canotto Race,262,70
0,RUY GOMEZ,10,2023,Canotto Race,242,82
0,GASTONE,10,2023,Canotto Race,220,86
0,OTELLO,8,2023,Canotto Race,440,3
0,MALCOLM,8,2023,Canotto Race,373,10
0,SPARAFUCILE,8,2023,Canotto Race,363,13
0,ATTILA,8,2023,Canotto Race,348,20
0,CONTE DI LUNA,8,2023,Canotto Race,348,22
0,PAGANO,8,2023,Canotto Race,327,30
0,DON ALVARO,8,2023,Canotto Race,326,31
0,VIOLETTA,8,2023,Canotto Race,319,32
0,RODOLFO,8,2023,Canotto Race,307,38
0,STIFFELIO,8,2023,Canotto Race,297,42
0,SEID,8,2023,Canotto Race,294,45
0,MACDUFF,8,2023,Canotto Race,292,46
0,RODRIGO,8,2023,Canotto Race,282,51
0,GODVINO,8,2023,Canotto Race,282,53
0,BARBARIGO,8,2023,Canotto Race,281,55
0,NABUCODONOSOR,8,2023,Canotto Race,277,58
0,ELVIRA,8,2023,Canotto Race,269,65
0,CALATRAVA,8,2023,Canotto Race,263,69
0,LINA,8,2023,Canotto Race,255,75
0,FENTON,8,2023,Canotto Race,250,78
0,AMNERIS,8,2023,Canotto Race,233,83
0,PISANA,8,2023,Canotto Race,192,88
0,RENATO,6,2023,Canotto Race,418,5
0,DUNCANO,6,2023,Canotto Race,343,24
0,ELENA,6,2023,Canotto Race,334,28
0,GUY DE MONTFORT,6,2023,Canotto Race,311,35
0,AIDA,6,2023,Canotto Race,295,43
0,ERNANI,6,2023,Canotto Race,289,47
0,EGBERTO,6,2023,Canotto Race,289,48
0,RADAMES,6,2023,Canotto Race,280,56
0,PREZIOSILLA,6,2023,Canotto Race,277,59
0,FALSTAFF,6,2023,Canotto Race,275,60
0,ELISABETTA DI VALOIS,6,2023,Canotto Race,274,61
0,PROCIDA,6,2023,Canotto Race,273,62
0,LEONORA,6,2023,Canotto Race,269,64
0,DUCA DI MANTOVA,6,2023,Canotto Race,267,67
0,ABDALLO,6,2023,Canotto Race,261,72
0,VICLINDA,6,2023,Canotto Race,255,76
0,FRANCESCO FOSCARI,6,2023,Canotto Race,251,77
0,ROLANDO,6,2023,Canotto Race,247,79
0,STANKAR,6,2023,Canotto Race,243,81
0,CONTE RICCARDO,6,2023,Canotto Race,232,84
0,FRA MELITONE,6,2023,Canotto Race,232,85
0,RAFFAELE,6,2023,Canotto Race,212,87
0,AZUCENA,30,2023,Disc Golf,353,16
0,ULRICA,25,2023,Disc Golf,339,25
0,DON CARLOS,21,2023,Disc Golf,378,8
0,IAGO,18,2023,Disc Golf,441,2
0,SEID,18,2023,Disc Golf,294,45
0,EZIO,17,2023,Disc Golf,381,7
0,MALCOLM,17,2023,Disc Golf,373,10
0,ABIGAILLE,17,2023,Disc Golf,357,15
0,GISELDA,17,2023,Disc Golf,344,23
0,ELENA,17,2023,Disc Golf,334,28
0,GUY DE MONTFORT,17,2023,Disc Golf,311,35
0,GULNÀRA,17,2023,Disc Golf,308,37
0,ELVIRA,17,2023,Disc Golf,269,65
0,ARVINO,15,2023,Disc Golf,468,1
0,CONTE DI LUNA,15,2023,Disc Golf,348,22
0,PAGANO,15,2023,Disc Golf,327,30
0,AIDA,15,2023,Disc Golf,295,43
0,OTELLO,14,2023,Disc Golf,440,3
0,ZAMORO,14,2023,Disc Golf,366,11
0,FILIPPO II,14,2023,Disc Golf,350,17
0,FORD,14,2023,Disc Golf,336,27
0,RODOLFO,14,2023,Disc Golf,307,38
0,RODRIGO,14,2023,Disc Golf,282,51
0,ABDALLO,14,2023,Disc Golf,261,72
0,ALFREDO,13,2023,Disc Golf,436,4
0,MARCOVALDO,13,2023,Disc Golf,376,9
0,DON ALVARO,13,2023,Disc Golf,326,31
0,RIGOLETTO,13,2023,Disc Golf,309,36
0,MEDORA,13,2023,Disc Golf,256,74
0,MINA,12,2023,Disc Golf,348,21
0,DUNCANO,12,2023,Disc Golf,343,24
0,LUISA MILLER,12,2023,Disc Golf,316,33
0,STIFFELIO,12,2023,Disc Golf,297,42
0,NABUCODONOSOR,12,2023,Disc Golf,277,58
0,LEONORA,12,2023,Disc Golf,269,64
0,RAMFIS,11,2023,Disc Golf,414,6
0,ULDINO,11,2023,Disc Golf,365,12
0,CASSIO,11,2023,Disc Golf,350,18
0,ATTILA,11,2023,Disc Golf,348,20
0,GODVINO,11,2023,Disc Golf,282,53
0,MANRICO,11,2023,Disc Golf,245,80
0,FRA MELITONE,11,2023,Disc Golf,232,85
0,RENATO,10,2023,Disc Golf,418,5
0,SPARAFUCILE,10,2023,Disc Golf,363,13
0,CORRADO,10,2023,Disc Golf,359,14
0,VIOLETTA,10,2023,Disc Golf,319,32
0,ODABELLA,10,2023,Disc Golf,311,34
0,FRANCESCO FOSCARI,10,2023,Disc Golf,251,77
0,ROLANDO,10,2023,Disc Golf,247,79
0,CONTE RICCARDO,10,2023,Disc Golf,232,84
0,ALICE,9,2023,Disc Golf,333,29
0,MACDUFF,9,2023,Disc Golf,292,46
0,GERMONT,9,2023,Disc Golf,279,57
0,FALSTAFF,9,2023,Disc Golf,275,60
0,DUCA DI MANTOVA,9,2023,Disc Golf,267,67
0,LIDA,9,2023,Disc Golf,264,68
0,GILDA,9,2023,Disc Golf,262,70
0,VICLINDA,9,2023,Disc Golf,255,76
0,STANKAR,9,2023,Disc Golf,243,81
0,CONTE DI WALTER,8,2023,Disc Golf,349,19
0,ERNANI,8,2023,Disc Golf,289,47
0,EGBERTO,8,2023,Disc Golf,289,48
0,ZACCARIA,8,2023,Disc Golf,289,49
0,RADAMES,8,2023,Disc Golf,280,56
0,ARRIGO,8,2023,Disc Golf,271,63
0,LINA,8,2023,Disc Golf,255,75
0,FENTON,8,2023,Disc Golf,250,78
0,RAFFAELE,8,2023,Disc Golf,212,87
0,AMELIA,7,2023,Disc Golf,304,39
0,BARBAROSSA,7,2023,Disc Golf,301,40
0,GUSMANO,7,2023,Disc Golf,300,41
0,AROLDO,7,2023,Disc Golf,295,44
0,ALZIRA,7,2023,Disc Golf,281,54
0,BARBARIGO,7,2023,Disc Golf,281,55
0,PREZIOSILLA,7,2023,Disc Golf,277,59
0,ELISABETTA DI VALOIS,7,2023,Disc Golf,274,61
0,ATALIBA,7,2023,Disc Golf,261,71
0,AMNERIS,7,2023,Disc Golf,233,83
0,MACBETH,6,2023,Disc Golf,338,26
0,DESDEMONA,6,2023,Disc Golf,287,50
0,RE CARLO,6,2023,Disc Golf,282,52
0,PROCIDA,6,2023,Disc Golf,273,62
0,WURM,6,2023,Disc Golf,268,66
0,CALATRAVA,6,2023,Disc Golf,263,69
0,LUCREZIA,6,2023,Disc Golf,257,73
0,RUY GOMEZ,6,2023,Disc Golf,242,82
0,GASTONE,6,2023,Disc Golf,220,86
0,PISANA,6,2023,Disc Golf,192,88
0,MINA,30,2023,Dodgeball,348,21
0,DUNCANO,25,2023,Dodgeball,343,24
0,GUSMANO,21,2023,Dodgeball,300,41
0,DESDEMONA,18,2023,Dodgeball,287,50
0,ARVINO,16,2023,Dodgeball,468,1
0,IAGO,16,2023,Dodgeball,441,2
0,AZUCENA,16,2023,Dodgeball,353,16
0,ZACCARIA,16,2023,Dodgeball,289,49
0,DON CARLOS,14,2023,Dodgeball,378,8
0,ULDINO,14,2023,Dodgeball,365,12
0,SPARAFUCILE,14,2023,Dodgeball,363,13
0,ABIGAILLE,14,2023,Dodgeball,357,15
0,CASSIO,14,2023,Dodgeball,350,18
0,DON ALVARO,14,2023,Dodgeball,326,31
0,RIGOLETTO,14,2023,Dodgeball,309,36
0,DUCA DI MANTOVA,14,2023,Dodgeball,267,67
0,ALFREDO,12,2023,Dodgeball,436,4
0,RAMFIS,12,2023,Dodgeball,414,6
0,EZIO,12,2023,Dodgeball,381,7
0,FILIPPO II,12,2023,Dodgeball,350,17
0,CONTE DI LUNA,12,2023,Dodgeball,348,22
0,ULRICA,12,2023,Dodgeball,339,25
0,FORD,12,2023,Dodgeball,336,27
0,ODABELLA,12,2023,Dodgeball,311,34
0,GULNÀRA,12,2023,Dodgeball,308,37
0,STIFFELIO,12,2023,Dodgeball,297,42
0,AIDA,12,2023,Dodgeball,295,43
0,RE CARLO,12,2023,Dodgeball,282,52
0,BARBARIGO,12,2023,Dodgeball,281,55
0,GERMONT,12,2023,Dodgeball,279,57
0,ARRIGO,12,2023,Dodgeball,271,63
0,RAFFAELE,12,2023,Dodgeball,212,87
0,OTELLO,10,2023,Dodgeball,440,3
0,CORRADO,10,2023,Dodgeball,359,14
0,ATTILA,10,2023,Dodgeball,348,20
0,RODOLFO,10,2023,Dodgeball,307,38
0,BARBAROSSA,10,2023,Dodgeball,301,40
0,AROLDO,10,2023,Dodgeball,295,44
0,MACDUFF,10,2023,Dodgeball,292,46
0,ERNANI,10,2023,Dodgeball,289,47
0,RADAMES,10,2023,Dodgeball,280,56
0,PREZIOSILLA,10,2023,Dodgeball,277,59
0,FALSTAFF,10,2023,Dodgeball,275,60
0,ELVIRA,10,2023,Dodgeball,269,65
0,RENATO,8,2023,Dodgeball,418,5
0,MARCOVALDO,8,2023,Dodgeball,376,9
0,MALCOLM,8,2023,Dodgeball,373,10
0,ZAMORO,8,2023,Dodgeball,366,11
0,CONTE DI WALTER,8,2023,Dodgeball,349,19
0,GISELDA,8,2023,Dodgeball,344,23
0,MACBETH,8,2023,Dodgeball,338,26
0,ELENA,8,2023,Dodgeball,334,28
0,ALICE,8,2023,Dodgeball,333,29
0,VIOLETTA,8,2023,Dodgeball,319,32
0,LUISA MILLER,8,2023,Dodgeball,316,33
0,GUY DE MONTFORT,8,2023,Dodgeball,311,35
0,AMELIA,8,2023,Dodgeball,304,39
0,SEID,8,2023,Dodgeball,294,45
0,RODRIGO,8,2023,Dodgeball,282,51
0,NABUCODONOSOR,8,2023,Dodgeball,277,58
0,CALATRAVA,8,2023,Dodgeball,263,69
0,GILDA,8,2023,Dodgeball,262,70
0,ABDALLO,8,2023,Dodgeball,261,72
0,FRANCESCO FOSCARI,8,2023,Dodgeball,251,77
0,FENTON,8,2023,Dodgeball,250,78
0,RUY GOMEZ,8,2023,Dodgeball,242,82
0,PAGANO,6,2023,Dodgeball,327,30
0,EGBERTO,6,2023,Dodgeball,289,48
0,GODVINO,6,2023,Dodgeball,282,53
0,ALZIRA,6,2023,Dodgeball,281,54
0,ELISABETTA DI VALOIS,6,2023,Dodgeball,274,61
0,PROCIDA,6,2023,Dodgeball,273,62
0,LEONORA,6,2023,Dodgeball,269,64
0,WURM,6,2023,Dodgeball,268,66
0,LIDA,6,2023,Dodgeball,264,68
0,ATALIBA,6,2023,Dodgeball,261,71
0,LUCREZIA,6,2023,Dodgeball,257,73
0,MEDORA,6,2023,Dodgeball,256,74
0,LINA,6,2023,Dodgeball,255,75
0,VICLINDA,6,2023,Dodgeball,255,76
0,ROLANDO,6,2023,Dodgeball,247,79
0,MANRICO,6,2023,Dodgeball,245,80
0,STANKAR,6,2023,Dodgeball,243,81
0,AMNERIS,6,2023,Dodgeball,233,83
0,CONTE RICCARDO,6,2023,Dodgeball,232,84
0,FRA MELITONE,6,2023,Dodgeball,232,85
0,GASTONE,6,2023,Dodgeball,220,86
0,PISANA,6,2023,Dodgeball,192,88
0,ODABELLA,30,2023,Freccette,311,34
0,ALFREDO,25,2023,Freccette,436,4
0,DON ALVARO,21,2023,Freccette,326,31
0,GUSMANO,18,2023,Freccette,300,41
0,VIOLETTA,16,2023,Freccette,319,32
0,SEID,16,2023,Freccette,294,45
0,RADAMES,16,2023,Freccette,280,56
0,WURM,16,2023,Freccette,268,66
0,ARVINO,14,2023,Freccette,468,1
0,RENATO,14,2023,Freccette,418,5
0,CORRADO,14,2023,Freccette,359,14
0,LUISA MILLER,14,2023,Freccette,316,33
0,GULNÀRA,14,2023,Freccette,308,37
0,ALZIRA,14,2023,Freccette,281,54
0,LEONORA,14,2023,Freccette,269,64
0,ABDALLO,14,2023,Freccette,261,72
0,OTELLO,12,2023,Freccette,440,3
0,RAMFIS,12,2023,Freccette,414,6
0,EZIO,12,2023,Freccette,381,7
0,MALCOLM,12,2023,Freccette,373,10
0,SPARAFUCILE,12,2023,Freccette,363,13
0,CASSIO,12,2023,Freccette,350,18
0,ATTILA,12,2023,Freccette,348,20
0,GISELDA,12,2023,Freccette,344,23
0,DUNCANO,12,2023,Freccette,343,24
0,AMELIA,12,2023,Freccette,304,39
0,BARBAROSSA,12,2023,Freccette,301,40
0,STIFFELIO,12,2023,Freccette,297,42
0,MACDUFF,12,2023,Freccette,292,46
0,PROCIDA,12,2023,Freccette,273,62
0,ARRIGO,12,2023,Freccette,271,63
0,FRANCESCO FOSCARI,12,2023,Freccette,251,77
0,ULDINO,10,2023,Freccette,365,12
0,CONTE DI WALTER,10,2023,Freccette,349,19
0,CONTE DI LUNA,10,2023,Freccette,348,22
0,ULRICA,10,2023,Freccette,339,25
0,FORD,10,2023,Freccette,336,27
0,ALICE,10,2023,Freccette,333,29
0,RODOLFO,10,2023,Freccette,307,38
0,AIDA,10,2023,Freccette,295,43
0,AROLDO,10,2023,Freccette,295,44
0,EGBERTO,10,2023,Freccette,289,48
0,ELISABETTA DI VALOIS,10,2023,Freccette,274,61
0,GASTONE,10,2023,Freccette,220,86
0,IAGO,8,2023,Freccette,441,2
0,DON CARLOS,8,2023,Freccette,378,8
0,MARCOVALDO,8,2023,Freccette,376,9
0,ZAMORO,8,2023,Freccette,366,11
0,AZUCENA,8,2023,Freccette,353,16
0,FILIPPO II,8,2023,Freccette,350,17
0,MINA,8,2023,Freccette,348,21
0,ELENA,8,2023,Freccette,334,28
0,PAGANO,8,2023,Freccette,327,30
0,RIGOLETTO,8,2023,Freccette,309,36
0,GODVINO,8,2023,Freccette,282,53
0,BARBARIGO,8,2023,Freccette,281,55
0,ELVIRA,8,2023,Freccette,269,65
0,GILDA,8,2023,Freccette,262,70
0,MEDORA,8,2023,Freccette,256,74
0,LINA,8,2023,Freccette,255,75
0,VICLINDA,8,2023,Freccette,255,76
0,FENTON,8,2023,Freccette,250,78
0,MANRICO,8,2023,Freccette,245,80
0,STANKAR,8,2023,Freccette,243,81
0,CONTE RICCARDO,8,2023,Freccette,232,84
0,RAFFAELE,8,2023,Freccette,212,87
0,ABIGAILLE,6,2023,Freccette,357,15
0,MACBETH,6,2023,Freccette,338,26
0,GUY DE MONTFORT,6,2023,Freccette,311,35
0,ERNANI,6,2023,Freccette,289,47
0,ZACCARIA,6,2023,Freccette,289,49
0,DESDEMONA,6,2023,Freccette,287,50
0,RODRIGO,6,2023,Freccette,282,51
0,RE CARLO,6,2023,Freccette,282,52
0,GERMONT,6,2023,Freccette,279,57
0,NABUCODONOSOR,6,2023,Freccette,277,58
0,PREZIOSILLA,6,2023,Freccette,277,59
0,FALSTAFF,6,2023,Freccette,275,60
0,DUCA DI MANTOVA,6,2023,Freccette,267,67
0,LIDA,6,2023,Freccette,264,68
0,CALATRAVA,6,2023,Freccette,263,69
0,ATALIBA,6,2023,Freccette,261,71
0,LUCREZIA,6,2023,Freccette,257,73
0,ROLANDO,6,2023,Freccette,247,79
0,RUY GOMEZ,6,2023,Freccette,242,82
0,AMNERIS,6,2023,Freccette,233,83
0,FRA MELITONE,6,2023,Freccette,232,85
0,PISANA,6,2023,Freccette,192,88
0,MALCOLM,30,2023,Free Climbing,373,10
0,OTELLO,25,2023,Free Climbing,440,3
0,CASSIO,21,2023,Free Climbing,350,18
0,RAMFIS,18,2023,Free Climbing,414,6
0,IAGO,16,2023,Free Climbing,441,2
0,RENATO,16,2023,Free Climbing,418,5
0,CONTE DI WALTER,16,2023,Free Climbing,349,19
0,PAGANO,16,2023,Free Climbing,327,30
0,ARVINO,14,2023,Free Climbing,468,1
0,EZIO,14,2023,Free Climbing,381,7
0,ABIGAILLE,14,2023,Free Climbing,357,15
0,CONTE DI LUNA,14,2023,Free Climbing,348,22
0,GISELDA,14,2023,Free Climbing,344,23
0,MACBETH,14,2023,Free Climbing,338,26
0,GULNÀRA,14,2023,Free Climbing,308,37
0,FRA MELITONE,14,2023,Free Climbing,232,85
0,ALFREDO,12,2023,Free Climbing,436,4
0,ZAMORO,12,2023,Free Climbing,366,11
0,AZUCENA,12,2023,Free Climbing,353,16
0,DON ALVARO,12,2023,Free Climbing,326,31
0,ODABELLA,12,2023,Free Climbing,311,34
0,RIGOLETTO,12,2023,Free Climbing,309,36
0,BARBAROSSA,12,2023,Free Climbing,301,40
0,EGBERTO,12,2023,Free Climbing,289,48
0,RE CARLO,12,2023,Free Climbing,282,52
0,ALZIRA,12,2023,Free Climbing,281,54
0,NABUCODONOSOR,12,2023,Free Climbing,277,58
0,ELISABETTA DI VALOIS,12,2023,Free Climbing,274,61
0,ARRIGO,12,2023,Free Climbing,271,63
0,WURM,12,2023,Free Climbing,268,66
0,MEDORA,12,2023,Free Climbing,256,74
0,MANRICO,12,2023,Free Climbing,245,80
0,DON CARLOS,10,2023,Free Climbing,378,8
0,DUNCANO,10,2023,Free Climbing,343,24
0,VIOLETTA,10,2023,Free Climbing,319,32
0,AMELIA,10,2023,Free Climbing,304,39
0,AIDA,10,2023,Free Climbing,295,43
0,RADAMES,10,2023,Free Climbing,280,56
0,GERMONT,10,2023,Free Climbing,279,57
0,FALSTAFF,10,2023,Free Climbing,275,60
0,LEONORA,10,2023,Free Climbing,269,64
0,DUCA DI MANTOVA,10,2023,Free Climbing,267,67
0,LIDA,10,2023,Free Climbing,264,68
0,ABDALLO,10,2023,Free Climbing,261,72
0,MARCOVALDO,8,2023,Free Climbing,376,9
0,SPARAFUCILE,8,2023,Free Climbing,363,13
0,CORRADO,8,2023,Free Climbing,359,14
0,FILIPPO II,8,2023,Free Climbing,350,17
0,ATTILA,8,2023,Free Climbing,348,20
0,MINA,8,2023,Free Climbing,348,21
0,FORD,8,2023,Free Climbing,336,27
0,ALICE,8,2023,Free Climbing,333,29
0,LUISA MILLER,8,2023,Free Climbing,316,33
0,GUY DE MONTFORT,8,2023,Free Climbing,311,35
0,RODOLFO,8,2023,Free Climbing,307,38
0,AROLDO,8,2023,Free Climbing,295,44
0,MACDUFF,8,2023,Free Climbing,292,46
0,ERNANI,8,2023,Free Climbing,289,47
0,DESDEMONA,8,2023,Free Climbing,287,50
0,GODVINO,8,2023,Free Climbing,282,53
0,ATALIBA,8,2023,Free Climbing,261,71
0,FRANCESCO FOSCARI,8,2023,Free Climbing,251,77
0,FENTON,8,2023,Free Climbing,250,78
0,ROLANDO,8,2023,Free Climbing,247,79
0,GASTONE,8,2023,Free Climbing,220,86
0,PISANA,8,2023,Free Climbing,192,88
0,ULDINO,6,2023,Free Climbing,365,12
0,ULRICA,6,2023,Free Climbing,339,25
0,ELENA,6,2023,Free Climbing,334,28
0,GUSMANO,6,2023,Free Climbing,300,41
0,STIFFELIO,6,2023,Free Climbing,297,42
0,SEID,6,2023,Free Climbing,294,45
0,ZACCARIA,6,2023,Free Climbing,289,49
0,RODRIGO,6,2023,Free Climbing,282,51
0,BARBARIGO,6,2023,Free Climbing,281,55
0,PREZIOSILLA,6,2023,Free Climbing,277,59
0,PROCIDA,6,2023,Free Climbing,273,62
0,ELVIRA,6,2023,Free Climbing,269,65
0,CALATRAVA,6,2023,Free Climbing,263,69
0,GILDA,6,2023,Free Climbing,262,70
0,LUCREZIA,6,2023,Free Climbing,257,73
0,LINA,6,2023,Free Climbing,255,75
0,VICLINDA,6,2023,Free Climbing,255,76
0,STANKAR,6,2023,Free Climbing,243,81
0,RUY GOMEZ,6,2023,Free Climbing,242,82
0,AMNERIS,6,2023,Free Climbing,233,83
0,CONTE RICCARDO,6,2023,Free Climbing,232,84
0,RAFFAELE,6,2023,Free Climbing,212,87
0,ARVINO,30,2023,Grazielle,468,1
0,STIFFELIO,25,2023,Grazielle,297,42
0,CASSIO,21,2023,Grazielle,350,18
0,MARCOVALDO,18,2023,Grazielle,376,9
0,RAMFIS,17,2023,Grazielle,414,6
0,ABIGAILLE,17,2023,Grazielle,357,15
0,RADAMES,17,2023,Grazielle,280,56
0,GERMONT,17,2023,Grazielle,279,57
0,ALFREDO,16,2023,Grazielle,436,4
0,EZIO,16,2023,Grazielle,381,7
0,CORRADO,16,2023,Grazielle,359,14
0,RODOLFO,16,2023,Grazielle,307,38
0,IAGO,15,2023,Grazielle,441,2
0,DON CARLOS,15,2023,Grazielle,378,8
0,SPARAFUCILE,15,2023,Grazielle,363,13
0,RIGOLETTO,15,2023,Grazielle,309,36
0,ROLANDO,15,2023,Grazielle,247,79
0,FILIPPO II,14,2023,Grazielle,350,17
0,CONTE DI LUNA,14,2023,Grazielle,348,22
0,FORD,14,2023,Grazielle,336,27
0,ALICE,14,2023,Grazielle,333,29
0,LIDA,14,2023,Grazielle,264,68
0,AZUCENA,13,2023,Grazielle,353,16
0,GISELDA,13,2023,Grazielle,344,23
0,MACBETH,13,2023,Grazielle,338,26
0,ERNANI,13,2023,Grazielle,289,47
0,GODVINO,13,2023,Grazielle,282,53
0,DUCA DI MANTOVA,13,2023,Grazielle,267,67
0,OTELLO,12,2023,Grazielle,440,3
0,PAGANO,12,2023,Grazielle,327,30
0,BARBAROSSA,12,2023,Grazielle,301,40
0,GUSMANO,12,2023,Grazielle,300,41
0,RE CARLO,12,2023,Grazielle,282,52
0,ATALIBA,12,2023,Grazielle,261,71
0,FRANCESCO FOSCARI,12,2023,Grazielle,251,77
0,RENATO,11,2023,Grazielle,418,5
0,ZAMORO,11,2023,Grazielle,366,11
0,AMELIA,11,2023,Grazielle,304,39
0,AIDA,11,2023,Grazielle,295,43
0,MACDUFF,11,2023,Grazielle,292,46
0,ALZIRA,11,2023,Grazielle,281,54
0,FENTON,11,2023,Grazielle,250,78
0,ATTILA,10,2023,Grazielle,348,20
0,GULNÀRA,10,2023,Grazielle,308,37
0,RODRIGO,10,2023,Grazielle,282,51
0,ELISABETTA DI VALOIS,10,2023,Grazielle,274,61
0,ARRIGO,10,2023,Grazielle,271,63
0,ABDALLO,10,2023,Grazielle,261,72
0,LUCREZIA,10,2023,Grazielle,257,73
0,GASTONE,10,2023,Grazielle,220,86
0,DUNCANO,9,2023,Grazielle,343,24
0,ULRICA,9,2023,Grazielle,339,25
0,VIOLETTA,9,2023,Grazielle,319,32
0,AROLDO,9,2023,Grazielle,295,44
0,ZACCARIA,9,2023,Grazielle,289,49
0,DESDEMONA,9,2023,Grazielle,287,50
0,BARBARIGO,9,2023,Grazielle,281,55
0,PREZIOSILLA,9,2023,Grazielle,277,59
0,CALATRAVA,9,2023,Grazielle,263,69
0,MALCOLM,8,2023,Grazielle,373,10
0,ULDINO,8,2023,Grazielle,365,12
0,CONTE DI WALTER,8,2023,Grazielle,349,19
0,MINA,8,2023,Grazielle,348,21
0,GUY DE MONTFORT,8,2023,Grazielle,311,35
0,EGBERTO,8,2023,Grazielle,289,48
0,NABUCODONOSOR,8,2023,Grazielle,277,58
0,FALSTAFF,8,2023,Grazielle,275,60
0,LINA,8,2023,Grazielle,255,75
0,DON ALVARO,7,2023,Grazielle,326,31
0,LUISA MILLER,7,2023,Grazielle,316,33
0,SEID,7,2023,Grazielle,294,45
0,PROCIDA,7,2023,Grazielle,273,62
0,LEONORA,7,2023,Grazielle,269,64
0,WURM,7,2023,Grazielle,268,66
0,MEDORA,7,2023,Grazielle,256,74
0,STANKAR,7,2023,Grazielle,243,81
0,RUY GOMEZ,7,2023,Grazielle,242,82
0,AMNERIS,7,2023,Grazielle,233,83
0,ELENA,6,2023,Grazielle,334,28
0,ODABELLA,6,2023,Grazielle,311,34
0,ELVIRA,6,2023,Grazielle,269,65
0,GILDA,6,2023,Grazielle,262,70
0,VICLINDA,6,2023,Grazielle,255,76
0,MANRICO,6,2023,Grazielle,245,80
0,CONTE RICCARDO,6,2023,Grazielle,232,84
0,FRA MELITONE,6,2023,Grazielle,232,85
0,RAFFAELE,6,2023,Grazielle,212,87
0,PISANA,6,2023,Grazielle,192,88
0,MINA,30,2023,Green Tennis,348,21
0,ALFREDO,25,2023,Green Tennis,436,4
0,FILIPPO II,21,2023,Green Tennis,350,17
0,DESDEMONA,18,2023,Green Tennis,287,50
0,IAGO,16,2023,Green Tennis,441,2
0,CONTE DI WALTER,16,2023,Green Tennis,349,19
0,SEID,16,2023,Green Tennis,294,45
0,RODRIGO,16,2023,Green Tennis,282,51
0,OTELLO,14,2023,Green Tennis,440,3
0,RAMFIS,14,2023,Green Tennis,414,6
0,ZAMORO,14,2023,Green Tennis,366,11
0,DUNCANO,14,2023,Green Tennis,343,24
0,ULRICA,14,2023,Green Tennis,339,25
0,NABUCODONOSOR,14,2023,Green Tennis,277,58
0,ATALIBA,14,2023,Green Tennis,261,71
0,FRA MELITONE,14,2023,Green Tennis,232,85
0,ARVINO,12,2023,Green Tennis,468,1
0,MARCOVALDO,12,2023,Green Tennis,376,9
0,MALCOLM,12,2023,Green Tennis,373,10
0,ULDINO,12,2023,Green Tennis,365,12
0,AZUCENA,12,2023,Green Tennis,353,16
0,ATTILA,12,2023,Green Tennis,348,20
0,PAGANO,12,2023,Green Tennis,327,30
0,DON ALVARO,12,2023,Green Tennis,326,31
0,LUISA MILLER,12,2023,Green Tennis,316,33
0,RODOLFO,12,2023,Green Tennis,307,38
0,AMELIA,12,2023,Green Tennis,304,39
0,GUSMANO,12,2023,Green Tennis,300,41
0,FALSTAFF,12,2023,Green Tennis,275,60
0,PROCIDA,12,2023,Green Tennis,273,62
0,LEONORA,12,2023,Green Tennis,269,64
0,ROLANDO,12,2023,Green Tennis,247,79
0,EZIO,10,2023,Green Tennis,381,7
0,FORD,10,2023,Green Tennis,336,27
0,ELENA,10,2023,Green Tennis,334,28
0,ALICE,10,2023,Green Tennis,333,29
0,ODABELLA,10,2023,Green Tennis,311,34
0,GUY DE MONTFORT,10,2023,Green Tennis,311,35
0,GULNÀRA,10,2023,Green Tennis,308,37
0,STIFFELIO,10,2023,Green Tennis,297,42
0,AROLDO,10,2023,Green Tennis,295,44
0,ERNANI,10,2023,Green Tennis,289,47
0,ARRIGO,10,2023,Green Tennis,271,63
0,MEDORA,10,2023,Green Tennis,256,74
0,DON CARLOS,8,2023,Green Tennis,378,8
0,SPARAFUCILE,8,2023,Green Tennis,363,13
0,CORRADO,8,2023,Green Tennis,359,14
0,GISELDA,8,2023,Green Tennis,344,23
0,MACBETH,8,2023,Green Tennis,338,26
0,VIOLETTA,8,2023,Green Tennis,319,32
0,RIGOLETTO,8,2023,Green Tennis,309,36
0,EGBERTO,8,2023,Green Tennis,289,48
0,ZACCARIA,8,2023,Green Tennis,289,49
0,BARBARIGO,8,2023,Green Tennis,281,55
0,PREZIOSILLA,8,2023,Green Tennis,277,59
0,ELISABETTA DI VALOIS,8,2023,Green Tennis,274,61
0,ELVIRA,8,2023,Green Tennis,269,65
0,WURM,8,2023,Green Tennis,268,66
0,DUCA DI MANTOVA,8,2023,Green Tennis,267,67
0,LIDA,8,2023,Green Tennis,264,68
0,CALATRAVA,8,2023,Green Tennis,263,69
0,LUCREZIA,8,2023,Green Tennis,257,73
0,VICLINDA,8,2023,Green Tennis,255,76
0,FRANCESCO FOSCARI,8,2023,Green Tennis,251,77
0,STANKAR,8,2023,Green Tennis,243,81
0,GASTONE,8,2023,Green Tennis,220,86
0,RENATO,6,2023,Green Tennis,418,5
0,ABIGAILLE,6,2023,Green Tennis,357,15
0,CASSIO,6,2023,Green Tennis,350,18
0,CONTE DI LUNA,6,2023,Green Tennis,348,22
0,BARBAROSSA,6,2023,Green Tennis,301,40
0,AIDA,6,2023,Green Tennis,295,43
0,MACDUFF,6,2023,Green Tennis,292,46
0,RE CARLO,6,2023,Green Tennis,282,52
0,GODVINO,6,2023,Green Tennis,282,53
0,ALZIRA,6,2023,Green Tennis,281,54
0,RADAMES,6,2023,Green Tennis,280,56
0,GERMONT,6,2023,Green Tennis,279,57
0,GILDA,6,2023,Green Tennis,262,70
0,ABDALLO,6,2023,Green Tennis,261,72
0,LINA,6,2023,Green Tennis,255,75
0,FENTON,6,2023,Green Tennis,250,78
0,MANRICO,6,2023,Green Tennis,245,80
0,RUY GOMEZ,6,2023,Green Tennis,242,82
0,AMNERIS,6,2023,Green Tennis,233,83
0,CONTE RICCARDO,6,2023,Green Tennis,232,84
0,RAFFAELE,6,2023,Green Tennis,212,87
0,PISANA,6,2023,Green Tennis,192,88
0,ALICE,20,2023,Inauguration Game,333,29
0,ARVINO,16,2023,Inauguration Game,468,1
0,CORRADO,16,2023,Inauguration Game,359,14
0,ATTILA,16,2023,Inauguration Game,348,20
0,EGBERTO,16,2023,Inauguration Game,289,48
0,LUCREZIA,16,2023,Inauguration Game,257,73
0,RENATO,12,2023,Inauguration Game,418,5
0,RAMFIS,12,2023,Inauguration Game,414,6
0,MALCOLM,12,2023,Inauguration Game,373,10
0,ULDINO,12,2023,Inauguration Game,365,12
0,SPARAFUCILE,12,2023,Inauguration Game,363,13
0,FILIPPO II,12,2023,Inauguration Game,350,17
0,CONTE DI WALTER,12,2023,Inauguration Game,349,19
0,FORD,12,2023,Inauguration Game,336,27
0,LUISA MILLER,12,2023,Inauguration Game,316,33
0,RIGOLETTO,12,2023,Inauguration Game,309,36
0,AMELIA,12,2023,Inauguration Game,304,39
0,STIFFELIO,12,2023,Inauguration Game,297,42
0,AROLDO,12,2023,Inauguration Game,295,44
0,ZACCARIA,12,2023,Inauguration Game,289,49
0,GODVINO,12,2023,Inauguration Game,282,53
0,NABUCODONOSOR,12,2023,Inauguration Game,277,58
0,GILDA,12,2023,Inauguration Game,262,70
0,ABDALLO,12,2023,Inauguration Game,261,72
0,VICLINDA,12,2023,Inauguration Game,255,76
0,FENTON,12,2023,Inauguration Game,250,78
0,FRA MELITONE,12,2023,Inauguration Game,232,85
0,IAGO,8,2023,Inauguration Game,441,2
0,ALFREDO,8,2023,Inauguration Game,436,4
0,EZIO,8,2023,Inauguration Game,381,7
0,MARCOVALDO,8,2023,Inauguration Game,376,9
0,CONTE DI LUNA,8,2023,Inauguration Game,348,22
0,GISELDA,8,2023,Inauguration Game,344,23
0,GULNÀRA,8,2023,Inauguration Game,308,37
0,ERNANI,8,2023,Inauguration Game,289,47
0,GERMONT,8,2023,Inauguration Game,279,57
0,FALSTAFF,8,2023,Inauguration Game,275,60
0,PROCIDA,8,2023,Inauguration Game,273,62
0,ATALIBA,8,2023,Inauguration Game,261,71
0,LINA,8,2023,Inauguration Game,255,75
0,STANKAR,8,2023,Inauguration Game,243,81
0,CASSIO,4,2023,Inauguration Game,350,18
0,DUNCANO,4,2023,Inauguration Game,343,24
0,ULRICA,4,2023,Inauguration Game,339,25
0,MACBETH,4,2023,Inauguration Game,338,26
0,ELENA,4,2023,Inauguration Game,334,28
0,DON ALVARO,4,2023,Inauguration Game,326,31
0,ODABELLA,4,2023,Inauguration Game,311,34
0,GUY DE MONTFORT,4,2023,Inauguration Game,311,35
0,RODOLFO,4,2023,Inauguration Game,307,38
0,AIDA,4,2023,Inauguration Game,295,43
0,MACDUFF,4,2023,Inauguration Game,292,46
0,RODRIGO,4,2023,Inauguration Game,282,51
0,BARBARIGO,4,2023,Inauguration Game,281,55
0,RADAMES,4,2023,Inauguration Game,280,56
0,ARRIGO,4,2023,Inauguration Game,271,63
0,LIDA,4,2023,Inauguration Game,264,68
0,MANRICO,4,2023,Inauguration Game,245,80
0,RUY GOMEZ,4,2023,Inauguration Game,242,82
0,CONTE RICCARDO,4,2023,Inauguration Game,232,84
0,GASTONE,4,2023,Inauguration Game,220,86
0,OTELLO,0,2023,Inauguration Game,440,3
0,DON CARLOS,0,2023,Inauguration Game,378,8
0,ZAMORO,0,2023,Inauguration Game,366,11
0,ABIGAILLE,0,2023,Inauguration Game,357,15
0,AZUCENA,0,2023,Inauguration Game,353,16
0,MINA,0,2023,Inauguration Game,348,21
0,PAGANO,0,2023,Inauguration Game,327,30
0,VIOLETTA,0,2023,Inauguration Game,319,32
0,BARBAROSSA,0,2023,Inauguration Game,301,40
0,GUSMANO,0,2023,Inauguration Game,300,41
0,SEID,0,2023,Inauguration Game,294,45
0,DESDEMONA,0,2023,Inauguration Game,287,50
0,RE CARLO,0,2023,Inauguration Game,282,52
0,ALZIRA,0,2023,Inauguration Game,281,54
0,PREZIOSILLA,0,2023,Inauguration Game,277,59
0,ELISABETTA DI VALOIS,0,2023,Inauguration Game,274,61
0,LEONORA,0,2023,Inauguration Game,269,64
0,ELVIRA,0,2023,Inauguration Game,269,65
0,WURM,0,2023,Inauguration Game,268,66
0,DUCA DI MANTOVA,0,2023,Inauguration Game,267,67
0,CALATRAVA,0,2023,Inauguration Game,263,69
0,MEDORA,0,2023,Inauguration Game,256,74
0,FRANCESCO FOSCARI,0,2023,Inauguration Game,251,77
0,ROLANDO,0,2023,Inauguration Game,247,79
0,AMNERIS,0,2023,Inauguration Game,233,83
0,RAFFAELE,0,2023,Inauguration Game,212,87
0,PISANA,0,2023,Inauguration Game,192,88
0,ARVINO,30,2023,Jolly,468,1
0,OTELLO,30,2023,Jolly,440,3
0,EZIO,30,2023,Jolly,381,7
0,MARCOVALDO,30,2023,Jolly,376,9
0,MALCOLM,30,2023,Jolly,373,10
0,MINA,30,2023,Jolly,348,21
0,ELENA,30,2023,Jolly,334,28
0,ODABELLA,30,2023,Jolly,311,34
0,ALZIRA,30,2023,Jolly,281,54
0,RENATO,25,2023,Jolly,418,5
0,RAMFIS,25,2023,Jolly,414,6
0,ULDINO,25,2023,Jolly,365,12
0,PAGANO,25,2023,Jolly,327,30
0,ALFREDO,21,2023,Jolly,436,4
0,FILIPPO II,21,2023,Jolly,350,17
0,CASSIO,21,2023,Jolly,350,18
0,MACBETH,21,2023,Jolly,338,26
0,DON ALVARO,21,2023,Jolly,326,31
0,GUSMANO,21,2023,Jolly,300,41
0,ZAMORO,18,2023,Jolly,366,11
0,CONTE DI WALTER,18,2023,Jolly,349,19
0,RADAMES,17,2023,Jolly,280,56
0,CORRADO,16,2023,Jolly,359,14
0,ABIGAILLE,16,2023,Jolly,357,15
0,FORD,16,2023,Jolly,336,27
0,VIOLETTA,16,2023,Jolly,319,32
0,RODOLFO,16,2023,Jolly,307,38
0,BARBAROSSA,16,2023,Jolly,301,40
0,SEID,16,2023,Jolly,294,45
0,PROCIDA,16,2023,Jolly,273,62
0,DON CARLOS,15,2023,Jolly,378,8
0,SPARAFUCILE,15,2023,Jolly,363,13
0,CONTE DI LUNA,15,2023,Jolly,348,22
0,ZACCARIA,15,2023,Jolly,289,49
0,IAGO,14,2023,Jolly,441,2
0,ATTILA,14,2023,Jolly,348,20
0,ALICE,14,2023,Jolly,333,29
0,GULNÀRA,14,2023,Jolly,308,37
0,STIFFELIO,14,2023,Jolly,297,42
0,NABUCODONOSOR,14,2023,Jolly,277,58
0,LIDA,14,2023,Jolly,264,68
0,CALATRAVA,14,2023,Jolly,263,69
0,ATALIBA,14,2023,Jolly,261,71
0,DUCA DI MANTOVA,13,2023,Jolly,267,67
0,ULRICA,12,2023,Jolly,339,25
0,GUY DE MONTFORT,12,2023,Jolly,311,35
0,AROLDO,12,2023,Jolly,295,44
0,EGBERTO,12,2023,Jolly,289,48
0,DESDEMONA,12,2023,Jolly,287,50
0,RODRIGO,12,2023,Jolly,282,51
0,RE CARLO,12,2023,Jolly,282,52
0,BARBARIGO,12,2023,Jolly,281,55
0,PREZIOSILLA,12,2023,Jolly,277,59
0,WURM,12,2023,Jolly,268,66
0,MEDORA,12,2023,Jolly,256,74
0,RUY GOMEZ,12,2023,Jolly,242,82
0,GISELDA,11,2023,Jolly,344,23
0,RIGOLETTO,11,2023,Jolly,309,36
0,AMELIA,10,2023,Jolly,304,39
0,FALSTAFF,10,2023,Jolly,275,60
0,ELISABETTA DI VALOIS,10,2023,Jolly,274,61
0,ARRIGO,10,2023,Jolly,271,63
0,LUCREZIA,10,2023,Jolly,257,73
0,LINA,10,2023,Jolly,255,75
0,FENTON,10,2023,Jolly,250,78
0,RAFFAELE,10,2023,Jolly,212,87
0,DUNCANO,9,2023,Jolly,343,24
0,GERMONT,9,2023,Jolly,279,57
0,AZUCENA,8,2023,Jolly,353,16
0,AIDA,8,2023,Jolly,295,43
0,MACDUFF,8,2023,Jolly,292,46
0,ERNANI,8,2023,Jolly,289,47
0,GODVINO,8,2023,Jolly,282,53
0,GILDA,8,2023,Jolly,262,70
0,ABDALLO,8,2023,Jolly,261,72
0,VICLINDA,8,2023,Jolly,255,76
0,FRANCESCO FOSCARI,8,2023,Jolly,251,77
0,ROLANDO,8,2023,Jolly,247,79
0,MANRICO,8,2023,Jolly,245,80
0,STANKAR,8,2023,Jolly,243,81
0,CONTE RICCARDO,8,2023,Jolly,232,84
0,LUISA MILLER,7,2023,Jolly,316,33
0,ELVIRA,7,2023,Jolly,269,65
0,LEONORA,6,2023,Jolly,269,64
0,AMNERIS,6,2023,Jolly,233,83
0,FRA MELITONE,6,2023,Jolly,232,85
0,GASTONE,6,2023,Jolly,220,86
0,PISANA,6,2023,Jolly,192,88
0,SPARAFUCILE,30,2023,Mini Golf,363,13
0,RODRIGO,25,2023,Mini Golf,282,51
0,OTELLO,21,2023,Mini Golf,440,3
0,GUSMANO,18,2023,Mini Golf,300,41
0,DESDEMONA,16,2023,Mini Golf,287,50
0,CORRADO,14,2023,Mini Golf,359,14
0,RENATO,13,2023,Mini Golf,418,5
0,ABIGAILLE,13,2023,Mini Golf,357,15
0,MINA,13,2023,Mini Golf,348,21
0,DUNCANO,13,2023,Mini Golf,343,24
0,ARRIGO,13,2023,Mini Golf,271,63
0,ELVIRA,13,2023,Mini Golf,269,65
0,ZAMORO,12,2023,Mini Golf,366,11
0,CASSIO,12,2023,Mini Golf,350,18
0,ULRICA,12,2023,Mini Golf,339,25
0,ALICE,12,2023,Mini Golf,333,29
0,RODOLFO,12,2023,Mini Golf,307,38
0,RE CARLO,12,2023,Mini Golf,282,52
0,FILIPPO II,11,2023,Mini Golf,350,17
0,CONTE DI WALTER,11,2023,Mini Golf,349,19
0,GUY DE MONTFORT,11,2023,Mini Golf,311,35
0,PREZIOSILLA,11,2023,Mini Golf,277,59
0,CALATRAVA,11,2023,Mini Golf,263,69
0,ROLANDO,11,2023,Mini Golf,247,79
0,ARVINO,10,2023,Mini Golf,468,1
0,IAGO,10,2023,Mini Golf,441,2
0,RAMFIS,10,2023,Mini Golf,414,6
0,EZIO,10,2023,Mini Golf,381,7
0,AZUCENA,10,2023,Mini Golf,353,16
0,ATTILA,10,2023,Mini Golf,348,20
0,STIFFELIO,10,2023,Mini Golf,297,42
0,AIDA,10,2023,Mini Golf,295,43
0,EGBERTO,10,2023,Mini Golf,289,48
0,BARBARIGO,10,2023,Mini Golf,281,55
0,FALSTAFF,10,2023,Mini Golf,275,60
0,LEONORA,10,2023,Mini Golf,269,64
0,WURM,10,2023,Mini Golf,268,66
0,LIDA,10,2023,Mini Golf,264,68
0,ATALIBA,10,2023,Mini Golf,261,71
0,ABDALLO,10,2023,Mini Golf,261,72
0,LINA,10,2023,Mini Golf,255,75
0,FENTON,10,2023,Mini Golf,250,78
0,CONTE RICCARDO,10,2023,Mini Golf,232,84
0,RAFFAELE,10,2023,Mini Golf,212,87
0,ALFREDO,8,2023,Mini Golf,436,4
0,DON CARLOS,8,2023,Mini Golf,378,8
0,MARCOVALDO,8,2023,Mini Golf,376,9
0,MALCOLM,8,2023,Mini Golf,373,10
0,ULDINO,8,2023,Mini Golf,365,12
0,MACBETH,8,2023,Mini Golf,338,26
0,FORD,8,2023,Mini Golf,336,27
0,PAGANO,8,2023,Mini Golf,327,30
0,DON ALVARO,8,2023,Mini Golf,326,31
0,LUISA MILLER,8,2023,Mini Golf,316,33
0,GULNÀRA,8,2023,Mini Golf,308,37
0,MACDUFF,8,2023,Mini Golf,292,46
0,ERNANI,8,2023,Mini Golf,289,47
0,ZACCARIA,8,2023,Mini Golf,289,49
0,ELISABETTA DI VALOIS,8,2023,Mini Golf,274,61
0,PROCIDA,8,2023,Mini Golf,273,62
0,MEDORA,8,2023,Mini Golf,256,74
0,VICLINDA,8,2023,Mini Golf,255,76
0,FRANCESCO FOSCARI,8,2023,Mini Golf,251,77
0,RUY GOMEZ,8,2023,Mini Golf,242,82
0,GASTONE,8,2023,Mini Golf,220,86
0,PISANA,8,2023,Mini Golf,192,88
0,CONTE DI LUNA,6,2023,Mini Golf,348,22
0,GISELDA,6,2023,Mini Golf,344,23
0,ELENA,6,2023,Mini Golf,334,28
0,VIOLETTA,6,2023,Mini Golf,319,32
0,ODABELLA,6,2023,Mini Golf,311,34
0,RIGOLETTO,6,2023,Mini Golf,309,36
0,AMELIA,6,2023,Mini Golf,304,39
0,BARBAROSSA,6,2023,Mini Golf,301,40
0,AROLDO,6,2023,Mini Golf,295,44
0,SEID,6,2023,Mini Golf,294,45
0,GODVINO,6,2023,Mini Golf,282,53
0,ALZIRA,6,2023,Mini Golf,281,54
0,RADAMES,6,2023,Mini Golf,280,56
0,GERMONT,6,2023,Mini Golf,279,57
0,NABUCODONOSOR,6,2023,Mini Golf,277,58
0,DUCA DI MANTOVA,6,2023,Mini Golf,267,67
0,GILDA,6,2023,Mini Golf,262,70
0,LUCREZIA,6,2023,Mini Golf,257,73
0,MANRICO,6,2023,Mini Golf,245,80
0,STANKAR,6,2023,Mini Golf,243,81
0,AMNERIS,6,2023,Mini Golf,233,83
0,FRA MELITONE,6,2023,Mini Golf,232,85
0,ARVINO,15,2023,Olympic Plugs,468,1
0,ALFREDO,15,2023,Olympic Plugs,436,4
0,DON CARLOS,15,2023,Olympic Plugs,378,8
0,MALCOLM,15,2023,Olympic Plugs,373,10
0,CORRADO,15,2023,Olympic Plugs,359,14
0,ABIGAILLE,15,2023,Olympic Plugs,357,15
0,PAGANO,15,2023,Olympic Plugs,327,30
0,GUY DE MONTFORT,15,2023,Olympic Plugs,311,35
0,PREZIOSILLA,15,2023,Olympic Plugs,277,59
0,LIDA,15,2023,Olympic Plugs,264,68
0,IAGO,10,2023,Olympic Plugs,441,2
0,RENATO,10,2023,Olympic Plugs,418,5
0,RAMFIS,10,2023,Olympic Plugs,414,6
0,ATTILA,10,2023,Olympic Plugs,348,20
0,ELENA,10,2023,Olympic Plugs,334,28
0,AMELIA,10,2023,Olympic Plugs,304,39
0,DESDEMONA,10,2023,Olympic Plugs,287,50
0,DUCA DI MANTOVA,10,2023,Olympic Plugs,267,67
0,FENTON,10,2023,Olympic Plugs,250,78
0,AMNERIS,10,2023,Olympic Plugs,233,83
0,OTELLO,8,2023,Olympic Plugs,440,3
0,MARCOVALDO,8,2023,Olympic Plugs,376,9
0,ULDINO,8,2023,Olympic Plugs,365,12
0,FILIPPO II,8,2023,Olympic Plugs,350,17
0,CONTE DI WALTER,8,2023,Olympic Plugs,349,19
0,CONTE DI LUNA,8,2023,Olympic Plugs,348,22
0,DON ALVARO,8,2023,Olympic Plugs,326,31
0,VIOLETTA,8,2023,Olympic Plugs,319,32
0,RIGOLETTO,8,2023,Olympic Plugs,309,36
0,RODRIGO,8,2023,Olympic Plugs,282,51
0,ZAMORO,5,2023,Olympic Plugs,366,11
0,SPARAFUCILE,5,2023,Olympic Plugs,363,13
0,GISELDA,5,2023,Olympic Plugs,344,23
0,ULRICA,5,2023,Olympic Plugs,339,25
0,MACBETH,5,2023,Olympic Plugs,338,26
0,ALICE,5,2023,Olympic Plugs,333,29
0,LUISA MILLER,5,2023,Olympic Plugs,316,33
0,ODABELLA,5,2023,Olympic Plugs,311,34
0,BARBAROSSA,5,2023,Olympic Plugs,301,40
0,STIFFELIO,5,2023,Olympic Plugs,297,42
0,SEID,5,2023,Olympic Plugs,294,45
0,MACDUFF,5,2023,Olympic Plugs,292,46
0,BARBARIGO,5,2023,Olympic Plugs,281,55
0,GERMONT,5,2023,Olympic Plugs,279,57
0,ELISABETTA DI VALOIS,5,2023,Olympic Plugs,274,61
0,PROCIDA,5,2023,Olympic Plugs,273,62
0,CALATRAVA,5,2023,Olympic Plugs,263,69
0,ATALIBA,5,2023,Olympic Plugs,261,71
0,MEDORA,5,2023,Olympic Plugs,256,74
0,MANRICO,5,2023,Olympic Plugs,245,80
0,EZIO,3,2023,Olympic Plugs,381,7
0,AZUCENA,3,2023,Olympic Plugs,353,16
0,CASSIO,3,2023,Olympic Plugs,350,18
0,DUNCANO,3,2023,Olympic Plugs,343,24
0,FORD,3,2023,Olympic Plugs,336,27
0,GULNÀRA,3,2023,Olympic Plugs,308,37
0,RODOLFO,3,2023,Olympic Plugs,307,38
0,GUSMANO,3,2023,Olympic Plugs,300,41
0,AIDA,3,2023,Olympic Plugs,295,43
0,ERNANI,3,2023,Olympic Plugs,289,47
0,ZACCARIA,3,2023,Olympic Plugs,289,49
0,GODVINO,3,2023,Olympic Plugs,282,53
0,ALZIRA,3,2023,Olympic Plugs,281,54
0,RADAMES,3,2023,Olympic Plugs,280,56
0,NABUCODONOSOR,3,2023,Olympic Plugs,277,58
0,FALSTAFF,3,2023,Olympic Plugs,275,60
0,LEONORA,3,2023,Olympic Plugs,269,64
0,ELVIRA,3,2023,Olympic Plugs,269,65
0,ABDALLO,3,2023,Olympic Plugs,261,72
0,LINA,3,2023,Olympic Plugs,255,75
0,VICLINDA,3,2023,Olympic Plugs,255,76
0,GASTONE,3,2023,Olympic Plugs,220,86
0,MINA,0,2023,Olympic Plugs,348,21
0,AROLDO,0,2023,Olympic Plugs,295,44
0,EGBERTO,0,2023,Olympic Plugs,289,48
0,RE CARLO,0,2023,Olympic Plugs,282,52
0,ARRIGO,0,2023,Olympic Plugs,271,63
0,WURM,0,2023,Olympic Plugs,268,66
0,GILDA,0,2023,Olympic Plugs,262,70
0,LUCREZIA,0,2023,Olympic Plugs,257,73
0,FRANCESCO FOSCARI,0,2023,Olympic Plugs,251,77
0,ROLANDO,0,2023,Olympic Plugs,247,79
0,STANKAR,0,2023,Olympic Plugs,243,81
0,RUY GOMEZ,0,2023,Olympic Plugs,242,82
0,CONTE RICCARDO,0,2023,Olympic Plugs,232,84
0,FRA MELITONE,0,2023,Olympic Plugs,232,85
0,RAFFAELE,0,2023,Olympic Plugs,212,87
0,PISANA,0,2023,Olympic Plugs,192,88
0,ABIGAILLE,20,2023,Olympic Social,357,15
0,IAGO,18,2023,Olympic Social,441,2
0,ERNANI,15,2023,Olympic Social,289,47
0,BARBAROSSA,12,2023,Olympic Social,301,40
0,AZUCENA,10,2023,Olympic Social,353,16
0,GISELDA,10,2023,Olympic Social,344,23
0,ULRICA,10,2023,Olympic Social,339,25
0,ELENA,10,2023,Olympic Social,334,28
0,EZIO,5,2023,Olympic Social,381,7
0,MALCOLM,5,2023,Olympic Social,373,10
0,CONTE DI WALTER,5,2023,Olympic Social,349,19
0,FORD,5,2023,Olympic Social,336,27
0,VIOLETTA,5,2023,Olympic Social,319,32
0,GUY DE MONTFORT,5,2023,Olympic Social,311,35
0,GULNÀRA,5,2023,Olympic Social,308,37
0,RODOLFO,5,2023,Olympic Social,307,38
0,GUSMANO,5,2023,Olympic Social,300,41
0,AROLDO,5,2023,Olympic Social,295,44
0,ELISABETTA DI VALOIS,5,2023,Olympic Social,274,61
0,DUCA DI MANTOVA,5,2023,Olympic Social,267,67
0,CALATRAVA,5,2023,Olympic Social,263,69
0,LUCREZIA,5,2023,Olympic Social,257,73
0,STANKAR,5,2023,Olympic Social,243,81
0,AMNERIS,5,2023,Olympic Social,233,83
0,ARVINO,3,2023,Olympic Social,468,1
0,OTELLO,3,2023,Olympic Social,440,3
0,ALFREDO,3,2023,Olympic Social,436,4
0,RAMFIS,3,2023,Olympic Social,414,6
0,DON CARLOS,3,2023,Olympic Social,378,8
0,MARCOVALDO,3,2023,Olympic Social,376,9
0,ZAMORO,3,2023,Olympic Social,366,11
0,ULDINO,3,2023,Olympic Social,365,12
0,SPARAFUCILE,3,2023,Olympic Social,363,13
0,CORRADO,3,2023,Olympic Social,359,14
0,FILIPPO II,3,2023,Olympic Social,350,17
0,CASSIO,3,2023,Olympic Social,350,18
0,MINA,3,2023,Olympic Social,348,21
0,CONTE DI LUNA,3,2023,Olympic Social,348,22
0,DUNCANO,3,2023,Olympic Social,343,24
0,ALICE,3,2023,Olympic Social,333,29
0,PAGANO,3,2023,Olympic Social,327,30
0,DON ALVARO,3,2023,Olympic Social,326,31
0,AMELIA,3,2023,Olympic Social,304,39
0,STIFFELIO,3,2023,Olympic Social,297,42
0,AIDA,3,2023,Olympic Social,295,43
0,MACDUFF,3,2023,Olympic Social,292,46
0,ZACCARIA,3,2023,Olympic Social,289,49
0,DESDEMONA,3,2023,Olympic Social,287,50
0,RODRIGO,3,2023,Olympic Social,282,51
0,RE CARLO,3,2023,Olympic Social,282,52
0,GODVINO,3,2023,Olympic Social,282,53
0,RADAMES,3,2023,Olympic Social,280,56
0,GERMONT,3,2023,Olympic Social,279,57
0,NABUCODONOSOR,3,2023,Olympic Social,277,58
0,PREZIOSILLA,3,2023,Olympic Social,277,59
0,FALSTAFF,3,2023,Olympic Social,275,60
0,ARRIGO,3,2023,Olympic Social,271,63
0,LEONORA,3,2023,Olympic Social,269,64
0,ELVIRA,3,2023,Olympic Social,269,65
0,LIDA,3,2023,Olympic Social,264,68
0,GILDA,3,2023,Olympic Social,262,70
0,ATALIBA,3,2023,Olympic Social,261,71
0,MEDORA,3,2023,Olympic Social,256,74
0,VICLINDA,3,2023,Olympic Social,255,76
0,FRANCESCO FOSCARI,3,2023,Olympic Social,251,77
0,MANRICO,3,2023,Olympic Social,245,80
0,RUY GOMEZ,3,2023,Olympic Social,242,82
0,FRA MELITONE,3,2023,Olympic Social,232,85
0,RENATO,0,2023,Olympic Social,418,5
0,ATTILA,0,2023,Olympic Social,348,20
0,MACBETH,0,2023,Olympic Social,338,26
0,LUISA MILLER,0,2023,Olympic Social,316,33
0,ODABELLA,0,2023,Olympic Social,311,34
0,RIGOLETTO,0,2023,Olympic Social,309,36
0,SEID,0,2023,Olympic Social,294,45
0,EGBERTO,0,2023,Olympic Social,289,48
0,ALZIRA,0,2023,Olympic Social,281,54
0,BARBARIGO,0,2023,Olympic Social,281,55
0,PROCIDA,0,2023,Olympic Social,273,62
0,WURM,0,2023,Olympic Social,268,66
0,ABDALLO,0,2023,Olympic Social,261,72
0,LINA,0,2023,Olympic Social,255,75
0,FENTON,0,2023,Olympic Social,250,78
0,ROLANDO,0,2023,Olympic Social,247,79
0,CONTE RICCARDO,0,2023,Olympic Social,232,84
0,GASTONE,0,2023,Olympic Social,220,86
0,RAFFAELE,0,2023,Olympic Social,212,87
0,PISANA,0,2023,Olympic Social,192,88
0,ALFREDO,20,2023,Olympic Sounds,436,4
0,RAMFIS,20,2023,Olympic Sounds,414,6
0,DON CARLOS,20,2023,Olympic Sounds,378,8
0,ZAMORO,20,2023,Olympic Sounds,366,11
0,SPARAFUCILE,20,2023,Olympic Sounds,363,13
0,CASSIO,20,2023,Olympic Sounds,350,18
0,CONTE DI WALTER,20,2023,Olympic Sounds,349,19
0,GISELDA,20,2023,Olympic Sounds,344,23
0,DUNCANO,20,2023,Olympic Sounds,343,24
0,ALICE,20,2023,Olympic Sounds,333,29
0,GUY DE MONTFORT,20,2023,Olympic Sounds,311,35
0,BARBAROSSA,20,2023,Olympic Sounds,301,40
0,AIDA,20,2023,Olympic Sounds,295,43
0,MACDUFF,20,2023,Olympic Sounds,292,46
0,GODVINO,20,2023,Olympic Sounds,282,53
0,LEONORA,20,2023,Olympic Sounds,269,64
0,MANRICO,20,2023,Olympic Sounds,245,80
0,AZUCENA,18,2023,Olympic Sounds,353,16
0,MINA,18,2023,Olympic Sounds,348,21
0,FORD,18,2023,Olympic Sounds,336,27
0,VIOLETTA,18,2023,Olympic Sounds,319,32
0,ODABELLA,18,2023,Olympic Sounds,311,34
0,STIFFELIO,18,2023,Olympic Sounds,297,42
0,ERNANI,18,2023,Olympic Sounds,289,47
0,VICLINDA,18,2023,Olympic Sounds,255,76
0,PISANA,18,2023,Olympic Sounds,192,88
0,ULDINO,16,2023,Olympic Sounds,365,12
0,ATTILA,16,2023,Olympic Sounds,348,20
0,CONTE DI LUNA,16,2023,Olympic Sounds,348,22
0,MACBETH,16,2023,Olympic Sounds,338,26
0,ALZIRA,16,2023,Olympic Sounds,281,54
0,IAGO,14,2023,Olympic Sounds,441,2
0,RENATO,14,2023,Olympic Sounds,418,5
0,BARBARIGO,14,2023,Olympic Sounds,281,55
0,GERMONT,14,2023,Olympic Sounds,279,57
0,FALSTAFF,14,2023,Olympic Sounds,275,60
0,FRANCESCO FOSCARI,14,2023,Olympic Sounds,251,77
0,EZIO,12,2023,Olympic Sounds,381,7
0,LUISA MILLER,12,2023,Olympic Sounds,316,33
0,GULNÀRA,12,2023,Olympic Sounds,308,37
0,AMELIA,12,2023,Olympic Sounds,304,39
0,ARRIGO,12,2023,Olympic Sounds,271,63
0,CALATRAVA,12,2023,Olympic Sounds,263,69
0,ROLANDO,12,2023,Olympic Sounds,247,79
0,OTELLO,10,2023,Olympic Sounds,440,3
0,MARCOVALDO,10,2023,Olympic Sounds,376,9
0,MALCOLM,10,2023,Olympic Sounds,373,10
0,AROLDO,10,2023,Olympic Sounds,295,44
0,ZACCARIA,10,2023,Olympic Sounds,289,49
0,RE CARLO,10,2023,Olympic Sounds,282,52
0,RADAMES,10,2023,Olympic Sounds,280,56
0,NABUCODONOSOR,10,2023,Olympic Sounds,277,58
0,ELISABETTA DI VALOIS,10,2023,Olympic Sounds,274,61
0,PROCIDA,10,2023,Olympic Sounds,273,62
0,LIDA,10,2023,Olympic Sounds,264,68
0,LUCREZIA,10,2023,Olympic Sounds,257,73
0,GASTONE,10,2023,Olympic Sounds,220,86
0,ARVINO,9,2023,Olympic Sounds,468,1
0,CORRADO,9,2023,Olympic Sounds,359,14
0,ELENA,9,2023,Olympic Sounds,334,28
0,PAGANO,9,2023,Olympic Sounds,327,30
0,RIGOLETTO,9,2023,Olympic Sounds,309,36
0,RODOLFO,9,2023,Olympic Sounds,307,38
0,ELVIRA,9,2023,Olympic Sounds,269,65
0,WURM,9,2023,Olympic Sounds,268,66
0,DUCA DI MANTOVA,9,2023,Olympic Sounds,267,67
0,GILDA,9,2023,Olympic Sounds,262,70
0,STANKAR,9,2023,Olympic Sounds,243,81
0,RUY GOMEZ,9,2023,Olympic Sounds,242,82
0,EGBERTO,8,2023,Olympic Sounds,289,48
0,MEDORA,8,2023,Olympic Sounds,256,74
0,LINA,8,2023,Olympic Sounds,255,75
0,FILIPPO II,7,2023,Olympic Sounds,350,17
0,ULRICA,7,2023,Olympic Sounds,339,25
0,PREZIOSILLA,7,2023,Olympic Sounds,277,59
0,FENTON,7,2023,Olympic Sounds,250,78
0,AMNERIS,7,2023,Olympic Sounds,233,83
0,RODRIGO,6,2023,Olympic Sounds,282,51
0,ABDALLO,6,2023,Olympic Sounds,261,72
0,CONTE RICCARDO,6,2023,Olympic Sounds,232,84
0,ABIGAILLE,5,2023,Olympic Sounds,357,15
0,DON ALVARO,5,2023,Olympic Sounds,326,31
0,SEID,5,2023,Olympic Sounds,294,45
0,DESDEMONA,5,2023,Olympic Sounds,287,50
0,GUSMANO,4,2023,Olympic Sounds,300,41
0,ATALIBA,4,2023,Olympic Sounds,261,71
0,FRA MELITONE,0,2023,Olympic Sounds,232,85
0,RAFFAELE,0,2023,Olympic Sounds,212,87
0,CONTE DI LUNA,30,2023,Pielle,348,22
0,LUISA MILLER,25,2023,Pielle,316,33
0,SPARAFUCILE,21,2023,Pielle,363,13
0,ARVINO,18,2023,Pielle,468,1
0,MARCOVALDO,16,2023,Pielle,376,9
0,DON ALVARO,16,2023,Pielle,326,31
0,ARRIGO,16,2023,Pielle,271,63
0,AMNERIS,16,2023,Pielle,233,83
0,RAMFIS,14,2023,Pielle,414,6
0,CONTE DI WALTER,14,2023,Pielle,349,19
0,ALICE,14,2023,Pielle,333,29
0,PAGANO,14,2023,Pielle,327,30
0,VIOLETTA,14,2023,Pielle,319,32
0,ZACCARIA,14,2023,Pielle,289,49
0,MEDORA,14,2023,Pielle,256,74
0,ROLANDO,14,2023,Pielle,247,79
0,OTELLO,12,2023,Pielle,440,3
0,ALFREDO,12,2023,Pielle,436,4
0,EZIO,12,2023,Pielle,381,7
0,DON CARLOS,12,2023,Pielle,378,8
0,ZAMORO,12,2023,Pielle,366,11
0,MACBETH,12,2023,Pielle,338,26
0,BARBAROSSA,12,2023,Pielle,301,40
0,MACDUFF,12,2023,Pielle,292,46
0,DESDEMONA,12,2023,Pielle,287,50
0,RE CARLO,12,2023,Pielle,282,52
0,ALZIRA,12,2023,Pielle,281,54
0,RADAMES,12,2023,Pielle,280,56
0,DUCA DI MANTOVA,12,2023,Pielle,267,67
0,FRANCESCO FOSCARI,12,2023,Pielle,251,77
0,FENTON,12,2023,Pielle,250,78
0,RUY GOMEZ,12,2023,Pielle,242,82
0,ULDINO,10,2023,Pielle,365,12
0,MINA,10,2023,Pielle,348,21
0,ELENA,10,2023,Pielle,334,28
0,STIFFELIO,10,2023,Pielle,297,42
0,AROLDO,10,2023,Pielle,295,44
0,SEID,10,2023,Pielle,294,45
0,BARBARIGO,10,2023,Pielle,281,55
0,GERMONT,10,2023,Pielle,279,57
0,PROCIDA,10,2023,Pielle,273,62
0,WURM,10,2023,Pielle,268,66
0,ABDALLO,10,2023,Pielle,261,72
0,STANKAR,10,2023,Pielle,243,81
0,IAGO,8,2023,Pielle,441,2
0,RENATO,8,2023,Pielle,418,5
0,CORRADO,8,2023,Pielle,359,14
0,ABIGAILLE,8,2023,Pielle,357,15
0,AZUCENA,8,2023,Pielle,353,16
0,FILIPPO II,8,2023,Pielle,350,17
0,CASSIO,8,2023,Pielle,350,18
0,ATTILA,8,2023,Pielle,348,20
0,DUNCANO,8,2023,Pielle,343,24
0,ULRICA,8,2023,Pielle,339,25
0,FORD,8,2023,Pielle,336,27
0,RIGOLETTO,8,2023,Pielle,309,36
0,GULNÀRA,8,2023,Pielle,308,37
0,RODOLFO,8,2023,Pielle,307,38
0,AMELIA,8,2023,Pielle,304,39
0,AIDA,8,2023,Pielle,295,43
0,NABUCODONOSOR,8,2023,Pielle,277,58
0,PREZIOSILLA,8,2023,Pielle,277,59
0,ELISABETTA DI VALOIS,8,2023,Pielle,274,61
0,VICLINDA,8,2023,Pielle,255,76
0,MANRICO,8,2023,Pielle,245,80
0,GASTONE,8,2023,Pielle,220,86
0,MALCOLM,6,2023,Pielle,373,10
0,GISELDA,6,2023,Pielle,344,23
0,ODABELLA,6,2023,Pielle,311,34
0,GUY DE MONTFORT,6,2023,Pielle,311,35
0,GUSMANO,6,2023,Pielle,300,41
0,ERNANI,6,2023,Pielle,289,47
0,EGBERTO,6,2023,Pielle,289,48
0,RODRIGO,6,2023,Pielle,282,51
0,GODVINO,6,2023,Pielle,282,53
0,FALSTAFF,6,2023,Pielle,275,60
0,LEONORA,6,2023,Pielle,269,64
0,ELVIRA,6,2023,Pielle,269,65
0,LIDA,6,2023,Pielle,264,68
0,CALATRAVA,6,2023,Pielle,263,69
0,GILDA,6,2023,Pielle,262,70
0,ATALIBA,6,2023,Pielle,261,71
0,LUCREZIA,6,2023,Pielle,257,73
0,LINA,6,2023,Pielle,255,75
0,CONTE RICCARDO,6,2023,Pielle,232,84
0,FRA MELITONE,6,2023,Pielle,232,85
0,RAFFAELE,6,2023,Pielle,212,87
0,PISANA,6,2023,Pielle,192,88
0,FILIPPO II,30,2023,Ping Pong,350,17
0,ALFREDO,25,2023,Ping Pong,436,4
0,MALCOLM,21,2023,Ping Pong,373,10
0,CONTE DI WALTER,18,2023,Ping Pong,349,19
0,ZAMORO,16,2023,Ping Pong,366,11
0,ALICE,16,2023,Ping Pong,333,29
0,MACDUFF,16,2023,Ping Pong,292,46
0,PROCIDA,16,2023,Ping Pong,273,62
0,IAGO,14,2023,Ping Pong,441,2
0,RAMFIS,14,2023,Ping Pong,414,6
0,ULDINO,14,2023,Ping Pong,365,12
0,ATTILA,14,2023,Ping Pong,348,20
0,MINA,14,2023,Ping Pong,348,21
0,ULRICA,14,2023,Ping Pong,339,25
0,PREZIOSILLA,14,2023,Ping Pong,277,59
0,LINA,14,2023,Ping Pong,255,75
0,DON CARLOS,12,2023,Ping Pong,378,8
0,MARCOVALDO,12,2023,Ping Pong,376,9
0,CORRADO,12,2023,Ping Pong,359,14
0,AZUCENA,12,2023,Ping Pong,353,16
0,CASSIO,12,2023,Ping Pong,350,18
0,GISELDA,12,2023,Ping Pong,344,23
0,DUNCANO,12,2023,Ping Pong,343,24
0,FORD,12,2023,Ping Pong,336,27
0,ELENA,12,2023,Ping Pong,334,28
0,RIGOLETTO,12,2023,Ping Pong,309,36
0,AIDA,12,2023,Ping Pong,295,43
0,ZACCARIA,12,2023,Ping Pong,289,49
0,RODRIGO,12,2023,Ping Pong,282,51
0,BARBARIGO,12,2023,Ping Pong,281,55
0,ELVIRA,12,2023,Ping Pong,269,65
0,CONTE RICCARDO,12,2023,Ping Pong,232,84
0,ARVINO,10,2023,Ping Pong,468,1
0,OTELLO,10,2023,Ping Pong,440,3
0,EZIO,10,2023,Ping Pong,381,7
0,DON ALVARO,10,2023,Ping Pong,326,31
0,VIOLETTA,10,2023,Ping Pong,319,32
0,ERNANI,10,2023,Ping Pong,289,47
0,GERMONT,10,2023,Ping Pong,279,57
0,NABUCODONOSOR,10,2023,Ping Pong,277,58
0,ARRIGO,10,2023,Ping Pong,271,63
0,CALATRAVA,10,2023,Ping Pong,263,69
0,GILDA,10,2023,Ping Pong,262,70
0,ABDALLO,10,2023,Ping Pong,261,72
0,RENATO,8,2023,Ping Pong,418,5
0,SPARAFUCILE,8,2023,Ping Pong,363,13
0,MACBETH,8,2023,Ping Pong,338,26
0,PAGANO,8,2023,Ping Pong,327,30
0,LUISA MILLER,8,2023,Ping Pong,316,33
0,ODABELLA,8,2023,Ping Pong,311,34
0,GUY DE MONTFORT,8,2023,Ping Pong,311,35
0,GULNÀRA,8,2023,Ping Pong,308,37
0,RODOLFO,8,2023,Ping Pong,307,38
0,BARBAROSSA,8,2023,Ping Pong,301,40
0,STIFFELIO,8,2023,Ping Pong,297,42
0,SEID,8,2023,Ping Pong,294,45
0,ELISABETTA DI VALOIS,8,2023,Ping Pong,274,61
0,LEONORA,8,2023,Ping Pong,269,64
0,WURM,8,2023,Ping Pong,268,66
0,LUCREZIA,8,2023,Ping Pong,257,73
0,VICLINDA,8,2023,Ping Pong,255,76
0,FRANCESCO FOSCARI,8,2023,Ping Pong,251,77
0,ROLANDO,8,2023,Ping Pong,247,79
0,RUY GOMEZ,8,2023,Ping Pong,242,82
0,FRA MELITONE,8,2023,Ping Pong,232,85
0,GASTONE,8,2023,Ping Pong,220,86
0,ABIGAILLE,6,2023,Ping Pong,357,15
0,CONTE DI LUNA,6,2023,Ping Pong,348,22
0,AMELIA,6,2023,Ping Pong,304,39
0,GUSMANO,6,2023,Ping Pong,300,41
0,AROLDO,6,2023,Ping Pong,295,44
0,EGBERTO,6,2023,Ping Pong,289,48
0,DESDEMONA,6,2023,Ping Pong,287,50
0,RE CARLO,6,2023,Ping Pong,282,52
0,GODVINO,6,2023,Ping Pong,282,53
0,ALZIRA,6,2023,Ping Pong,281,54
0,RADAMES,6,2023,Ping Pong,280,56
0,FALSTAFF,6,2023,Ping Pong,275,60
0,DUCA DI MANTOVA,6,2023,Ping Pong,267,67
0,LIDA,6,2023,Ping Pong,264,68
0,ATALIBA,6,2023,Ping Pong,261,71
0,MEDORA,6,2023,Ping Pong,256,74
0,FENTON,6,2023,Ping Pong,250,78
0,MANRICO,6,2023,Ping Pong,245,80
0,STANKAR,6,2023,Ping Pong,243,81
0,AMNERIS,6,2023,Ping Pong,233,83
0,RAFFAELE,6,2023,Ping Pong,212,87
0,PISANA,6,2023,Ping Pong,192,88
0,DON CARLOS,19,2023,Punti Parata,378,8
0,ELISABETTA DI VALOIS,19,2023,Punti Parata,274,61
0,AMELIA,18,2023,Punti Parata,304,39
0,MANRICO,18,2023,Punti Parata,245,80
0,ARVINO,17,2023,Punti Parata,468,1
0,OTELLO,17,2023,Punti Parata,440,3
0,RAMFIS,17,2023,Punti Parata,414,6
0,EZIO,17,2023,Punti Parata,381,7
0,ULDINO,17,2023,Punti Parata,365,12
0,VIOLETTA,17,2023,Punti Parata,319,32
0,BARBARIGO,17,2023,Punti Parata,281,55
0,FALSTAFF,17,2023,Punti Parata,275,60
0,ALFREDO,16,2023,Punti Parata,436,4
0,ABIGAILLE,16,2023,Punti Parata,357,15
0,AZUCENA,16,2023,Punti Parata,353,16
0,CASSIO,16,2023,Punti Parata,350,18
0,DUCA DI MANTOVA,16,2023,Punti Parata,267,67
0,ABDALLO,16,2023,Punti Parata,261,72
0,IAGO,15,2023,Punti Parata,441,2
0,MALCOLM,15,2023,Punti Parata,373,10
0,CONTE DI WALTER,15,2023,Punti Parata,349,19
0,ELENA,15,2023,Punti Parata,334,28
0,ALICE,15,2023,Punti Parata,333,29
0,GUY DE MONTFORT,15,2023,Punti Parata,311,35
0,MEDORA,15,2023,Punti Parata,256,74
0,RENATO,14,2023,Punti Parata,418,5
0,BARBAROSSA,14,2023,Punti Parata,301,40
0,AROLDO,14,2023,Punti Parata,295,44
0,MACDUFF,14,2023,Punti Parata,292,46
0,PREZIOSILLA,14,2023,Punti Parata,277,59
0,GILDA,14,2023,Punti Parata,262,70
0,FRANCESCO FOSCARI,14,2023,Punti Parata,251,77
0,SPARAFUCILE,13,2023,Punti Parata,363,13
0,CORRADO,13,2023,Punti Parata,359,14
0,GISELDA,13,2023,Punti Parata,344,23
0,MACBETH,13,2023,Punti Parata,338,26
0,DON ALVARO,13,2023,Punti Parata,326,31
0,GULNÀRA,13,2023,Punti Parata,308,37
0,RODOLFO,13,2023,Punti Parata,307,38
0,AIDA,13,2023,Punti Parata,295,43
0,ERNANI,13,2023,Punti Parata,289,47
0,GODVINO,13,2023,Punti Parata,282,53
0,LEONORA,13,2023,Punti Parata,269,64
0,STANKAR,13,2023,Punti Parata,243,81
0,RUY GOMEZ,13,2023,Punti Parata,242,82
0,MARCOVALDO,12,2023,Punti Parata,376,9
0,DUNCANO,12,2023,Punti Parata,343,24
0,FORD,12,2023,Punti Parata,336,27
0,LUISA MILLER,12,2023,Punti Parata,316,33
0,ODABELLA,12,2023,Punti Parata,311,34
0,GERMONT,12,2023,Punti Parata,279,57
0,LIDA,12,2023,Punti Parata,264,68
0,FENTON,12,2023,Punti Parata,250,78
0,AMNERIS,12,2023,Punti Parata,233,83
0,ZAMORO,11,2023,Punti Parata,366,11
0,MINA,11,2023,Punti Parata,348,21
0,ULRICA,11,2023,Punti Parata,339,25
0,RIGOLETTO,11,2023,Punti Parata,309,36
0,SEID,11,2023,Punti Parata,294,45
0,RADAMES,11,2023,Punti Parata,280,56
0,PROCIDA,11,2023,Punti Parata,273,62
0,CALATRAVA,11,2023,Punti Parata,263,69
0,CONTE RICCARDO,11,2023,Punti Parata,232,84
0,FILIPPO II,10,2023,Punti Parata,350,17
0,CONTE DI LUNA,10,2023,Punti Parata,348,22
0,ATALIBA,10,2023,Punti Parata,261,71
0,VICLINDA,10,2023,Punti Parata,255,76
0,GUSMANO,9,2023,Punti Parata,300,41
0,RAFFAELE,9,2023,Punti Parata,212,87
0,ATTILA,8,2023,Punti Parata,348,20
0,WURM,7,2023,Punti Parata,268,66
0,RODRIGO,6,2023,Punti Parata,282,51
0,ALZIRA,6,2023,Punti Parata,281,54
0,NABUCODONOSOR,6,2023,Punti Parata,277,58
0,GASTONE,6,2023,Punti Parata,220,86
0,PISANA,6,2023,Punti Parata,192,88
0,PAGANO,5,2023,Punti Parata,327,30
0,EGBERTO,5,2023,Punti Parata,289,48
0,ELVIRA,5,2023,Punti Parata,269,65
0,FRA MELITONE,5,2023,Punti Parata,232,85
0,STIFFELIO,4,2023,Punti Parata,297,42
0,DESDEMONA,4,2023,Punti Parata,287,50
0,ARRIGO,4,2023,Punti Parata,271,63
0,LINA,4,2023,Punti Parata,255,75
0,ZACCARIA,3,2023,Punti Parata,289,49
0,RE CARLO,3,2023,Punti Parata,282,52
0,ROLANDO,3,2023,Punti Parata,247,79
0,LUCREZIA,1,2023,Punti Parata,257,73
0,ARVINO,18,2023,PuntiBonus_ADMO,468,1
0,IAGO,17,2023,PuntiBonus_ADMO,441,2
0,RENATO,17,2023,PuntiBonus_ADMO,418,5
0,OTELLO,16,2023,PuntiBonus_ADMO,440,3
0,ALFREDO,15,2023,PuntiBonus_ADMO,436,4
0,DON ALVARO,12,2023,PuntiBonus_ADMO,326,31
0,SEID,12,2023,PuntiBonus_ADMO,294,45
0,AZUCENA,11,2023,PuntiBonus_ADMO,353,16
0,MALCOLM,9,2023,PuntiBonus_ADMO,373,10
0,ULDINO,7,2023,PuntiBonus_ADMO,365,12
0,ELENA,5,2023,PuntiBonus_ADMO,334,28
0,DON CARLOS,4,2023,PuntiBonus_ADMO,378,8
0,ALICE,4,2023,PuntiBonus_ADMO,333,29
0,AIDA,4,2023,PuntiBonus_ADMO,295,43
0,ELISABETTA DI VALOIS,4,2023,PuntiBonus_ADMO,274,61
0,WURM,4,2023,PuntiBonus_ADMO,268,66
0,ZAMORO,3,2023,PuntiBonus_ADMO,366,11
0,DUNCANO,2,2023,PuntiBonus_ADMO,343,24
0,RODOLFO,2,2023,PuntiBonus_ADMO,307,38
0,STIFFELIO,2,2023,PuntiBonus_ADMO,297,42
0,GODVINO,2,2023,PuntiBonus_ADMO,282,53
0,NABUCODONOSOR,2,2023,PuntiBonus_ADMO,277,58
0,LIDA,2,2023,PuntiBonus_ADMO,264,68
0,RAMFIS,1,2023,PuntiBonus_ADMO,414,6
0,PAGANO,1,2023,PuntiBonus_ADMO,327,30
0,VIOLETTA,1,2023,PuntiBonus_ADMO,319,32
0,GUY DE MONTFORT,1,2023,PuntiBonus_ADMO,311,35
0,GULNÀRA,1,2023,PuntiBonus_ADMO,308,37
0,GUSMANO,1,2023,PuntiBonus_ADMO,300,41
0,AROLDO,1,2023,PuntiBonus_ADMO,295,44
0,ERNANI,1,2023,PuntiBonus_ADMO,289,47
0,ZACCARIA,1,2023,PuntiBonus_ADMO,289,49
0,DESDEMONA,1,2023,PuntiBonus_ADMO,287,50
0,RODRIGO,1,2023,PuntiBonus_ADMO,282,51
0,RE CARLO,1,2023,PuntiBonus_ADMO,282,52
0,FALSTAFF,1,2023,PuntiBonus_ADMO,275,60
0,CALATRAVA,1,2023,PuntiBonus_ADMO,263,69
0,VICLINDA,1,2023,PuntiBonus_ADMO,255,76
0,EZIO,0,2023,PuntiBonus_ADMO,381,7
0,MARCOVALDO,0,2023,PuntiBonus_ADMO,376,9
0,SPARAFUCILE,0,2023,PuntiBonus_ADMO,363,13
0,CORRADO,0,2023,PuntiBonus_ADMO,359,14
0,ABIGAILLE,0,2023,PuntiBonus_ADMO,357,15
0,FILIPPO II,0,2023,PuntiBonus_ADMO,350,17
0,CASSIO,0,2023,PuntiBonus_ADMO,350,18
0,CONTE DI WALTER,0,2023,PuntiBonus_ADMO,349,19
0,ATTILA,0,2023,PuntiBonus_ADMO,348,20
0,MINA,0,2023,PuntiBonus_ADMO,348,21
0,CONTE DI LUNA,0,2023,PuntiBonus_ADMO,348,22
0,GISELDA,0,2023,PuntiBonus_ADMO,344,23
0,ULRICA,0,2023,PuntiBonus_ADMO,339,25
0,MACBETH,0,2023,PuntiBonus_ADMO,338,26
0,FORD,0,2023,PuntiBonus_ADMO,336,27
0,LUISA MILLER,0,2023,PuntiBonus_ADMO,316,33
0,ODABELLA,0,2023,PuntiBonus_ADMO,311,34
0,RIGOLETTO,0,2023,PuntiBonus_ADMO,309,36
0,AMELIA,0,2023,PuntiBonus_ADMO,304,39
0,BARBAROSSA,0,2023,PuntiBonus_ADMO,301,40
0,MACDUFF,0,2023,PuntiBonus_ADMO,292,46
0,EGBERTO,0,2023,PuntiBonus_ADMO,289,48
0,ALZIRA,0,2023,PuntiBonus_ADMO,281,54
0,BARBARIGO,0,2023,PuntiBonus_ADMO,281,55
0,RADAMES,0,2023,PuntiBonus_ADMO,280,56
0,GERMONT,0,2023,PuntiBonus_ADMO,279,57
0,PREZIOSILLA,0,2023,PuntiBonus_ADMO,277,59
0,PROCIDA,0,2023,PuntiBonus_ADMO,273,62
0,ARRIGO,0,2023,PuntiBonus_ADMO,271,63
0,LEONORA,0,2023,PuntiBonus_ADMO,269,64
0,ELVIRA,0,2023,PuntiBonus_ADMO,269,65
0,DUCA DI MANTOVA,0,2023,PuntiBonus_ADMO,267,67
0,GILDA,0,2023,PuntiBonus_ADMO,262,70
0,ATALIBA,0,2023,PuntiBonus_ADMO,261,71
0,ABDALLO,0,2023,PuntiBonus_ADMO,261,72
0,LUCREZIA,0,2023,PuntiBonus_ADMO,257,73
0,MEDORA,0,2023,PuntiBonus_ADMO,256,74
0,LINA,0,2023,PuntiBonus_ADMO,255,75
0,FRANCESCO FOSCARI,0,2023,PuntiBonus_ADMO,251,77
0,FENTON,0,2023,PuntiBonus_ADMO,250,78
0,ROLANDO,0,2023,PuntiBonus_ADMO,247,79
0,MANRICO,0,2023,PuntiBonus_ADMO,245,80
0,STANKAR,0,2023,PuntiBonus_ADMO,243,81
0,RUY GOMEZ,0,2023,PuntiBonus_ADMO,242,82
0,AMNERIS,0,2023,PuntiBonus_ADMO,233,83
0,CONTE RICCARDO,0,2023,PuntiBonus_ADMO,232,84
0,FRA MELITONE,0,2023,PuntiBonus_ADMO,232,85
0,GASTONE,0,2023,PuntiBonus_ADMO,220,86
0,RAFFAELE,0,2023,PuntiBonus_ADMO,212,87
0,PISANA,0,2023,PuntiBonus_ADMO,192,88
0,ULDINO,13,2023,PuntiBonus_AVIS,365,12
0,ARVINO,12,2023,PuntiBonus_AVIS,468,1
0,IAGO,10,2023,PuntiBonus_AVIS,441,2
0,ZAMORO,10,2023,PuntiBonus_AVIS,366,11
0,ALFREDO,9,2023,PuntiBonus_AVIS,436,4
0,ALICE,9,2023,PuntiBonus_AVIS,333,29
0,FALSTAFF,9,2023,PuntiBonus_AVIS,275,60
0,DON CARLOS,8,2023,PuntiBonus_AVIS,378,8
0,ABIGAILLE,8,2023,PuntiBonus_AVIS,357,15
0,DUNCANO,8,2023,PuntiBonus_AVIS,343,24
0,CALATRAVA,8,2023,PuntiBonus_AVIS,263,69
0,OTELLO,7,2023,PuntiBonus_AVIS,440,3
0,RODOLFO,7,2023,PuntiBonus_AVIS,307,38
0,AIDA,7,2023,PuntiBonus_AVIS,295,43
0,FILIPPO II,6,2023,PuntiBonus_AVIS,350,17
0,DON ALVARO,6,2023,PuntiBonus_AVIS,326,31
0,VIOLETTA,6,2023,PuntiBonus_AVIS,319,32
0,LUISA MILLER,6,2023,PuntiBonus_AVIS,316,33
0,RE CARLO,6,2023,PuntiBonus_AVIS,282,52
0,GODVINO,6,2023,PuntiBonus_AVIS,282,53
0,LIDA,6,2023,PuntiBonus_AVIS,264,68
0,CORRADO,5,2023,PuntiBonus_AVIS,359,14
0,ULRICA,5,2023,PuntiBonus_AVIS,339,25
0,MACBETH,5,2023,PuntiBonus_AVIS,338,26
0,ELENA,5,2023,PuntiBonus_AVIS,334,28
0,GUY DE MONTFORT,5,2023,PuntiBonus_AVIS,311,35
0,NABUCODONOSOR,5,2023,PuntiBonus_AVIS,277,58
0,MEDORA,5,2023,PuntiBonus_AVIS,256,74
0,RENATO,4,2023,PuntiBonus_AVIS,418,5
0,RAMFIS,4,2023,PuntiBonus_AVIS,414,6
0,EZIO,4,2023,PuntiBonus_AVIS,381,7
0,CASSIO,4,2023,PuntiBonus_AVIS,350,18
0,RIGOLETTO,4,2023,PuntiBonus_AVIS,309,36
0,MACDUFF,4,2023,PuntiBonus_AVIS,292,46
0,GERMONT,4,2023,PuntiBonus_AVIS,279,57
0,ELISABETTA DI VALOIS,4,2023,PuntiBonus_AVIS,274,61
0,LEONORA,4,2023,PuntiBonus_AVIS,269,64
0,ATALIBA,4,2023,PuntiBonus_AVIS,261,71
0,MANRICO,4,2023,PuntiBonus_AVIS,245,80
0,PISANA,4,2023,PuntiBonus_AVIS,192,88
0,MARCOVALDO,3,2023,PuntiBonus_AVIS,376,9
0,MALCOLM,3,2023,PuntiBonus_AVIS,373,10
0,CONTE DI LUNA,3,2023,PuntiBonus_AVIS,348,22
0,FORD,3,2023,PuntiBonus_AVIS,336,27
0,AMELIA,3,2023,PuntiBonus_AVIS,304,39
0,BARBAROSSA,3,2023,PuntiBonus_AVIS,301,40
0,AROLDO,3,2023,PuntiBonus_AVIS,295,44
0,ERNANI,3,2023,PuntiBonus_AVIS,289,47
0,ZACCARIA,3,2023,PuntiBonus_AVIS,289,49
0,RODRIGO,3,2023,PuntiBonus_AVIS,282,51
0,ALZIRA,3,2023,PuntiBonus_AVIS,281,54
0,RADAMES,3,2023,PuntiBonus_AVIS,280,56
0,VICLINDA,3,2023,PuntiBonus_AVIS,255,76
0,STANKAR,3,2023,PuntiBonus_AVIS,243,81
0,AZUCENA,2,2023,PuntiBonus_AVIS,353,16
0,CONTE DI WALTER,2,2023,PuntiBonus_AVIS,349,19
0,PAGANO,2,2023,PuntiBonus_AVIS,327,30
0,GULNÀRA,2,2023,PuntiBonus_AVIS,308,37
0,GUSMANO,2,2023,PuntiBonus_AVIS,300,41
0,STIFFELIO,2,2023,PuntiBonus_AVIS,297,42
0,EGBERTO,2,2023,PuntiBonus_AVIS,289,48
0,DESDEMONA,2,2023,PuntiBonus_AVIS,287,50
0,PREZIOSILLA,2,2023,PuntiBonus_AVIS,277,59
0,ARRIGO,2,2023,PuntiBonus_AVIS,271,63
0,ELVIRA,2,2023,PuntiBonus_AVIS,269,65
0,WURM,2,2023,PuntiBonus_AVIS,268,66
0,GILDA,2,2023,PuntiBonus_AVIS,262,70
0,FENTON,2,2023,PuntiBonus_AVIS,250,78
0,SPARAFUCILE,1,2023,PuntiBonus_AVIS,363,13
0,ATTILA,1,2023,PuntiBonus_AVIS,348,20
0,GISELDA,1,2023,PuntiBonus_AVIS,344,23
0,DUCA DI MANTOVA,1,2023,PuntiBonus_AVIS,267,67
0,LINA,1,2023,PuntiBonus_AVIS,255,75
0,RUY GOMEZ,1,2023,PuntiBonus_AVIS,242,82
0,AMNERIS,1,2023,PuntiBonus_AVIS,233,83
0,FRA MELITONE,1,2023,PuntiBonus_AVIS,232,85
0,MINA,0,2023,PuntiBonus_AVIS,348,21
0,ODABELLA,0,2023,PuntiBonus_AVIS,311,34
0,SEID,0,2023,PuntiBonus_AVIS,294,45
0,BARBARIGO,0,2023,PuntiBonus_AVIS,281,55
0,PROCIDA,0,2023,PuntiBonus_AVIS,273,62
0,ABDALLO,0,2023,PuntiBonus_AVIS,261,72
0,LUCREZIA,0,2023,PuntiBonus_AVIS,257,73
0,FRANCESCO FOSCARI,0,2023,PuntiBonus_AVIS,251,77
0,ROLANDO,0,2023,PuntiBonus_AVIS,247,79
0,CONTE RICCARDO,0,2023,PuntiBonus_AVIS,232,84
0,GASTONE,0,2023,PuntiBonus_AVIS,220,86
0,RAFFAELE,0,2023,PuntiBonus_AVIS,212,87
0,ATALIBA,13,2023,PuntiBonus_Donna,261,71
0,VIOLETTA,12,2023,PuntiBonus_Donna,319,32
0,LIDA,12,2023,PuntiBonus_Donna,264,68
0,WURM,9,2023,PuntiBonus_Donna,268,66
0,CALATRAVA,9,2023,PuntiBonus_Donna,263,69
0,MANRICO,9,2023,PuntiBonus_Donna,245,80
0,RUY GOMEZ,9,2023,PuntiBonus_Donna,242,82
0,AMNERIS,9,2023,PuntiBonus_Donna,233,83
0,CONTE RICCARDO,9,2023,PuntiBonus_Donna,232,84
0,ELENA,8,2023,PuntiBonus_Donna,334,28
0,RE CARLO,8,2023,PuntiBonus_Donna,282,52
0,GODVINO,8,2023,PuntiBonus_Donna,282,53
0,LEONORA,8,2023,PuntiBonus_Donna,269,64
0,GILDA,8,2023,PuntiBonus_Donna,262,70
0,ULRICA,7,2023,PuntiBonus_Donna,339,25
0,AMELIA,7,2023,PuntiBonus_Donna,304,39
0,AIDA,7,2023,PuntiBonus_Donna,295,43
0,ERNANI,7,2023,PuntiBonus_Donna,289,47
0,FALSTAFF,7,2023,PuntiBonus_Donna,275,60
0,ELISABETTA DI VALOIS,7,2023,PuntiBonus_Donna,274,61
0,ARRIGO,7,2023,PuntiBonus_Donna,271,63
0,ELVIRA,7,2023,PuntiBonus_Donna,269,65
0,ABDALLO,7,2023,PuntiBonus_Donna,261,72
0,FENTON,7,2023,PuntiBonus_Donna,250,78
0,ARVINO,6,2023,PuntiBonus_Donna,468,1
0,SPARAFUCILE,6,2023,PuntiBonus_Donna,363,13
0,MACBETH,6,2023,PuntiBonus_Donna,338,26
0,GUY DE MONTFORT,6,2023,PuntiBonus_Donna,311,35
0,RODOLFO,6,2023,PuntiBonus_Donna,307,38
0,GUSMANO,6,2023,PuntiBonus_Donna,300,41
0,ZACCARIA,6,2023,PuntiBonus_Donna,289,49
0,BARBARIGO,6,2023,PuntiBonus_Donna,281,55
0,NABUCODONOSOR,6,2023,PuntiBonus_Donna,277,58
0,PREZIOSILLA,6,2023,PuntiBonus_Donna,277,59
0,DUCA DI MANTOVA,6,2023,PuntiBonus_Donna,267,67
0,MEDORA,6,2023,PuntiBonus_Donna,256,74
0,LINA,6,2023,PuntiBonus_Donna,255,75
0,VICLINDA,6,2023,PuntiBonus_Donna,255,76
0,FRA MELITONE,6,2023,PuntiBonus_Donna,232,85
0,GASTONE,6,2023,PuntiBonus_Donna,220,86
0,MALCOLM,5,2023,PuntiBonus_Donna,373,10
0,ULDINO,5,2023,PuntiBonus_Donna,365,12
0,ABIGAILLE,5,2023,PuntiBonus_Donna,357,15
0,AZUCENA,5,2023,PuntiBonus_Donna,353,16
0,CONTE DI LUNA,5,2023,PuntiBonus_Donna,348,22
0,GISELDA,5,2023,PuntiBonus_Donna,344,23
0,DUNCANO,5,2023,PuntiBonus_Donna,343,24
0,LUISA MILLER,5,2023,PuntiBonus_Donna,316,33
0,RIGOLETTO,5,2023,PuntiBonus_Donna,309,36
0,SEID,5,2023,PuntiBonus_Donna,294,45
0,MACDUFF,5,2023,PuntiBonus_Donna,292,46
0,DESDEMONA,5,2023,PuntiBonus_Donna,287,50
0,RADAMES,5,2023,PuntiBonus_Donna,280,56
0,GERMONT,5,2023,PuntiBonus_Donna,279,57
0,PROCIDA,5,2023,PuntiBonus_Donna,273,62
0,LUCREZIA,5,2023,PuntiBonus_Donna,257,73
0,FRANCESCO FOSCARI,5,2023,PuntiBonus_Donna,251,77
0,IAGO,4,2023,PuntiBonus_Donna,441,2
0,DON CARLOS,4,2023,PuntiBonus_Donna,378,8
0,CORRADO,4,2023,PuntiBonus_Donna,359,14
0,FILIPPO II,4,2023,PuntiBonus_Donna,350,17
0,CONTE DI WALTER,4,2023,PuntiBonus_Donna,349,19
0,MINA,4,2023,PuntiBonus_Donna,348,21
0,FORD,4,2023,PuntiBonus_Donna,336,27
0,ODABELLA,4,2023,PuntiBonus_Donna,311,34
0,BARBAROSSA,4,2023,PuntiBonus_Donna,301,40
0,AROLDO,4,2023,PuntiBonus_Donna,295,44
0,RODRIGO,4,2023,PuntiBonus_Donna,282,51
0,ALZIRA,4,2023,PuntiBonus_Donna,281,54
0,STANKAR,4,2023,PuntiBonus_Donna,243,81
0,RAFFAELE,4,2023,PuntiBonus_Donna,212,87
0,ALFREDO,3,2023,PuntiBonus_Donna,436,4
0,RENATO,3,2023,PuntiBonus_Donna,418,5
0,RAMFIS,3,2023,PuntiBonus_Donna,414,6
0,EZIO,3,2023,PuntiBonus_Donna,381,7
0,ZAMORO,3,2023,PuntiBonus_Donna,366,11
0,ATTILA,3,2023,PuntiBonus_Donna,348,20
0,PAGANO,3,2023,PuntiBonus_Donna,327,30
0,GULNÀRA,3,2023,PuntiBonus_Donna,308,37
0,EGBERTO,3,2023,PuntiBonus_Donna,289,48
0,PISANA,3,2023,PuntiBonus_Donna,192,88
0,OTELLO,2,2023,PuntiBonus_Donna,440,3
0,MARCOVALDO,2,2023,PuntiBonus_Donna,376,9
0,CASSIO,2,2023,PuntiBonus_Donna,350,18
0,ALICE,2,2023,PuntiBonus_Donna,333,29
0,STIFFELIO,2,2023,PuntiBonus_Donna,297,42
0,DON ALVARO,1,2023,PuntiBonus_Donna,326,31
0,ROLANDO,1,2023,PuntiBonus_Donna,247,79
0,ELENA,30,2023,Retro Game,334,28
0,ZAMORO,25,2023,Retro Game,366,11
0,RENATO,21,2023,Retro Game,418,5
0,ABIGAILLE,18,2023,Retro Game,357,15
0,OTELLO,16,2023,Retro Game,440,3
0,CORRADO,16,2023,Retro Game,359,14
0,GISELDA,16,2023,Retro Game,344,23
0,PAGANO,16,2023,Retro Game,327,30
0,ALFREDO,14,2023,Retro Game,436,4
0,EZIO,14,2023,Retro Game,381,7
0,MALCOLM,14,2023,Retro Game,373,10
0,FILIPPO II,14,2023,Retro Game,350,17
0,CONTE DI WALTER,14,2023,Retro Game,349,19
0,CONTE DI LUNA,14,2023,Retro Game,348,22
0,DON ALVARO,14,2023,Retro Game,326,31
0,GUY DE MONTFORT,14,2023,Retro Game,311,35
0,ARVINO,12,2023,Retro Game,468,1
0,IAGO,12,2023,Retro Game,441,2
0,DON CARLOS,12,2023,Retro Game,378,8
0,ALICE,12,2023,Retro Game,333,29
0,VIOLETTA,12,2023,Retro Game,319,32
0,ODABELLA,12,2023,Retro Game,311,34
0,GULNÀRA,12,2023,Retro Game,308,37
0,AMELIA,12,2023,Retro Game,304,39
0,GUSMANO,12,2023,Retro Game,300,41
0,EGBERTO,12,2023,Retro Game,289,48
0,DESDEMONA,12,2023,Retro Game,287,50
0,PREZIOSILLA,12,2023,Retro Game,277,59
0,ELVIRA,12,2023,Retro Game,269,65
0,DUCA DI MANTOVA,12,2023,Retro Game,267,67
0,AMNERIS,12,2023,Retro Game,233,83
0,GASTONE,12,2023,Retro Game,220,86
0,RAMFIS,10,2023,Retro Game,414,6
0,ULRICA,10,2023,Retro Game,339,25
0,MACBETH,10,2023,Retro Game,338,26
0,RODOLFO,10,2023,Retro Game,307,38
0,STIFFELIO,10,2023,Retro Game,297,42
0,SEID,10,2023,Retro Game,294,45
0,ERNANI,10,2023,Retro Game,289,47
0,ALZIRA,10,2023,Retro Game,281,54
0,PROCIDA,10,2023,Retro Game,273,62
0,LUCREZIA,10,2023,Retro Game,257,73
0,STANKAR,10,2023,Retro Game,243,81
0,FRA MELITONE,10,2023,Retro Game,232,85
0,MARCOVALDO,8,2023,Retro Game,376,9
0,ULDINO,8,2023,Retro Game,365,12
0,SPARAFUCILE,8,2023,Retro Game,363,13
0,AZUCENA,8,2023,Retro Game,353,16
0,CASSIO,8,2023,Retro Game,350,18
0,ATTILA,8,2023,Retro Game,348,20
0,MINA,8,2023,Retro Game,348,21
0,DUNCANO,8,2023,Retro Game,343,24
0,LUISA MILLER,8,2023,Retro Game,316,33
0,BARBAROSSA,8,2023,Retro Game,301,40
0,AROLDO,8,2023,Retro Game,295,44
0,MACDUFF,8,2023,Retro Game,292,46
0,RODRIGO,8,2023,Retro Game,282,51
0,BARBARIGO,8,2023,Retro Game,281,55
0,NABUCODONOSOR,8,2023,Retro Game,277,58
0,WURM,8,2023,Retro Game,268,66
0,LIDA,8,2023,Retro Game,264,68
0,GILDA,8,2023,Retro Game,262,70
0,LINA,8,2023,Retro Game,255,75
0,VICLINDA,8,2023,Retro Game,255,76
0,ROLANDO,8,2023,Retro Game,247,79
0,RAFFAELE,8,2023,Retro Game,212,87
0,FORD,6,2023,Retro Game,336,27
0,RIGOLETTO,6,2023,Retro Game,309,36
0,AIDA,6,2023,Retro Game,295,43
0,ZACCARIA,6,2023,Retro Game,289,49
0,RE CARLO,6,2023,Retro Game,282,52
0,GODVINO,6,2023,Retro Game,282,53
0,RADAMES,6,2023,Retro Game,280,56
0,GERMONT,6,2023,Retro Game,279,57
0,FALSTAFF,6,2023,Retro Game,275,60
0,ELISABETTA DI VALOIS,6,2023,Retro Game,274,61
0,ARRIGO,6,2023,Retro Game,271,63
0,LEONORA,6,2023,Retro Game,269,64
0,CALATRAVA,6,2023,Retro Game,263,69
0,ATALIBA,6,2023,Retro Game,261,71
0,ABDALLO,6,2023,Retro Game,261,72
0,MEDORA,6,2023,Retro Game,256,74
0,FRANCESCO FOSCARI,6,2023,Retro Game,251,77
0,FENTON,6,2023,Retro Game,250,78
0,MANRICO,6,2023,Retro Game,245,80
0,RUY GOMEZ,6,2023,Retro Game,242,82
0,CONTE RICCARDO,6,2023,Retro Game,232,84
0,PISANA,6,2023,Retro Game,192,88
0,ATTILA,30,2023,Scacchi,348,20
0,ULRICA,25,2023,Scacchi,339,25
0,OTELLO,21,2023,Scacchi,440,3
0,ULDINO,18,2023,Scacchi,365,12
0,IAGO,16,2023,Scacchi,441,2
0,ZAMORO,16,2023,Scacchi,366,11
0,SPARAFUCILE,16,2023,Scacchi,363,13
0,CONTE DI WALTER,16,2023,Scacchi,349,19
0,ALFREDO,14,2023,Scacchi,436,4
0,RENATO,14,2023,Scacchi,418,5
0,CASSIO,14,2023,Scacchi,350,18
0,RIGOLETTO,14,2023,Scacchi,309,36
0,GULNÀRA,14,2023,Scacchi,308,37
0,AIDA,14,2023,Scacchi,295,43
0,MACDUFF,14,2023,Scacchi,292,46
0,ZACCARIA,14,2023,Scacchi,289,49
0,DON CARLOS,12,2023,Scacchi,378,8
0,ABIGAILLE,12,2023,Scacchi,357,15
0,AZUCENA,12,2023,Scacchi,353,16
0,CONTE DI LUNA,12,2023,Scacchi,348,22
0,ALICE,12,2023,Scacchi,333,29
0,BARBAROSSA,12,2023,Scacchi,301,40
0,GUSMANO,12,2023,Scacchi,300,41
0,EGBERTO,12,2023,Scacchi,289,48
0,RE CARLO,12,2023,Scacchi,282,52
0,GERMONT,12,2023,Scacchi,279,57
0,ARRIGO,12,2023,Scacchi,271,63
0,CALATRAVA,12,2023,Scacchi,263,69
0,FRANCESCO FOSCARI,12,2023,Scacchi,251,77
0,ROLANDO,12,2023,Scacchi,247,79
0,CONTE RICCARDO,12,2023,Scacchi,232,84
0,FRA MELITONE,12,2023,Scacchi,232,85
0,RAMFIS,10,2023,Scacchi,414,6
0,GISELDA,10,2023,Scacchi,344,23
0,MACBETH,10,2023,Scacchi,338,26
0,FORD,10,2023,Scacchi,336,27
0,STIFFELIO,10,2023,Scacchi,297,42
0,ERNANI,10,2023,Scacchi,289,47
0,DESDEMONA,10,2023,Scacchi,287,50
0,BARBARIGO,10,2023,Scacchi,281,55
0,NABUCODONOSOR,10,2023,Scacchi,277,58
0,LEONORA,10,2023,Scacchi,269,64
0,LINA,10,2023,Scacchi,255,75
0,VICLINDA,10,2023,Scacchi,255,76
0,ARVINO,8,2023,Scacchi,468,1
0,MARCOVALDO,8,2023,Scacchi,376,9
0,CORRADO,8,2023,Scacchi,359,14
0,FILIPPO II,8,2023,Scacchi,350,17
0,MINA,8,2023,Scacchi,348,21
0,DUNCANO,8,2023,Scacchi,343,24
0,PAGANO,8,2023,Scacchi,327,30
0,DON ALVARO,8,2023,Scacchi,326,31
0,LUISA MILLER,8,2023,Scacchi,316,33
0,AROLDO,8,2023,Scacchi,295,44
0,RADAMES,8,2023,Scacchi,280,56
0,PREZIOSILLA,8,2023,Scacchi,277,59
0,ELISABETTA DI VALOIS,8,2023,Scacchi,274,61
0,ELVIRA,8,2023,Scacchi,269,65
0,WURM,8,2023,Scacchi,268,66
0,DUCA DI MANTOVA,8,2023,Scacchi,267,67
0,LIDA,8,2023,Scacchi,264,68
0,ATALIBA,8,2023,Scacchi,261,71
0,MEDORA,8,2023,Scacchi,256,74
0,FENTON,8,2023,Scacchi,250,78
0,STANKAR,8,2023,Scacchi,243,81
0,GASTONE,8,2023,Scacchi,220,86
0,EZIO,6,2023,Scacchi,381,7
0,MALCOLM,6,2023,Scacchi,373,10
0,ELENA,6,2023,Scacchi,334,28
0,VIOLETTA,6,2023,Scacchi,319,32
0,ODABELLA,6,2023,Scacchi,311,34
0,GUY DE MONTFORT,6,2023,Scacchi,311,35
0,RODOLFO,6,2023,Scacchi,307,38
0,AMELIA,6,2023,Scacchi,304,39
0,SEID,6,2023,Scacchi,294,45
0,RODRIGO,6,2023,Scacchi,282,51
0,GODVINO,6,2023,Scacchi,282,53
0,ALZIRA,6,2023,Scacchi,281,54
0,FALSTAFF,6,2023,Scacchi,275,60
0,PROCIDA,6,2023,Scacchi,273,62
0,GILDA,6,2023,Scacchi,262,70
0,ABDALLO,6,2023,Scacchi,261,72
0,LUCREZIA,6,2023,Scacchi,257,73
0,MANRICO,6,2023,Scacchi,245,80
0,RUY GOMEZ,6,2023,Scacchi,242,82
0,AMNERIS,6,2023,Scacchi,233,83
0,RAFFAELE,6,2023,Scacchi,212,87
0,PISANA,6,2023,Scacchi,192,88
0,MARCOVALDO,30,2023,Subbuteo,376,9
0,SPARAFUCILE,25,2023,Subbuteo,363,13
0,IAGO,21,2023,Subbuteo,441,2
0,GISELDA,18,2023,Subbuteo,344,23
0,EZIO,16,2023,Subbuteo,381,7
0,ZAMORO,16,2023,Subbuteo,366,11
0,CORRADO,16,2023,Subbuteo,359,14
0,BARBAROSSA,16,2023,Subbuteo,301,40
0,RENATO,14,2023,Subbuteo,418,5
0,DON CARLOS,14,2023,Subbuteo,378,8
0,CONTE DI LUNA,14,2023,Subbuteo,348,22
0,GUY DE MONTFORT,14,2023,Subbuteo,311,35
0,GODVINO,14,2023,Subbuteo,282,53
0,FALSTAFF,14,2023,Subbuteo,275,60
0,GILDA,14,2023,Subbuteo,262,70
0,VICLINDA,14,2023,Subbuteo,255,76
0,ARVINO,12,2023,Subbuteo,468,1
0,ULDINO,12,2023,Subbuteo,365,12
0,ABIGAILLE,12,2023,Subbuteo,357,15
0,AZUCENA,12,2023,Subbuteo,353,16
0,DUNCANO,12,2023,Subbuteo,343,24
0,ULRICA,12,2023,Subbuteo,339,25
0,FORD,12,2023,Subbuteo,336,27
0,VIOLETTA,12,2023,Subbuteo,319,32
0,STIFFELIO,12,2023,Subbuteo,297,42
0,AIDA,12,2023,Subbuteo,295,43
0,EGBERTO,12,2023,Subbuteo,289,48
0,GERMONT,12,2023,Subbuteo,279,57
0,NABUCODONOSOR,12,2023,Subbuteo,277,58
0,LEONORA,12,2023,Subbuteo,269,64
0,ATALIBA,12,2023,Subbuteo,261,71
0,AMNERIS,12,2023,Subbuteo,233,83
0,OTELLO,10,2023,Subbuteo,440,3
0,RAMFIS,10,2023,Subbuteo,414,6
0,MALCOLM,10,2023,Subbuteo,373,10
0,ELENA,10,2023,Subbuteo,334,28
0,ALICE,10,2023,Subbuteo,333,29
0,PAGANO,10,2023,Subbuteo,327,30
0,ZACCARIA,10,2023,Subbuteo,289,49
0,BARBARIGO,10,2023,Subbuteo,281,55
0,ELISABETTA DI VALOIS,10,2023,Subbuteo,274,61
0,ELVIRA,10,2023,Subbuteo,269,65
0,WURM,10,2023,Subbuteo,268,66
0,CALATRAVA,10,2023,Subbuteo,263,69
0,FILIPPO II,8,2023,Subbuteo,350,17
0,CASSIO,8,2023,Subbuteo,350,18
0,CONTE DI WALTER,8,2023,Subbuteo,349,19
0,MINA,8,2023,Subbuteo,348,21
0,MACBETH,8,2023,Subbuteo,338,26
0,DON ALVARO,8,2023,Subbuteo,326,31
0,LUISA MILLER,8,2023,Subbuteo,316,33
0,ODABELLA,8,2023,Subbuteo,311,34
0,RIGOLETTO,8,2023,Subbuteo,309,36
0,GULNÀRA,8,2023,Subbuteo,308,37
0,ERNANI,8,2023,Subbuteo,289,47
0,DESDEMONA,8,2023,Subbuteo,287,50
0,RODRIGO,8,2023,Subbuteo,282,51
0,RE CARLO,8,2023,Subbuteo,282,52
0,ALZIRA,8,2023,Subbuteo,281,54
0,RADAMES,8,2023,Subbuteo,280,56
0,PROCIDA,8,2023,Subbuteo,273,62
0,MEDORA,8,2023,Subbuteo,256,74
0,LINA,8,2023,Subbuteo,255,75
0,FENTON,8,2023,Subbuteo,250,78
0,ROLANDO,8,2023,Subbuteo,247,79
0,CONTE RICCARDO,8,2023,Subbuteo,232,84
0,ALFREDO,6,2023,Subbuteo,436,4
0,ATTILA,6,2023,Subbuteo,348,20
0,RODOLFO,6,2023,Subbuteo,307,38
0,AMELIA,6,2023,Subbuteo,304,39
0,GUSMANO,6,2023,Subbuteo,300,41
0,AROLDO,6,2023,Subbuteo,295,44
0,SEID,6,2023,Subbuteo,294,45
0,MACDUFF,6,2023,Subbuteo,292,46
0,PREZIOSILLA,6,2023,Subbuteo,277,59
0,ARRIGO,6,2023,Subbuteo,271,63
0,DUCA DI MANTOVA,6,2023,Subbuteo,267,67
0,LIDA,6,2023,Subbuteo,264,68
0,ABDALLO,6,2023,Subbuteo,261,72
0,LUCREZIA,6,2023,Subbuteo,257,73
0,FRANCESCO FOSCARI,6,2023,Subbuteo,251,77
0,MANRICO,6,2023,Subbuteo,245,80
0,STANKAR,6,2023,Subbuteo,243,81
0,RUY GOMEZ,6,2023,Subbuteo,242,82
0,FRA MELITONE,6,2023,Subbuteo,232,85
0,GASTONE,6,2023,Subbuteo,220,86
0,RAFFAELE,6,2023,Subbuteo,212,87
0,PISANA,6,2023,Subbuteo,192,88
0,LUISA MILLER,30,2023,Tiro al barattolo,316,33
0,RAFFAELE,25,2023,Tiro al barattolo,212,87
0,DON CARLOS,21,2023,Tiro al barattolo,378,8
0,IAGO,18,2023,Tiro al barattolo,441,2
0,ARVINO,16,2023,Tiro al barattolo,468,1
0,OTELLO,16,2023,Tiro al barattolo,440,3
0,FALSTAFF,16,2023,Tiro al barattolo,275,60
0,STANKAR,16,2023,Tiro al barattolo,243,81
0,SPARAFUCILE,14,2023,Tiro al barattolo,363,13
0,CORRADO,14,2023,Tiro al barattolo,359,14
0,AZUCENA,14,2023,Tiro al barattolo,353,16
0,MINA,14,2023,Tiro al barattolo,348,21
0,VIOLETTA,14,2023,Tiro al barattolo,319,32
0,ODABELLA,14,2023,Tiro al barattolo,311,34
0,DUCA DI MANTOVA,14,2023,Tiro al barattolo,267,67
0,CALATRAVA,14,2023,Tiro al barattolo,263,69
0,ALFREDO,12,2023,Tiro al barattolo,436,4
0,RENATO,12,2023,Tiro al barattolo,418,5
0,EZIO,12,2023,Tiro al barattolo,381,7
0,MARCOVALDO,12,2023,Tiro al barattolo,376,9
0,ZAMORO,12,2023,Tiro al barattolo,366,11
0,ABIGAILLE,12,2023,Tiro al barattolo,357,15
0,FILIPPO II,12,2023,Tiro al barattolo,350,17
0,CONTE DI WALTER,12,2023,Tiro al barattolo,349,19
0,ATTILA,12,2023,Tiro al barattolo,348,20
0,FORD,12,2023,Tiro al barattolo,336,27
0,DON ALVARO,12,2023,Tiro al barattolo,326,31
0,GUY DE MONTFORT,12,2023,Tiro al barattolo,311,35
0,AROLDO,12,2023,Tiro al barattolo,295,44
0,ELVIRA,12,2023,Tiro al barattolo,269,65
0,FRANCESCO FOSCARI,12,2023,Tiro al barattolo,251,77
0,AMNERIS,12,2023,Tiro al barattolo,233,83
0,RAMFIS,10,2023,Tiro al barattolo,414,6
0,MACBETH,10,2023,Tiro al barattolo,338,26
0,ELENA,10,2023,Tiro al barattolo,334,28
0,ALICE,10,2023,Tiro al barattolo,333,29
0,RODOLFO,10,2023,Tiro al barattolo,307,38
0,AMELIA,10,2023,Tiro al barattolo,304,39
0,GUSMANO,10,2023,Tiro al barattolo,300,41
0,AIDA,10,2023,Tiro al barattolo,295,43
0,ZACCARIA,10,2023,Tiro al barattolo,289,49
0,RE CARLO,10,2023,Tiro al barattolo,282,52
0,WURM,10,2023,Tiro al barattolo,268,66
0,RUY GOMEZ,10,2023,Tiro al barattolo,242,82
0,MALCOLM,8,2023,Tiro al barattolo,373,10
0,CONTE DI LUNA,8,2023,Tiro al barattolo,348,22
0,GISELDA,8,2023,Tiro al barattolo,344,23
0,DUNCANO,8,2023,Tiro al barattolo,343,24
0,RIGOLETTO,8,2023,Tiro al barattolo,309,36
0,SEID,8,2023,Tiro al barattolo,294,45
0,ERNANI,8,2023,Tiro al barattolo,289,47
0,GODVINO,8,2023,Tiro al barattolo,282,53
0,ALZIRA,8,2023,Tiro al barattolo,281,54
0,BARBARIGO,8,2023,Tiro al barattolo,281,55
0,RADAMES,8,2023,Tiro al barattolo,280,56
0,NABUCODONOSOR,8,2023,Tiro al barattolo,277,58
0,PREZIOSILLA,8,2023,Tiro al barattolo,277,59
0,PROCIDA,8,2023,Tiro al barattolo,273,62
0,ARRIGO,8,2023,Tiro al barattolo,271,63
0,LEONORA,8,2023,Tiro al barattolo,269,64
0,GILDA,8,2023,Tiro al barattolo,262,70
0,ATALIBA,8,2023,Tiro al barattolo,261,71
0,MEDORA,8,2023,Tiro al barattolo,256,74
0,FENTON,8,2023,Tiro al barattolo,250,78
0,FRA MELITONE,8,2023,Tiro al barattolo,232,85
0,GASTONE,8,2023,Tiro al barattolo,220,86
0,ULDINO,6,2023,Tiro al barattolo,365,12
0,CASSIO,6,2023,Tiro al barattolo,350,18
0,ULRICA,6,2023,Tiro al barattolo,339,25
0,PAGANO,6,2023,Tiro al barattolo,327,30
0,GULNÀRA,6,2023,Tiro al barattolo,308,37
0,BARBAROSSA,6,2023,Tiro al barattolo,301,40
0,STIFFELIO,6,2023,Tiro al barattolo,297,42
0,MACDUFF,6,2023,Tiro al barattolo,292,46
0,EGBERTO,6,2023,Tiro al barattolo,289,48
0,DESDEMONA,6,2023,Tiro al barattolo,287,50
0,RODRIGO,6,2023,Tiro al barattolo,282,51
0,GERMONT,6,2023,Tiro al barattolo,279,57
0,ELISABETTA DI VALOIS,6,2023,Tiro al barattolo,274,61
0,LIDA,6,2023,Tiro al barattolo,264,68
0,ABDALLO,6,2023,Tiro al barattolo,261,72
0,LUCREZIA,6,2023,Tiro al barattolo,257,73
0,LINA,6,2023,Tiro al barattolo,255,75
0,VICLINDA,6,2023,Tiro al barattolo,255,76
0,ROLANDO,6,2023,Tiro al barattolo,247,79
0,MANRICO,6,2023,Tiro al barattolo,245,80
0,CONTE RICCARDO,6,2023,Tiro al barattolo,232,84
0,PISANA,6,2023,Tiro al barattolo,192,88
0,OTELLO,30,2023,Tiro con l'Arco,440,3
0,RAMFIS,25,2023,Tiro con l'Arco,414,6
0,CONTE RICCARDO,21,2023,Tiro con l'Arco,232,84
0,GILDA,18,2023,Tiro con l'Arco,262,70
0,RIGOLETTO,16,2023,Tiro con l'Arco,309,36
0,DUNCANO,14,2023,Tiro con l'Arco,343,24
0,RENATO,13,2023,Tiro con l'Arco,418,5
0,EZIO,13,2023,Tiro con l'Arco,381,7
0,MALCOLM,13,2023,Tiro con l'Arco,373,10
0,FORD,13,2023,Tiro con l'Arco,336,27
0,RODRIGO,13,2023,Tiro con l'Arco,282,51
0,DUCA DI MANTOVA,13,2023,Tiro con l'Arco,267,67
0,ALFREDO,12,2023,Tiro con l'Arco,436,4
0,CORRADO,12,2023,Tiro con l'Arco,359,14
0,ATTILA,12,2023,Tiro con l'Arco,348,20
0,GULNÀRA,12,2023,Tiro con l'Arco,308,37
0,STIFFELIO,12,2023,Tiro con l'Arco,297,42
0,AIDA,12,2023,Tiro con l'Arco,295,43
0,FILIPPO II,11,2023,Tiro con l'Arco,350,17
0,GUY DE MONTFORT,11,2023,Tiro con l'Arco,311,35
0,AROLDO,11,2023,Tiro con l'Arco,295,44
0,SEID,11,2023,Tiro con l'Arco,294,45
0,ELVIRA,11,2023,Tiro con l'Arco,269,65
0,LIDA,11,2023,Tiro con l'Arco,264,68
0,ARVINO,10,2023,Tiro con l'Arco,468,1
0,ULDINO,10,2023,Tiro con l'Arco,365,12
0,AZUCENA,10,2023,Tiro con l'Arco,353,16
0,CASSIO,10,2023,Tiro con l'Arco,350,18
0,CONTE DI WALTER,10,2023,Tiro con l'Arco,349,19
0,CONTE DI LUNA,10,2023,Tiro con l'Arco,348,22
0,GISELDA,10,2023,Tiro con l'Arco,344,23
0,MACBETH,10,2023,Tiro con l'Arco,338,26
0,VIOLETTA,10,2023,Tiro con l'Arco,319,32
0,BARBAROSSA,10,2023,Tiro con l'Arco,301,40
0,ZACCARIA,10,2023,Tiro con l'Arco,289,49
0,GODVINO,10,2023,Tiro con l'Arco,282,53
0,RADAMES,10,2023,Tiro con l'Arco,280,56
0,NABUCODONOSOR,10,2023,Tiro con l'Arco,277,58
0,PROCIDA,10,2023,Tiro con l'Arco,273,62
0,LEONORA,10,2023,Tiro con l'Arco,269,64
0,LINA,10,2023,Tiro con l'Arco,255,75
0,ROLANDO,10,2023,Tiro con l'Arco,247,79
0,STANKAR,10,2023,Tiro con l'Arco,243,81
0,PISANA,10,2023,Tiro con l'Arco,192,88
0,MARCOVALDO,8,2023,Tiro con l'Arco,376,9
0,ZAMORO,8,2023,Tiro con l'Arco,366,11
0,MINA,8,2023,Tiro con l'Arco,348,21
0,ELENA,8,2023,Tiro con l'Arco,334,28
0,ALICE,8,2023,Tiro con l'Arco,333,29
0,PAGANO,8,2023,Tiro con l'Arco,327,30
0,LUISA MILLER,8,2023,Tiro con l'Arco,316,33
0,ODABELLA,8,2023,Tiro con l'Arco,311,34
0,AMELIA,8,2023,Tiro con l'Arco,304,39
0,GUSMANO,8,2023,Tiro con l'Arco,300,41
0,MACDUFF,8,2023,Tiro con l'Arco,292,46
0,EGBERTO,8,2023,Tiro con l'Arco,289,48
0,ALZIRA,8,2023,Tiro con l'Arco,281,54
0,BARBARIGO,8,2023,Tiro con l'Arco,281,55
0,GERMONT,8,2023,Tiro con l'Arco,279,57
0,FALSTAFF,8,2023,Tiro con l'Arco,275,60
0,ELISABETTA DI VALOIS,8,2023,Tiro con l'Arco,274,61
0,ATALIBA,8,2023,Tiro con l'Arco,261,71
0,MEDORA,8,2023,Tiro con l'Arco,256,74
0,FENTON,8,2023,Tiro con l'Arco,250,78
0,RUY GOMEZ,8,2023,Tiro con l'Arco,242,82
0,FRA MELITONE,8,2023,Tiro con l'Arco,232,85
0,IAGO,6,2023,Tiro con l'Arco,441,2
0,DON CARLOS,6,2023,Tiro con l'Arco,378,8
0,SPARAFUCILE,6,2023,Tiro con l'Arco,363,13
0,ABIGAILLE,6,2023,Tiro con l'Arco,357,15
0,ULRICA,6,2023,Tiro con l'Arco,339,25
0,DON ALVARO,6,2023,Tiro con l'Arco,326,31
0,RODOLFO,6,2023,Tiro con l'Arco,307,38
0,ERNANI,6,2023,Tiro con l'Arco,289,47
0,DESDEMONA,6,2023,Tiro con l'Arco,287,50
0,RE CARLO,6,2023,Tiro con l'Arco,282,52
0,PREZIOSILLA,6,2023,Tiro con l'Arco,277,59
0,ARRIGO,6,2023,Tiro con l'Arco,271,63
0,WURM,6,2023,Tiro con l'Arco,268,66
0,CALATRAVA,6,2023,Tiro con l'Arco,263,69
0,ABDALLO,6,2023,Tiro con l'Arco,261,72
0,LUCREZIA,6,2023,Tiro con l'Arco,257,73
0,VICLINDA,6,2023,Tiro con l'Arco,255,76
0,FRANCESCO FOSCARI,6,2023,Tiro con l'Arco,251,77
0,MANRICO,6,2023,Tiro con l'Arco,245,80
0,AMNERIS,6,2023,Tiro con l'Arco,233,83
0,GASTONE,6,2023,Tiro con l'Arco,220,86
0,RAFFAELE,6,2023,Tiro con l'Arco,212,87
0,RENATO,20,2023,Tower Briks,418,5
0,LINA,18,2023,Tower Briks,255,75
0,SPARAFUCILE,16,2023,Tower Briks,363,13
0,ARVINO,15,2023,Tower Briks,468,1
0,FILIPPO II,15,2023,Tower Briks,350,17
0,GISELDA,15,2023,Tower Briks,344,23
0,MACBETH,15,2023,Tower Briks,338,26
0,FORD,15,2023,Tower Briks,336,27
0,GUY DE MONTFORT,15,2023,Tower Briks,311,35
0,EGBERTO,15,2023,Tower Briks,289,48
0,PREZIOSILLA,15,2023,Tower Briks,277,59
0,FENTON,15,2023,Tower Briks,250,78
0,AZUCENA,14,2023,Tower Briks,353,16
0,ALICE,14,2023,Tower Briks,333,29
0,PAGANO,14,2023,Tower Briks,327,30
0,DESDEMONA,14,2023,Tower Briks,287,50
0,RUY GOMEZ,14,2023,Tower Briks,242,82
0,CONTE DI LUNA,13,2023,Tower Briks,348,22
0,RIGOLETTO,13,2023,Tower Briks,309,36
0,GODVINO,13,2023,Tower Briks,282,53
0,BARBARIGO,13,2023,Tower Briks,281,55
0,ZACCARIA,12,2023,Tower Briks,289,49
0,LEONORA,12,2023,Tower Briks,269,64
0,ATALIBA,12,2023,Tower Briks,261,71
0,IAGO,11,2023,Tower Briks,441,2
0,MARCOVALDO,11,2023,Tower Briks,376,9
0,MALCOLM,11,2023,Tower Briks,373,10
0,RODOLFO,11,2023,Tower Briks,307,38
0,AROLDO,11,2023,Tower Briks,295,44
0,CALATRAVA,11,2023,Tower Briks,263,69
0,DON CARLOS,10,2023,Tower Briks,378,8
0,SEID,10,2023,Tower Briks,294,45
0,RE CARLO,10,2023,Tower Briks,282,52
0,ABDALLO,10,2023,Tower Briks,261,72
0,AMELIA,9,2023,Tower Briks,304,39
0,GERMONT,9,2023,Tower Briks,279,57
0,DUCA DI MANTOVA,9,2023,Tower Briks,267,67
0,MANRICO,9,2023,Tower Briks,245,80
0,ABIGAILLE,8,2023,Tower Briks,357,15
0,ATTILA,8,2023,Tower Briks,348,20
0,ELENA,8,2023,Tower Briks,334,28
0,VIOLETTA,8,2023,Tower Briks,319,32
0,MACDUFF,8,2023,Tower Briks,292,46
0,ELISABETTA DI VALOIS,8,2023,Tower Briks,274,61
0,ARRIGO,8,2023,Tower Briks,271,63
0,OTELLO,7,2023,Tower Briks,440,3
0,RAMFIS,7,2023,Tower Briks,414,6
0,RADAMES,7,2023,Tower Briks,280,56
0,PROCIDA,7,2023,Tower Briks,273,62
0,WURM,7,2023,Tower Briks,268,66
0,CONTE RICCARDO,7,2023,Tower Briks,232,84
0,CASSIO,6,2023,Tower Briks,350,18
0,GILDA,6,2023,Tower Briks,262,70
0,MINA,5,2023,Tower Briks,348,21
0,DUNCANO,5,2023,Tower Briks,343,24
0,ERNANI,5,2023,Tower Briks,289,47
0,RODRIGO,5,2023,Tower Briks,282,51
0,MEDORA,5,2023,Tower Briks,256,74
0,CONTE DI WALTER,4,2023,Tower Briks,349,19
0,ULRICA,4,2023,Tower Briks,339,25
0,LUISA MILLER,4,2023,Tower Briks,316,33
0,ODABELLA,4,2023,Tower Briks,311,34
0,VICLINDA,4,2023,Tower Briks,255,76
0,CORRADO,3,2023,Tower Briks,359,14
0,STANKAR,3,2023,Tower Briks,243,81
0,AMNERIS,3,2023,Tower Briks,233,83
0,FRA MELITONE,3,2023,Tower Briks,232,85
0,EZIO,2,2023,Tower Briks,381,7
0,ULDINO,2,2023,Tower Briks,365,12
0,LUCREZIA,2,2023,Tower Briks,257,73
0,GUSMANO,1,2023,Tower Briks,300,41
0,AIDA,1,2023,Tower Briks,295,43
0,FALSTAFF,1,2023,Tower Briks,275,60
0,ALFREDO,0,2023,Tower Briks,436,4
0,ZAMORO,0,2023,Tower Briks,366,11
0,DON ALVARO,0,2023,Tower Briks,326,31
0,GULNÀRA,0,2023,Tower Briks,308,37
0,BARBAROSSA,0,2023,Tower Briks,301,40
0,STIFFELIO,0,2023,Tower Briks,297,42
0,ALZIRA,0,2023,Tower Briks,281,54
0,NABUCODONOSOR,0,2023,Tower Briks,277,58
0,ELVIRA,0,2023,Tower Briks,269,65
0,LIDA,0,2023,Tower Briks,264,68
0,FRANCESCO FOSCARI,0,2023,Tower Briks,251,77
0,ROLANDO,0,2023,Tower Briks,247,79
0,GASTONE,0,2023,Tower Briks,220,86
0,RAFFAELE,0,2023,Tower Briks,212,87
0,PISANA,0,2023,Tower Briks,192,88
0,RAMFIS,30,2023,Triathlon,414,6
0,AROLDO,25,2023,Triathlon,295,44
0,ROLANDO,21,2023,Triathlon,247,79
0,ZAMORO,18,2023,Triathlon,366,11
0,ARVINO,17,2023,Triathlon,468,1
0,CASSIO,17,2023,Triathlon,350,18
0,GISELDA,17,2023,Triathlon,344,23
0,ELENA,17,2023,Triathlon,334,28
0,IAGO,16,2023,Triathlon,441,2
0,ABIGAILLE,16,2023,Triathlon,357,15
0,FORD,16,2023,Triathlon,336,27
0,RE CARLO,16,2023,Triathlon,282,52
0,DON CARLOS,15,2023,Triathlon,378,8
0,SEID,15,2023,Triathlon,294,45
0,ZACCARIA,15,2023,Triathlon,289,49
0,ELISABETTA DI VALOIS,15,2023,Triathlon,274,61
0,FRANCESCO FOSCARI,15,2023,Triathlon,251,77
0,OTELLO,14,2023,Triathlon,440,3
0,EZIO,14,2023,Triathlon,381,7
0,RODOLFO,14,2023,Triathlon,307,38
0,BARBARIGO,14,2023,Triathlon,281,55
0,LUCREZIA,14,2023,Triathlon,257,73
0,MARCOVALDO,13,2023,Triathlon,376,9
0,FILIPPO II,13,2023,Triathlon,350,17
0,MACBETH,13,2023,Triathlon,338,26
0,GUY DE MONTFORT,13,2023,Triathlon,311,35
0,GULNÀRA,13,2023,Triathlon,308,37
0,ABDALLO,13,2023,Triathlon,261,72
0,SPARAFUCILE,12,2023,Triathlon,363,13
0,AZUCENA,12,2023,Triathlon,353,16
0,CONTE DI LUNA,12,2023,Triathlon,348,22
0,ULRICA,12,2023,Triathlon,339,25
0,GUSMANO,12,2023,Triathlon,300,41
0,STIFFELIO,12,2023,Triathlon,297,42
0,EGBERTO,12,2023,Triathlon,289,48
0,DUNCANO,11,2023,Triathlon,343,24
0,RIGOLETTO,11,2023,Triathlon,309,36
0,AIDA,11,2023,Triathlon,295,43
0,MACDUFF,11,2023,Triathlon,292,46
0,ALZIRA,11,2023,Triathlon,281,54
0,GILDA,11,2023,Triathlon,262,70
0,STANKAR,11,2023,Triathlon,243,81
0,CORRADO,10,2023,Triathlon,359,14
0,PAGANO,10,2023,Triathlon,327,30
0,LUISA MILLER,10,2023,Triathlon,316,33
0,AMELIA,10,2023,Triathlon,304,39
0,RODRIGO,10,2023,Triathlon,282,51
0,NABUCODONOSOR,10,2023,Triathlon,277,58
0,PREZIOSILLA,10,2023,Triathlon,277,59
0,LINA,10,2023,Triathlon,255,75
0,RENATO,9,2023,Triathlon,418,5
0,ULDINO,9,2023,Triathlon,365,12
0,CONTE DI WALTER,9,2023,Triathlon,349,19
0,ALICE,9,2023,Triathlon,333,29
0,ODABELLA,9,2023,Triathlon,311,34
0,BARBAROSSA,9,2023,Triathlon,301,40
0,ELVIRA,9,2023,Triathlon,269,65
0,AMNERIS,9,2023,Triathlon,233,83
0,RAFFAELE,9,2023,Triathlon,212,87
0,ATTILA,8,2023,Triathlon,348,20
0,MINA,8,2023,Triathlon,348,21
0,DON ALVARO,8,2023,Triathlon,326,31
0,VIOLETTA,8,2023,Triathlon,319,32
0,ERNANI,8,2023,Triathlon,289,47
0,PROCIDA,8,2023,Triathlon,273,62
0,ARRIGO,8,2023,Triathlon,271,63
0,DUCA DI MANTOVA,8,2023,Triathlon,267,67
0,LIDA,8,2023,Triathlon,264,68
0,GODVINO,7,2023,Triathlon,282,53
0,RADAMES,7,2023,Triathlon,280,56
0,GERMONT,7,2023,Triathlon,279,57
0,LEONORA,7,2023,Triathlon,269,64
0,WURM,7,2023,Triathlon,268,66
0,CALATRAVA,7,2023,Triathlon,263,69
0,MEDORA,7,2023,Triathlon,256,74
0,VICLINDA,7,2023,Triathlon,255,76
0,RUY GOMEZ,7,2023,Triathlon,242,82
0,FRA MELITONE,7,2023,Triathlon,232,85
0,DESDEMONA,6,2023,Triathlon,287,50
0,FALSTAFF,6,2023,Triathlon,275,60
0,ATALIBA,6,2023,Triathlon,261,71
0,MANRICO,6,2023,Triathlon,245,80
0,CONTE RICCARDO,6,2023,Triathlon,232,84
0,GASTONE,6,2023,Triathlon,220,86
0,PISANA,6,2023,Triathlon,192,88
0,ALFREDO,0,2023,Triathlon,436,4
0,MALCOLM,0,2023,Triathlon,373,10
0,FENTON,0,2023,Triathlon,250,78
0,CONTE DI LUNA,30,2023,Tris Soccer,348,22
0,DON CARLOS,25,2023,Tris Soccer,378,8
0,MINA,21,2023,Tris Soccer,348,21
0,ALFREDO,18,2023,Tris Soccer,436,4
0,DESDEMONA,16,2023,Tris Soccer,287,50
0,RE CARLO,16,2023,Tris Soccer,282,52
0,PREZIOSILLA,16,2023,Tris Soccer,277,59
0,PROCIDA,16,2023,Tris Soccer,273,62
0,OTELLO,14,2023,Tris Soccer,440,3
0,ZAMORO,14,2023,Tris Soccer,366,11
0,CONTE DI WALTER,14,2023,Tris Soccer,349,19
0,GISELDA,14,2023,Tris Soccer,344,23
0,RIGOLETTO,14,2023,Tris Soccer,309,36
0,ERNANI,14,2023,Tris Soccer,289,47
0,GILDA,14,2023,Tris Soccer,262,70
0,LUCREZIA,14,2023,Tris Soccer,257,73
0,ARVINO,12,2023,Tris Soccer,468,1
0,ULDINO,12,2023,Tris Soccer,365,12
0,CORRADO,12,2023,Tris Soccer,359,14
0,ELENA,12,2023,Tris Soccer,334,28
0,ODABELLA,12,2023,Tris Soccer,311,34
0,SEID,12,2023,Tris Soccer,294,45
0,MACDUFF,12,2023,Tris Soccer,292,46
0,EGBERTO,12,2023,Tris Soccer,289,48
0,RODRIGO,12,2023,Tris Soccer,282,51
0,GERMONT,12,2023,Tris Soccer,279,57
0,FALSTAFF,12,2023,Tris Soccer,275,60
0,ARRIGO,12,2023,Tris Soccer,271,63
0,CALATRAVA,12,2023,Tris Soccer,263,69
0,LINA,12,2023,Tris Soccer,255,75
0,FRANCESCO FOSCARI,12,2023,Tris Soccer,251,77
0,RUY GOMEZ,12,2023,Tris Soccer,242,82
0,RENATO,10,2023,Tris Soccer,418,5
0,CASSIO,10,2023,Tris Soccer,350,18
0,ATTILA,10,2023,Tris Soccer,348,20
0,MACBETH,10,2023,Tris Soccer,338,26
0,LUISA MILLER,10,2023,Tris Soccer,316,33
0,GULNÀRA,10,2023,Tris Soccer,308,37
0,STIFFELIO,10,2023,Tris Soccer,297,42
0,BARBARIGO,10,2023,Tris Soccer,281,55
0,ELVIRA,10,2023,Tris Soccer,269,65
0,ATALIBA,10,2023,Tris Soccer,261,71
0,VICLINDA,10,2023,Tris Soccer,255,76
0,RAFFAELE,10,2023,Tris Soccer,212,87
0,IAGO,8,2023,Tris Soccer,441,2
0,RAMFIS,8,2023,Tris Soccer,414,6
0,SPARAFUCILE,8,2023,Tris Soccer,363,13
0,ABIGAILLE,8,2023,Tris Soccer,357,15
0,AZUCENA,8,2023,Tris Soccer,353,16
0,DUNCANO,8,2023,Tris Soccer,343,24
0,FORD,8,2023,Tris Soccer,336,27
0,ALICE,8,2023,Tris Soccer,333,29
0,PAGANO,8,2023,Tris Soccer,327,30
0,DON ALVARO,8,2023,Tris Soccer,326,31
0,BARBAROSSA,8,2023,Tris Soccer,301,40
0,GODVINO,8,2023,Tris Soccer,282,53
0,ELISABETTA DI VALOIS,8,2023,Tris Soccer,274,61
0,DUCA DI MANTOVA,8,2023,Tris Soccer,267,67
0,ABDALLO,8,2023,Tris Soccer,261,72
0,MEDORA,8,2023,Tris Soccer,256,74
0,FENTON,8,2023,Tris Soccer,250,78
0,ROLANDO,8,2023,Tris Soccer,247,79
0,STANKAR,8,2023,Tris Soccer,243,81
0,AMNERIS,8,2023,Tris Soccer,233,83
0,FRA MELITONE,8,2023,Tris Soccer,232,85
0,PISANA,8,2023,Tris Soccer,192,88
0,EZIO,6,2023,Tris Soccer,381,7
0,MARCOVALDO,6,2023,Tris Soccer,376,9
0,MALCOLM,6,2023,Tris Soccer,373,10
0,FILIPPO II,6,2023,Tris Soccer,350,17
0,ULRICA,6,2023,Tris Soccer,339,25
0,VIOLETTA,6,2023,Tris Soccer,319,32
0,GUY DE MONTFORT,6,2023,Tris Soccer,311,35
0,RODOLFO,6,2023,Tris Soccer,307,38
0,AMELIA,6,2023,Tris Soccer,304,39
0,GUSMANO,6,2023,Tris Soccer,300,41
0,AIDA,6,2023,Tris Soccer,295,43
0,AROLDO,6,2023,Tris Soccer,295,44
0,ZACCARIA,6,2023,Tris Soccer,289,49
0,ALZIRA,6,2023,Tris Soccer,281,54
0,RADAMES,6,2023,Tris Soccer,280,56
0,NABUCODONOSOR,6,2023,Tris Soccer,277,58
0,LEONORA,6,2023,Tris Soccer,269,64
0,WURM,6,2023,Tris Soccer,268,66
0,LIDA,6,2023,Tris Soccer,264,68
0,MANRICO,6,2023,Tris Soccer,245,80
0,CONTE RICCARDO,6,2023,Tris Soccer,232,84
0,GASTONE,6,2023,Tris Soccer,220,86
0,OTELLO,30,2023,We Golf,440,3
0,IAGO,25,2023,We Golf,441,2
0,FORD,21,2023,We Golf,336,27
0,RENATO,18,2023,We Golf,418,5
0,MALCOLM,16,2023,We Golf,373,10
0,MACBETH,16,2023,We Golf,338,26
0,DON ALVARO,16,2023,We Golf,326,31
0,RE CARLO,16,2023,We Golf,282,52
0,ARVINO,14,2023,We Golf,468,1
0,RAMFIS,14,2023,We Golf,414,6
0,CORRADO,14,2023,We Golf,359,14
0,CASSIO,14,2023,We Golf,350,18
0,ATTILA,14,2023,We Golf,348,20
0,AROLDO,14,2023,We Golf,295,44
0,RADAMES,14,2023,We Golf,280,56
0,ELISABETTA DI VALOIS,14,2023,We Golf,274,61
0,ABIGAILLE,12,2023,We Golf,357,15
0,AZUCENA,12,2023,We Golf,353,16
0,CONTE DI WALTER,12,2023,We Golf,349,19
0,DUNCANO,12,2023,We Golf,343,24
0,ULRICA,12,2023,We Golf,339,25
0,LUISA MILLER,12,2023,We Golf,316,33
0,RODOLFO,12,2023,We Golf,307,38
0,BARBAROSSA,12,2023,We Golf,301,40
0,SEID,12,2023,We Golf,294,45
0,GODVINO,12,2023,We Golf,282,53
0,NABUCODONOSOR,12,2023,We Golf,277,58
0,ELVIRA,12,2023,We Golf,269,65
0,WURM,12,2023,We Golf,268,66
0,LINA,12,2023,We Golf,255,75
0,RUY GOMEZ,12,2023,We Golf,242,82
0,FRA MELITONE,12,2023,We Golf,232,85
0,MARCOVALDO,10,2023,We Golf,376,9
0,ZAMORO,10,2023,We Golf,366,11
0,ULDINO,10,2023,We Golf,365,12
0,ALICE,10,2023,We Golf,333,29
0,RIGOLETTO,10,2023,We Golf,309,36
0,AIDA,10,2023,We Golf,295,43
0,EGBERTO,10,2023,We Golf,289,48
0,DESDEMONA,10,2023,We Golf,287,50
0,LUCREZIA,10,2023,We Golf,257,73
0,MEDORA,10,2023,We Golf,256,74
0,STANKAR,10,2023,We Golf,243,81
0,CONTE RICCARDO,10,2023,We Golf,232,84
0,ALFREDO,8,2023,We Golf,436,4
0,EZIO,8,2023,We Golf,381,7
0,DON CARLOS,8,2023,We Golf,378,8
0,SPARAFUCILE,8,2023,We Golf,363,13
0,CONTE DI LUNA,8,2023,We Golf,348,22
0,PAGANO,8,2023,We Golf,327,30
0,GULNÀRA,8,2023,We Golf,308,37
0,AMELIA,8,2023,We Golf,304,39
0,GUSMANO,8,2023,We Golf,300,41
0,STIFFELIO,8,2023,We Golf,297,42
0,MACDUFF,8,2023,We Golf,292,46
0,ZACCARIA,8,2023,We Golf,289,49
0,RODRIGO,8,2023,We Golf,282,51
0,ALZIRA,8,2023,We Golf,281,54
0,PREZIOSILLA,8,2023,We Golf,277,59
0,PROCIDA,8,2023,We Golf,273,62
0,LEONORA,8,2023,We Golf,269,64
0,LIDA,8,2023,We Golf,264,68
0,ABDALLO,8,2023,We Golf,261,72
0,VICLINDA,8,2023,We Golf,255,76
0,FENTON,8,2023,We Golf,250,78
0,RAFFAELE,8,2023,We Golf,212,87
0,FILIPPO II,6,2023,We Golf,350,17
0,MINA,6,2023,We Golf,348,21
0,GISELDA,6,2023,We Golf,344,23
0,ELENA,6,2023,We Golf,334,28
0,VIOLETTA,6,2023,We Golf,319,32
0,ODABELLA,6,2023,We Golf,311,34
0,GUY DE MONTFORT,6,2023,We Golf,311,35
0,ERNANI,6,2023,We Golf,289,47
0,BARBARIGO,6,2023,We Golf,281,55
0,GERMONT,6,2023,We Golf,279,57
0,FALSTAFF,6,2023,We Golf,275,60
0,ARRIGO,6,2023,We Golf,271,63
0,DUCA DI MANTOVA,6,2023,We Golf,267,67
0,CALATRAVA,6,2023,We Golf,263,69
0,GILDA,6,2023,We Golf,262,70
0,ATALIBA,6,2023,We Golf,261,71
0,FRANCESCO FOSCARI,6,2023,We Golf,251,77
0,ROLANDO,6,2023,We Golf,247,79
0,MANRICO,6,2023,We Golf,245,80
0,AMNERIS,6,2023,We Golf,233,83
0,GASTONE,6,2023,We Golf,220,86
0,PISANA,6,2023,We Golf,192,88
1,MARCOVALDO,30,2026,Calciobalilla,457,2
2,IAGO,25,2026,Calciobalilla,425,5
3,ALZIRA,21,2026,Calciobalilla,299,53
4,MACDUFF,18,2026,Calciobalilla,345,21
5,GILDA,16,2026,Calciobalilla,331,33
6,ALFREDO,16,2026,Calciobalilla,504,1
7,CONTE DI VAUDEMONT,16,2026,Calciobalilla,350,18
8,ZACCARIA,16,2026,Calciobalilla,374,10
9,BARDOLFO,14,2026,Calciobalilla,302,52
10,FILIPPO II,14,2026,Calciobalilla,337,25
11,CONTE DI LUNA,14,2026,Calciobalilla,368,13
12,MASSIMILIANO,14,2026,Calciobalilla,262,95
13,MALCOLM,14,2026,Calciobalilla,335,30
14,EGBERTO,14,2026,Calciobalilla,278,78
15,SELIMO,14,2026,Calciobalilla,334,32
16,CASSIO,14,2026,Calciobalilla,344,22
17,DON ALVARO,12,2026,Calciobalilla,245,108
18,RAFFAELE,12,2026,Calciobalilla,224,111
19,ELVIRA,12,2026,Calciobalilla,303,51
20,VIOLETTA,12,2026,Calciobalilla,335,29
21,OTELLO,12,2026,Calciobalilla,455,3
22,GODVINO,12,2026,Calciobalilla,305,48
23,ELENA,12,2026,Calciobalilla,388,9
24,DON CARLOS,12,2026,Calciobalilla,334,31
25,SEID,12,2026,Calciobalilla,294,58
26,GUY DE MONTFORT,12,2026,Calciobalilla,336,27
27,FERRANDO,12,2026,Calciobalilla,273,81
28,FENTON,12,2026,Calciobalilla,255,104
29,ATTILA,12,2026,Calciobalilla,289,65
30,CONTE RICCARDO,12,2026,Calciobalilla,298,54
31,FORESTO,12,2026,Calciobalilla,306,46
32,FEDERICA,12,2026,Calciobalilla,305,47
33,BORSA,10,2026,Calciobalilla,312,43
34,FLORA,10,2026,Calciobalilla,294,59
35,SPARAFUCILE,10,2026,Calciobalilla,399,7
36,ZAMORO,10,2026,Calciobalilla,391,8
37,NABUCODONOSOR,10,2026,Calciobalilla,330,34
38,RUY GOMEZ,10,2026,Calciobalilla,275,79
39,DOROTEA,10,2026,Calciobalilla,263,94
40,GERMONT,10,2026,Calciobalilla,287,70
41,MEDORA,10,2026,Calciobalilla,254,106
42,IMELDA,10,2026,Calciobalilla,258,100
43,ABIGAILLE,10,2026,Calciobalilla,430,4
44,RODRIGO,10,2026,Calciobalilla,335,28
45,PISANA,10,2026,Calciobalilla,289,66
46,CALATRAVA,10,2026,Calciobalilla,271,85
47,GISELDA,10,2026,Calciobalilla,340,24
48,DON RICCARDO,10,2026,Calciobalilla,325,36
49,BANCO,10,2026,Calciobalilla,254,105
50,TEBALDO,10,2026,Calciobalilla,278,77
51,PAGANO,10,2026,Calciobalilla,345,20
52,ARVINO,10,2026,Calciobalilla,412,6
53,AZUCENA,10,2026,Calciobalilla,320,39
54,PREZIOSILLA,10,2026,Calciobalilla,255,103
55,FOSCARI,10,2026,Calciobalilla,201,112
56,MANRICO,10,2026,Calciobalilla,263,92
57,AMNERIS,8,2026,Calciobalilla,288,67
58,RADAMÈS,8,2026,Calciobalilla,321,37
59,ALICE,8,2026,Calciobalilla,348,19
60,RIGOLETTO,8,2026,Calciobalilla,273,82
61,OSCAR,8,2026,Calciobalilla,319,40
62,FORD,8,2026,Calciobalilla,296,56
63,ISMAELE,8,2026,Calciobalilla,272,84
64,BARBAROSSA,8,2026,Calciobalilla,290,64
65,CONTE DI WALTER,8,2026,Calciobalilla,358,14
66,LIDA,8,2026,Calciobalilla,257,102
67,AMELIA,8,2026,Calciobalilla,328,35
68,GULNARA,8,2026,Calciobalilla,374,11
69,RE CARLO,8,2026,Calciobalilla,242,109
70,FRA MELITONE,8,2026,Calciobalilla,262,96
71,MINA,8,2026,Calciobalilla,368,12
72,GASTONE,8,2026,Calciobalilla,321,38
73,DESDEMONA,8,2026,Calciobalilla,284,74
74,NINETTA,8,2026,Calciobalilla,259,99
75,MOSER,8,2026,Calciobalilla,269,87
76,ODABELLA,8,2026,Calciobalilla,263,93
77,CORRADO,8,2026,Calciobalilla,352,16
78,FALSTAFF,8,2026,Calciobalilla,280,76
79,RAMFIS,8,2026,Calciobalilla,352,17
80,BARBARIGO,8,2026,Calciobalilla,237,110
81,VICLINDA,8,2026,Calciobalilla,295,57
82,MACBETH,8,2026,Calciobalilla,286,71
83,PIRRO,8,2026,Calciobalilla,267,88
84,AROLDO,8,2026,Calciobalilla,291,61
85,DUCA DI MANTOVA,6,2026,Calciobalilla,288,69
86,LUCREZIA,6,2026,Calciobalilla,271,86
87,ULDINO,6,2026,Calciobalilla,262,97
88,LEONORA,6,2026,Calciobalilla,293,60
89,ERNANI,6,2026,Calciobalilla,266,89
90,DUNCANO,6,2026,Calciobalilla,309,44
91,WURM,6,2026,Calciobalilla,273,80
92,GUSMANO,6,2026,Calciobalilla,259,98
93,EMILIA,6,2026,Calciobalilla,272,83
94,STANKAR,6,2026,Calciobalilla,264,91
95,ARMINIO,6,2026,Calciobalilla,258,101
96,OVANDO,6,2026,Calciobalilla,319,41
97,AIDA,6,2026,Calciobalilla,297,55
98,BRIANO,6,2026,Calciobalilla,303,49
99,ARRIGO,6,2026,Calciobalilla,286,73
100,ELISABETTA DI VALOIS,6,2026,Calciobalilla,265,90
101,LINA,6,2026,Calciobalilla,306,45
102,ULRICA,6,2026,Calciobalilla,337,26
103,ATALIBA,6,2026,Calciobalilla,286,72
104,EZIO,6,2026,Calciobalilla,355,15
105,ABDALLO,6,2026,Calciobalilla,317,42
106,RENATO,6,2026,Calciobalilla,288,68
107,AMONASRO,6,2026,Calciobalilla,303,50
108,LUISA MILLER,6,2026,Calciobalilla,340,23
109,RODOLFO,6,2026,Calciobalilla,290,63
110,ROLLA,6,2026,Calciobalilla,249,107
111,STIFFELIO,6,2026,Calciobalilla,291,62
112,ROLANDO,6,2026,Calciobalilla,280,75
1,ABIGAILLE,30,2026,Disc Golf,430,4
2,ALFREDO,25,2026,Disc Golf,504,1
3,ATTILA,21,2026,Disc Golf,289,65
4,SEID,20,2026,Disc Golf,294,58
5,FEDERICA,20,2026,Disc Golf,305,47
6,BRIANO,18,2026,Disc Golf,303,49
7,ELVIRA,16,2026,Disc Golf,303,51
8,AMNERIS,16,2026,Disc Golf,288,67
9,ABDALLO,16,2026,Disc Golf,317,42
10,AZUCENA,16,2026,Disc Golf,320,39
11,BARDOLFO,14,2026,Disc Golf,302,52
12,OTELLO,14,2026,Disc Golf,455,3
13,OVANDO,14,2026,Disc Golf,319,41
14,CONTE DI WALTER,14,2026,Disc Golf,358,14
15,IAGO,14,2026,Disc Golf,425,5
16,GUY DE MONTFORT,14,2026,Disc Golf,336,27
17,EZIO,14,2026,Disc Golf,355,15
18,RAMFIS,14,2026,Disc Golf,352,17
19,NABUCODONOSOR,12,2026,Disc Golf,330,34
20,AIDA,12,2026,Disc Golf,297,55
21,ELENA,12,2026,Disc Golf,388,9
22,GULNARA,12,2026,Disc Golf,374,11
23,DON CARLOS,12,2026,Disc Golf,334,31
24,CONTE DI LUNA,12,2026,Disc Golf,368,13
25,LINA,12,2026,Disc Golf,306,45
26,GISELDA,12,2026,Disc Golf,340,24
27,MALCOLM,12,2026,Disc Golf,335,30
28,MARCOVALDO,12,2026,Disc Golf,457,2
29,ULRICA,12,2026,Disc Golf,337,26
30,FENTON,12,2026,Disc Golf,255,104
31,SELIMO,12,2026,Disc Golf,334,32
32,CASSIO,12,2026,Disc Golf,344,22
33,ZACCARIA,12,2026,Disc Golf,374,10
34,STIFFELIO,12,2026,Disc Golf,291,62
35,BORSA,10,2026,Disc Golf,312,43
36,DON ALVARO,10,2026,Disc Golf,245,108
37,FLORA,10,2026,Disc Golf,294,59
38,MACDUFF,10,2026,Disc Golf,345,21
39,LUCREZIA,10,2026,Disc Golf,271,86
40,SPARAFUCILE,10,2026,Disc Golf,399,7
41,VIOLETTA,10,2026,Disc Golf,335,29
42,RUY GOMEZ,10,2026,Disc Golf,275,79
43,DUNCANO,10,2026,Disc Golf,309,44
44,DOROTEA,10,2026,Disc Golf,263,94
45,ARRIGO,10,2026,Disc Golf,286,73
46,CALATRAVA,10,2026,Disc Golf,271,85
47,GASTONE,10,2026,Disc Golf,321,38
48,GILDA,10,2026,Disc Golf,331,33
49,DESDEMONA,10,2026,Disc Golf,284,74
50,BANCO,10,2026,Disc Golf,254,105
51,ATALIBA,10,2026,Disc Golf,286,72
52,PAGANO,10,2026,Disc Golf,345,20
53,ARVINO,10,2026,Disc Golf,412,6
54,CORRADO,10,2026,Disc Golf,352,16
55,CONTE DI VAUDEMONT,10,2026,Disc Golf,350,18
56,RODOLFO,10,2026,Disc Golf,290,63
57,DUCA DI MANTOVA,8,2026,Disc Golf,288,69
58,ULDINO,8,2026,Disc Golf,262,97
59,ZAMORO,8,2026,Disc Golf,391,8
60,LEONORA,8,2026,Disc Golf,293,60
61,ERNANI,8,2026,Disc Golf,266,89
62,ALICE,8,2026,Disc Golf,348,19
63,OSCAR,8,2026,Disc Golf,319,40
64,FORD,8,2026,Disc Golf,296,56
65,GUSMANO,8,2026,Disc Golf,259,98
66,GODVINO,8,2026,Disc Golf,305,48
67,ARMINIO,8,2026,Disc Golf,258,101
68,MEDORA,8,2026,Disc Golf,254,106
69,FRA MELITONE,8,2026,Disc Golf,262,96
70,MINA,8,2026,Disc Golf,368,12
71,ELISABETTA DI VALOIS,8,2026,Disc Golf,265,90
72,DON RICCARDO,8,2026,Disc Golf,325,36
73,NINETTA,8,2026,Disc Golf,259,99
74,FERRANDO,8,2026,Disc Golf,273,81
75,ODABELLA,8,2026,Disc Golf,263,93
76,RENATO,8,2026,Disc Golf,288,68
77,FALSTAFF,8,2026,Disc Golf,280,76
78,ALZIRA,8,2026,Disc Golf,299,53
79,EGBERTO,8,2026,Disc Golf,278,78
80,BARBARIGO,8,2026,Disc Golf,237,110
81,LUISA MILLER,8,2026,Disc Golf,340,23
82,FORESTO,8,2026,Disc Golf,306,46
83,ROLANDO,8,2026,Disc Golf,280,75
84,AROLDO,8,2026,Disc Golf,291,61
85,RAFFAELE,6,2026,Disc Golf,224,111
86,RADAMÈS,6,2026,Disc Golf,321,37
87,RIGOLETTO,6,2026,Disc Golf,273,82
88,WURM,6,2026,Disc Golf,273,80
89,FILIPPO II,6,2026,Disc Golf,337,25
90,EMILIA,6,2026,Disc Golf,272,83
91,GERMONT,6,2026,Disc Golf,287,70
92,STANKAR,6,2026,Disc Golf,264,91
93,ISMAELE,6,2026,Disc Golf,272,84
94,BARBAROSSA,6,2026,Disc Golf,290,64
95,IMELDA,6,2026,Disc Golf,258,100
96,LIDA,6,2026,Disc Golf,257,102
97,AMELIA,6,2026,Disc Golf,328,35
98,RE CARLO,6,2026,Disc Golf,242,109
99,RODRIGO,6,2026,Disc Golf,335,28
100,PISANA,6,2026,Disc Golf,289,66
101,MASSIMILIANO,6,2026,Disc Golf,262,95
102,MOSER,6,2026,Disc Golf,269,87
103,TEBALDO,6,2026,Disc Golf,278,77
104,AMONASRO,6,2026,Disc Golf,303,50
105,VICLINDA,6,2026,Disc Golf,295,57
106,CONTE RICCARDO,6,2026,Disc Golf,298,54
107,ROLLA,6,2026,Disc Golf,249,107
108,PREZIOSILLA,6,2026,Disc Golf,255,103
109,FOSCARI,6,2026,Disc Golf,201,112
110,MACBETH,6,2026,Disc Golf,286,71
111,PIRRO,6,2026,Disc Golf,267,88
112,MANRICO,6,2026,Disc Golf,263,92
1,CONTE DI LUNA,30,2026,Tris Soccer,368,13
2,FLORA,25,2026,Tris Soccer,294,59
3,BORSA,21,2026,Tris Soccer,312,43
4,MINA,18,2026,Tris Soccer,368,12
5,ELENA,16,2026,Tris Soccer,388,9
6,ELISABETTA DI VALOIS,16,2026,Tris Soccer,265,90
7,EZIO,16,2026,Tris Soccer,355,15
8,CORRADO,16,2026,Tris Soccer,352,16
9,LUCREZIA,14,2026,Tris Soccer,271,86
10,AMNERIS,14,2026,Tris Soccer,288,67
11,RUY GOMEZ,14,2026,Tris Soccer,275,79
12,BANCO,14,2026,Tris Soccer,254,105
13,TEBALDO,14,2026,Tris Soccer,278,77
14,ARVINO,14,2026,Tris Soccer,412,6
15,VICLINDA,14,2026,Tris Soccer,295,57
16,PIRRO,14,2026,Tris Soccer,267,88
17,DON ALVARO,12,2026,Tris Soccer,245,108
18,MACDUFF,12,2026,Tris Soccer,345,21
19,ZAMORO,12,2026,Tris Soccer,391,8
20,OTELLO,12,2026,Tris Soccer,455,3
21,WURM,12,2026,Tris Soccer,273,80
22,FORD,12,2026,Tris Soccer,296,56
23,GULNARA,12,2026,Tris Soccer,374,11
24,RE CARLO,12,2026,Tris Soccer,242,109
25,RODRIGO,12,2026,Tris Soccer,335,28
26,PISANA,12,2026,Tris Soccer,289,66
27,GILDA,12,2026,Tris Soccer,331,33
28,MOSER,12,2026,Tris Soccer,269,87
29,BARBARIGO,12,2026,Tris Soccer,237,110
30,ROLANDO,12,2026,Tris Soccer,280,75
31,MACBETH,12,2026,Tris Soccer,286,71
32,AROLDO,12,2026,Tris Soccer,291,61
33,DUCA DI MANTOVA,10,2026,Tris Soccer,288,69
34,SPARAFUCILE,10,2026,Tris Soccer,399,7
35,BARDOLFO,10,2026,Tris Soccer,302,52
36,NABUCODONOSOR,10,2026,Tris Soccer,330,34
37,ALICE,10,2026,Tris Soccer,348,19
38,FILIPPO II,10,2026,Tris Soccer,337,25
39,OVANDO,10,2026,Tris Soccer,319,41
40,LIDA,10,2026,Tris Soccer,257,102
41,ARRIGO,10,2026,Tris Soccer,286,73
42,LINA,10,2026,Tris Soccer,306,45
43,ALFREDO,10,2026,Tris Soccer,504,1
44,DON RICCARDO,10,2026,Tris Soccer,325,36
45,NINETTA,10,2026,Tris Soccer,259,99
46,GUY DE MONTFORT,10,2026,Tris Soccer,336,27
47,FERRANDO,10,2026,Tris Soccer,273,81
48,PAGANO,10,2026,Tris Soccer,345,20
49,FALSTAFF,10,2026,Tris Soccer,280,76
50,ALZIRA,10,2026,Tris Soccer,299,53
51,CONTE DI VAUDEMONT,10,2026,Tris Soccer,350,18
52,LUISA MILLER,10,2026,Tris Soccer,340,23
53,CONTE RICCARDO,10,2026,Tris Soccer,298,54
54,STIFFELIO,10,2026,Tris Soccer,291,62
55,MANRICO,10,2026,Tris Soccer,263,92
56,FEDERICA,10,2026,Tris Soccer,305,47
57,ULDINO,8,2026,Tris Soccer,262,97
58,RADAMÈS,8,2026,Tris Soccer,321,37
59,LEONORA,8,2026,Tris Soccer,293,60
60,ERNANI,8,2026,Tris Soccer,266,89
61,DOROTEA,8,2026,Tris Soccer,263,94
62,GERMONT,8,2026,Tris Soccer,287,70
63,STANKAR,8,2026,Tris Soccer,264,91
64,AIDA,8,2026,Tris Soccer,297,55
65,MEDORA,8,2026,Tris Soccer,254,106
66,IMELDA,8,2026,Tris Soccer,258,100
67,AMELIA,8,2026,Tris Soccer,328,35
68,IAGO,8,2026,Tris Soccer,425,5
69,FRA MELITONE,8,2026,Tris Soccer,262,96
70,GASTONE,8,2026,Tris Soccer,321,38
71,MALCOLM,8,2026,Tris Soccer,335,30
72,DESDEMONA,8,2026,Tris Soccer,284,74
73,ULRICA,8,2026,Tris Soccer,337,26
74,ODABELLA,8,2026,Tris Soccer,263,93
75,ABDALLO,8,2026,Tris Soccer,317,42
76,FENTON,8,2026,Tris Soccer,255,104
77,EGBERTO,8,2026,Tris Soccer,278,78
78,ATTILA,8,2026,Tris Soccer,289,65
79,RAMFIS,8,2026,Tris Soccer,352,17
80,SELIMO,8,2026,Tris Soccer,334,32
81,FORESTO,8,2026,Tris Soccer,306,46
82,RODOLFO,8,2026,Tris Soccer,290,63
83,ROLLA,8,2026,Tris Soccer,249,107
84,FOSCARI,8,2026,Tris Soccer,201,112
85,RAFFAELE,6,2026,Tris Soccer,224,111
86,ELVIRA,6,2026,Tris Soccer,303,51
87,VIOLETTA,6,2026,Tris Soccer,335,29
88,DUNCANO,6,2026,Tris Soccer,309,44
89,RIGOLETTO,6,2026,Tris Soccer,273,82
90,OSCAR,6,2026,Tris Soccer,319,40
91,GUSMANO,6,2026,Tris Soccer,259,98
92,EMILIA,6,2026,Tris Soccer,272,83
93,ISMAELE,6,2026,Tris Soccer,272,84
94,BARBAROSSA,6,2026,Tris Soccer,290,64
95,GODVINO,6,2026,Tris Soccer,305,48
96,ARMINIO,6,2026,Tris Soccer,258,101
97,BRIANO,6,2026,Tris Soccer,303,49
98,CONTE DI WALTER,6,2026,Tris Soccer,358,14
99,ABIGAILLE,6,2026,Tris Soccer,430,4
100,DON CARLOS,6,2026,Tris Soccer,334,31
101,CALATRAVA,6,2026,Tris Soccer,271,85
102,MASSIMILIANO,6,2026,Tris Soccer,262,95
103,GISELDA,6,2026,Tris Soccer,340,24
104,SEID,6,2026,Tris Soccer,294,58
105,MARCOVALDO,6,2026,Tris Soccer,457,2
106,ATALIBA,6,2026,Tris Soccer,286,72
107,RENATO,6,2026,Tris Soccer,288,68
108,AMONASRO,6,2026,Tris Soccer,303,50
109,AZUCENA,6,2026,Tris Soccer,320,39
110,CASSIO,6,2026,Tris Soccer,344,22
111,ZACCARIA,6,2026,Tris Soccer,374,10
112,PREZIOSILLA,6,2026,Tris Soccer,255,103
1,MARCOVALDO,30,2026,Subbuteo,457,2
2,SPARAFUCILE,25,2026,Subbuteo,399,7
3,DON CARLOS,21,2026,Subbuteo,334,31
4,ARVINO,18,2026,Subbuteo,412,6
5,EMILIA,16,2026,Subbuteo,272,83
6,GISELDA,16,2026,Subbuteo,340,24
7,DON RICCARDO,16,2026,Subbuteo,325,36
8,LUISA MILLER,16,2026,Subbuteo,340,23
9,BARDOLFO,14,2026,Subbuteo,302,52
10,ZAMORO,14,2026,Subbuteo,391,8
11,VIOLETTA,14,2026,Subbuteo,335,29
12,ELENA,14,2026,Subbuteo,388,9
13,ABIGAILLE,14,2026,Subbuteo,430,4
14,ALFREDO,14,2026,Subbuteo,504,1
15,RAMFIS,14,2026,Subbuteo,352,17
16,AZUCENA,14,2026,Subbuteo,320,39
17,BORSA,12,2026,Subbuteo,312,43
18,RADAMÈS,12,2026,Subbuteo,321,37
19,OTELLO,12,2026,Subbuteo,455,3
20,ALICE,12,2026,Subbuteo,348,19
21,RIGOLETTO,12,2026,Subbuteo,273,82
22,BARBAROSSA,12,2026,Subbuteo,290,64
23,BRIANO,12,2026,Subbuteo,303,49
24,IAGO,12,2026,Subbuteo,425,5
25,GILDA,12,2026,Subbuteo,331,33
26,MALCOLM,12,2026,Subbuteo,335,30
27,GUY DE MONTFORT,12,2026,Subbuteo,336,27
28,CORRADO,12,2026,Subbuteo,352,16
29,ATTILA,12,2026,Subbuteo,289,65
30,CONTE DI VAUDEMONT,12,2026,Subbuteo,350,18
31,ZACCARIA,12,2026,Subbuteo,374,10
32,ROLANDO,12,2026,Subbuteo,280,75
33,MACDUFF,10,2026,Subbuteo,345,21
34,RAFFAELE,10,2026,Subbuteo,224,111
35,AMNERIS,10,2026,Subbuteo,288,67
36,OSCAR,10,2026,Subbuteo,319,40
37,FILIPPO II,10,2026,Subbuteo,337,25
38,GUSMANO,10,2026,Subbuteo,259,98
39,GERMONT,10,2026,Subbuteo,287,70
40,STANKAR,10,2026,Subbuteo,264,91
41,ISMAELE,10,2026,Subbuteo,272,84
42,OVANDO,10,2026,Subbuteo,319,41
43,CONTE DI WALTER,10,2026,Subbuteo,358,14
44,AMELIA,10,2026,Subbuteo,328,35
45,FRA MELITONE,10,2026,Subbuteo,262,96
46,CONTE DI LUNA,10,2026,Subbuteo,368,13
47,SEID,10,2026,Subbuteo,294,58
48,ULRICA,10,2026,Subbuteo,337,26
49,BANCO,10,2026,Subbuteo,254,105
50,ODABELLA,10,2026,Subbuteo,263,93
51,PAGANO,10,2026,Subbuteo,345,20
52,EZIO,10,2026,Subbuteo,355,15
53,CONTE RICCARDO,10,2026,Subbuteo,298,54
54,CASSIO,10,2026,Subbuteo,344,22
55,RODOLFO,10,2026,Subbuteo,290,63
56,STIFFELIO,10,2026,Subbuteo,291,62
57,FLORA,8,2026,Subbuteo,294,59
58,DUCA DI MANTOVA,8,2026,Subbuteo,288,69
59,LUCREZIA,8,2026,Subbuteo,271,86
60,ELVIRA,8,2026,Subbuteo,303,51
61,ULDINO,8,2026,Subbuteo,262,97
62,NABUCODONOSOR,8,2026,Subbuteo,330,34
63,ERNANI,8,2026,Subbuteo,266,89
64,RUY GOMEZ,8,2026,Subbuteo,275,79
65,DUNCANO,8,2026,Subbuteo,309,44
66,WURM,8,2026,Subbuteo,273,80
67,DOROTEA,8,2026,Subbuteo,263,94
68,ARMINIO,8,2026,Subbuteo,258,101
69,AIDA,8,2026,Subbuteo,297,55
70,IMELDA,8,2026,Subbuteo,258,100
71,GULNARA,8,2026,Subbuteo,374,11
72,RODRIGO,8,2026,Subbuteo,335,28
73,PISANA,8,2026,Subbuteo,289,66
74,MINA,8,2026,Subbuteo,368,12
75,ELISABETTA DI VALOIS,8,2026,Subbuteo,265,90
76,LINA,8,2026,Subbuteo,306,45
77,NINETTA,8,2026,Subbuteo,259,99
78,ATALIBA,8,2026,Subbuteo,286,72
79,AMONASRO,8,2026,Subbuteo,303,50
80,BARBARIGO,8,2026,Subbuteo,237,110
81,VICLINDA,8,2026,Subbuteo,295,57
82,SELIMO,8,2026,Subbuteo,334,32
83,FORESTO,8,2026,Subbuteo,306,46
84,PIRRO,8,2026,Subbuteo,267,88
85,DON ALVARO,6,2026,Subbuteo,245,108
86,LEONORA,6,2026,Subbuteo,293,60
87,FORD,6,2026,Subbuteo,296,56
88,GODVINO,6,2026,Subbuteo,305,48
89,MEDORA,6,2026,Subbuteo,254,106
90,LIDA,6,2026,Subbuteo,257,102
91,ARRIGO,6,2026,Subbuteo,286,73
92,RE CARLO,6,2026,Subbuteo,242,109
93,CALATRAVA,6,2026,Subbuteo,271,85
94,MASSIMILIANO,6,2026,Subbuteo,262,95
95,GASTONE,6,2026,Subbuteo,321,38
96,DESDEMONA,6,2026,Subbuteo,284,74
97,MOSER,6,2026,Subbuteo,269,87
98,FERRANDO,6,2026,Subbuteo,273,81
99,TEBALDO,6,2026,Subbuteo,278,77
100,ABDALLO,6,2026,Subbuteo,317,42
101,FENTON,6,2026,Subbuteo,255,104
102,RENATO,6,2026,Subbuteo,288,68
103,FALSTAFF,6,2026,Subbuteo,280,76
104,ALZIRA,6,2026,Subbuteo,299,53
105,EGBERTO,6,2026,Subbuteo,278,78
106,ROLLA,6,2026,Subbuteo,249,107
107,PREZIOSILLA,6,2026,Subbuteo,255,103
108,FOSCARI,6,2026,Subbuteo,201,112
109,MACBETH,6,2026,Subbuteo,286,71
110,MANRICO,6,2026,Subbuteo,263,92
111,FEDERICA,6,2026,Subbuteo,305,47
112,AROLDO,6,2026,Subbuteo,291,61
1,ALFREDO,30,2026,We Golf,504,1
2,OSCAR,25,2026,We Golf,319,40
3,IAGO,21,2026,We Golf,425,5
4,CORRADO,18,2026,We Golf,352,16
5,OTELLO,16,2026,We Golf,455,3
6,ULRICA,16,2026,We Golf,337,26
7,PAGANO,16,2026,We Golf,345,20
8,RAMFIS,16,2026,We Golf,352,17
9,DUNCANO,14,2026,We Golf,309,44
10,AIDA,14,2026,We Golf,297,55
11,ARRIGO,14,2026,We Golf,286,73
12,DESDEMONA,14,2026,We Golf,284,74
13,ARVINO,14,2026,We Golf,412,6
14,ALZIRA,14,2026,We Golf,299,53
15,SELIMO,14,2026,We Golf,334,32
16,ZACCARIA,14,2026,We Golf,374,10
17,BORSA,12,2026,We Golf,312,43
18,MACDUFF,12,2026,We Golf,345,21
19,ULDINO,12,2026,We Golf,262,97
20,ERNANI,12,2026,We Golf,266,89
21,ALICE,12,2026,We Golf,348,19
22,FILIPPO II,12,2026,We Golf,337,25
23,OVANDO,12,2026,We Golf,319,41
24,AMELIA,12,2026,We Golf,328,35
25,CALATRAVA,12,2026,We Golf,271,85
26,MASSIMILIANO,12,2026,We Golf,262,95
27,GISELDA,12,2026,We Golf,340,24
28,BANCO,12,2026,We Golf,254,105
29,ATALIBA,12,2026,We Golf,286,72
30,CASSIO,12,2026,We Golf,344,22
31,ROLANDO,12,2026,We Golf,280,75
32,MACBETH,12,2026,We Golf,286,71
33,DON ALVARO,10,2026,We Golf,245,108
34,SPARAFUCILE,10,2026,We Golf,399,7
35,BARDOLFO,10,2026,We Golf,302,52
36,ZAMORO,10,2026,We Golf,391,8
37,RADAMÈS,10,2026,We Golf,321,37
38,WURM,10,2026,We Golf,273,80
39,GUSMANO,10,2026,We Golf,259,98
40,BARBAROSSA,10,2026,We Golf,290,64
41,MEDORA,10,2026,We Golf,254,106
42,CONTE DI WALTER,10,2026,We Golf,358,14
43,ELENA,10,2026,We Golf,388,9
44,ABIGAILLE,10,2026,We Golf,430,4
45,DON CARLOS,10,2026,We Golf,334,31
46,CONTE DI LUNA,10,2026,We Golf,368,13
47,SEID,10,2026,We Golf,294,58
48,TEBALDO,10,2026,We Golf,278,77
49,EZIO,10,2026,We Golf,355,15
50,FENTON,10,2026,We Golf,255,104
51,RENATO,10,2026,We Golf,288,68
52,CONTE DI VAUDEMONT,10,2026,We Golf,350,18
53,AZUCENA,10,2026,We Golf,320,39
54,ROLLA,10,2026,We Golf,249,107
55,MANRICO,10,2026,We Golf,263,92
56,FEDERICA,10,2026,We Golf,305,47
57,FLORA,8,2026,We Golf,294,59
58,ELVIRA,8,2026,We Golf,303,51
59,AMNERIS,8,2026,We Golf,288,67
60,LEONORA,8,2026,We Golf,293,60
61,RIGOLETTO,8,2026,We Golf,273,82
62,DOROTEA,8,2026,We Golf,263,94
63,FORD,8,2026,We Golf,296,56
64,STANKAR,8,2026,We Golf,264,91
65,ISMAELE,8,2026,We Golf,272,84
66,GODVINO,8,2026,We Golf,305,48
67,ARMINIO,8,2026,We Golf,258,101
68,GULNARA,8,2026,We Golf,374,11
69,FRA MELITONE,8,2026,We Golf,262,96
70,MINA,8,2026,We Golf,368,12
71,ELISABETTA DI VALOIS,8,2026,We Golf,265,90
72,GASTONE,8,2026,We Golf,321,38
73,GILDA,8,2026,We Golf,331,33
74,NINETTA,8,2026,We Golf,259,99
75,FERRANDO,8,2026,We Golf,273,81
76,ODABELLA,8,2026,We Golf,263,93
77,EGBERTO,8,2026,We Golf,278,78
78,ATTILA,8,2026,We Golf,289,65
79,BARBARIGO,8,2026,We Golf,237,110
80,LUISA MILLER,8,2026,We Golf,340,23
81,CONTE RICCARDO,8,2026,We Golf,298,54
82,FORESTO,8,2026,We Golf,306,46
83,PIRRO,8,2026,We Golf,267,88
84,AROLDO,8,2026,We Golf,291,61
85,RAFFAELE,6,2026,We Golf,224,111
86,DUCA DI MANTOVA,6,2026,We Golf,288,69
87,LUCREZIA,6,2026,We Golf,271,86
88,VIOLETTA,6,2026,We Golf,335,29
89,NABUCODONOSOR,6,2026,We Golf,330,34
90,RUY GOMEZ,6,2026,We Golf,275,79
91,EMILIA,6,2026,We Golf,272,83
92,GERMONT,6,2026,We Golf,287,70
93,BRIANO,6,2026,We Golf,303,49
94,IMELDA,6,2026,We Golf,258,100
95,LIDA,6,2026,We Golf,257,102
96,RE CARLO,6,2026,We Golf,242,109
97,RODRIGO,6,2026,We Golf,335,28
98,PISANA,6,2026,We Golf,289,66
99,LINA,6,2026,We Golf,306,45
100,MALCOLM,6,2026,We Golf,335,30
101,MARCOVALDO,6,2026,We Golf,457,2
102,DON RICCARDO,6,2026,We Golf,325,36
103,GUY DE MONTFORT,6,2026,We Golf,336,27
104,MOSER,6,2026,We Golf,269,87
105,ABDALLO,6,2026,We Golf,317,42
106,FALSTAFF,6,2026,We Golf,280,76
107,AMONASRO,6,2026,We Golf,303,50
108,VICLINDA,6,2026,We Golf,295,57
109,RODOLFO,6,2026,We Golf,290,63
110,STIFFELIO,6,2026,We Golf,291,62
111,PREZIOSILLA,6,2026,We Golf,255,103
112,FOSCARI,6,2026,We Golf,201,112
1,ALFREDO,30,2026,Ping Pong,504,1
2,IAGO,25,2026,Ping Pong,425,5
3,MINA,21,2026,Ping Pong,368,12
4,ATTILA,18,2026,Ping Pong,289,65
5,FILIPPO II,16,2026,Ping Pong,337,25
6,MARCOVALDO,16,2026,Ping Pong,457,2
7,AMONASRO,16,2026,Ping Pong,303,50
8,LUISA MILLER,16,2026,Ping Pong,340,23
9,ELVIRA,14,2026,Ping Pong,303,51
10,AIDA,14,2026,Ping Pong,297,55
11,ELENA,14,2026,Ping Pong,388,9
12,GASTONE,14,2026,Ping Pong,321,38
13,FERRANDO,14,2026,Ping Pong,273,81
14,EZIO,14,2026,Ping Pong,355,15
15,FALSTAFF,14,2026,Ping Pong,280,76
16,AZUCENA,14,2026,Ping Pong,320,39
17,BORSA,12,2026,Ping Pong,312,43
18,FLORA,12,2026,Ping Pong,294,59
19,DOROTEA,12,2026,Ping Pong,263,94
20,FORD,12,2026,Ping Pong,296,56
21,ISMAELE,12,2026,Ping Pong,272,84
22,ARMINIO,12,2026,Ping Pong,258,101
23,OVANDO,12,2026,Ping Pong,319,41
24,BRIANO,12,2026,Ping Pong,303,49
25,AMELIA,12,2026,Ping Pong,328,35
26,RODRIGO,12,2026,Ping Pong,335,28
27,GUY DE MONTFORT,12,2026,Ping Pong,336,27
28,ABDALLO,12,2026,Ping Pong,317,42
29,ARVINO,12,2026,Ping Pong,412,6
30,FORESTO,12,2026,Ping Pong,306,46
31,ZACCARIA,12,2026,Ping Pong,374,10
32,FEDERICA,12,2026,Ping Pong,305,47
33,MACDUFF,10,2026,Ping Pong,345,21
34,LUCREZIA,10,2026,Ping Pong,271,86
35,SPARAFUCILE,10,2026,Ping Pong,399,7
36,ULDINO,10,2026,Ping Pong,262,97
37,RADAMÈS,10,2026,Ping Pong,321,37
38,NABUCODONOSOR,10,2026,Ping Pong,330,34
39,RIGOLETTO,10,2026,Ping Pong,273,82
40,OSCAR,10,2026,Ping Pong,319,40
41,GERMONT,10,2026,Ping Pong,287,70
42,GULNARA,10,2026,Ping Pong,374,11
43,PISANA,10,2026,Ping Pong,289,66
44,CALATRAVA,10,2026,Ping Pong,271,85
45,ELISABETTA DI VALOIS,10,2026,Ping Pong,265,90
46,LINA,10,2026,Ping Pong,306,45
47,GILDA,10,2026,Ping Pong,331,33
48,MALCOLM,10,2026,Ping Pong,335,30
49,DON RICCARDO,10,2026,Ping Pong,325,36
50,MOSER,10,2026,Ping Pong,269,87
51,BANCO,10,2026,Ping Pong,254,105
52,PAGANO,10,2026,Ping Pong,345,20
53,RAMFIS,10,2026,Ping Pong,352,17
54,VICLINDA,10,2026,Ping Pong,295,57
55,CONTE RICCARDO,10,2026,Ping Pong,298,54
56,PREZIOSILLA,10,2026,Ping Pong,255,103
57,DON ALVARO,8,2026,Ping Pong,245,108
58,RAFFAELE,8,2026,Ping Pong,224,111
59,AMNERIS,8,2026,Ping Pong,288,67
60,BARDOLFO,8,2026,Ping Pong,302,52
61,ZAMORO,8,2026,Ping Pong,391,8
62,OTELLO,8,2026,Ping Pong,455,3
63,RUY GOMEZ,8,2026,Ping Pong,275,79
64,ALICE,8,2026,Ping Pong,348,19
65,DUNCANO,8,2026,Ping Pong,309,44
66,GUSMANO,8,2026,Ping Pong,259,98
67,GODVINO,8,2026,Ping Pong,305,48
68,CONTE DI WALTER,8,2026,Ping Pong,358,14
69,IMELDA,8,2026,Ping Pong,258,100
70,LIDA,8,2026,Ping Pong,257,102
71,ARRIGO,8,2026,Ping Pong,286,73
72,DON CARLOS,8,2026,Ping Pong,334,31
73,CONTE DI LUNA,8,2026,Ping Pong,368,13
74,SEID,8,2026,Ping Pong,294,58
75,DESDEMONA,8,2026,Ping Pong,284,74
76,NINETTA,8,2026,Ping Pong,259,99
77,FENTON,8,2026,Ping Pong,255,104
78,BARBARIGO,8,2026,Ping Pong,237,110
79,SELIMO,8,2026,Ping Pong,334,32
80,CASSIO,8,2026,Ping Pong,344,22
81,ROLANDO,8,2026,Ping Pong,280,75
82,MACBETH,8,2026,Ping Pong,286,71
83,PIRRO,8,2026,Ping Pong,267,88
84,AROLDO,8,2026,Ping Pong,291,61
85,DUCA DI MANTOVA,6,2026,Ping Pong,288,69
86,VIOLETTA,6,2026,Ping Pong,335,29
87,LEONORA,6,2026,Ping Pong,293,60
88,ERNANI,6,2026,Ping Pong,266,89
89,WURM,6,2026,Ping Pong,273,80
90,EMILIA,6,2026,Ping Pong,272,83
91,STANKAR,6,2026,Ping Pong,264,91
92,BARBAROSSA,6,2026,Ping Pong,290,64
93,MEDORA,6,2026,Ping Pong,254,106
94,ABIGAILLE,6,2026,Ping Pong,430,4
95,RE CARLO,6,2026,Ping Pong,242,109
96,FRA MELITONE,6,2026,Ping Pong,262,96
97,MASSIMILIANO,6,2026,Ping Pong,262,95
98,GISELDA,6,2026,Ping Pong,340,24
99,ULRICA,6,2026,Ping Pong,337,26
100,ATALIBA,6,2026,Ping Pong,286,72
101,ODABELLA,6,2026,Ping Pong,263,93
102,TEBALDO,6,2026,Ping Pong,278,77
103,RENATO,6,2026,Ping Pong,288,68
104,CORRADO,6,2026,Ping Pong,352,16
105,ALZIRA,6,2026,Ping Pong,299,53
106,EGBERTO,6,2026,Ping Pong,278,78
107,CONTE DI VAUDEMONT,6,2026,Ping Pong,350,18
108,RODOLFO,6,2026,Ping Pong,290,63
109,ROLLA,6,2026,Ping Pong,249,107
110,STIFFELIO,6,2026,Ping Pong,291,62
111,FOSCARI,6,2026,Ping Pong,201,112
112,MANRICO,6,2026,Ping Pong,263,92
1,PAGANO,30,2026,Basket Connect 4,345,20
2,OTELLO,25,2026,Basket Connect 4,455,3
3,RADAMÈS,21,2026,Basket Connect 4,321,37
4,EMILIA,18,2026,Basket Connect 4,272,83
5,IMELDA,16,2026,Basket Connect 4,258,100
6,RODRIGO,16,2026,Basket Connect 4,335,28
7,PISANA,16,2026,Basket Connect 4,289,66
8,CONTE DI LUNA,16,2026,Basket Connect 4,368,13
9,LEONORA,14,2026,Basket Connect 4,293,60
10,CONTE DI WALTER,14,2026,Basket Connect 4,358,14
11,MASSIMILIANO,14,2026,Basket Connect 4,262,95
12,LINA,14,2026,Basket Connect 4,306,45
13,LUISA MILLER,14,2026,Basket Connect 4,340,23
14,CONTE RICCARDO,14,2026,Basket Connect 4,298,54
15,ROLLA,14,2026,Basket Connect 4,249,107
16,PIRRO,14,2026,Basket Connect 4,267,88
17,FILIPPO II,10,2026,Basket Connect 4,337,25
18,GERMONT,10,2026,Basket Connect 4,287,70
19,OVANDO,10,2026,Basket Connect 4,319,41
20,BRIANO,10,2026,Basket Connect 4,303,49
21,FRA MELITONE,10,2026,Basket Connect 4,262,96
22,GASTONE,10,2026,Basket Connect 4,321,38
23,DESDEMONA,10,2026,Basket Connect 4,284,74
24,GUY DE MONTFORT,10,2026,Basket Connect 4,336,27
25,FERRANDO,10,2026,Basket Connect 4,273,81
26,TEBALDO,10,2026,Basket Connect 4,278,77
27,EGBERTO,10,2026,Basket Connect 4,278,78
28,ATTILA,10,2026,Basket Connect 4,289,65
29,BARBARIGO,10,2026,Basket Connect 4,237,110
30,ZACCARIA,10,2026,Basket Connect 4,374,10
31,FOSCARI,10,2026,Basket Connect 4,201,112
32,AROLDO,10,2026,Basket Connect 4,291,61
33,BORSA,8,2026,Basket Connect 4,312,43
34,DON ALVARO,8,2026,Basket Connect 4,245,108
35,FLORA,8,2026,Basket Connect 4,294,59
36,MACDUFF,8,2026,Basket Connect 4,345,21
37,RAFFAELE,8,2026,Basket Connect 4,224,111
38,DUCA DI MANTOVA,8,2026,Basket Connect 4,288,69
39,LUCREZIA,8,2026,Basket Connect 4,271,86
40,ELVIRA,8,2026,Basket Connect 4,303,51
41,AMNERIS,8,2026,Basket Connect 4,288,67
42,SPARAFUCILE,8,2026,Basket Connect 4,399,7
43,BARDOLFO,8,2026,Basket Connect 4,302,52
44,ULDINO,8,2026,Basket Connect 4,262,97
45,ZAMORO,8,2026,Basket Connect 4,391,8
46,VIOLETTA,8,2026,Basket Connect 4,335,29
47,NABUCODONOSOR,8,2026,Basket Connect 4,330,34
48,ERNANI,8,2026,Basket Connect 4,266,89
49,RUY GOMEZ,8,2026,Basket Connect 4,275,79
50,ALICE,8,2026,Basket Connect 4,348,19
51,DUNCANO,8,2026,Basket Connect 4,309,44
52,RIGOLETTO,8,2026,Basket Connect 4,273,82
53,WURM,8,2026,Basket Connect 4,273,80
54,DOROTEA,8,2026,Basket Connect 4,263,94
55,OSCAR,8,2026,Basket Connect 4,319,40
56,FORD,8,2026,Basket Connect 4,296,56
57,GUSMANO,8,2026,Basket Connect 4,259,98
58,STANKAR,8,2026,Basket Connect 4,264,91
59,ISMAELE,8,2026,Basket Connect 4,272,84
60,BARBAROSSA,8,2026,Basket Connect 4,290,64
61,GODVINO,8,2026,Basket Connect 4,305,48
62,ARMINIO,8,2026,Basket Connect 4,258,101
63,AIDA,8,2026,Basket Connect 4,297,55
64,MEDORA,8,2026,Basket Connect 4,254,106
65,LIDA,8,2026,Basket Connect 4,257,102
66,ELENA,8,2026,Basket Connect 4,388,9
67,ARRIGO,8,2026,Basket Connect 4,286,73
68,ABIGAILLE,8,2026,Basket Connect 4,430,4
69,AMELIA,8,2026,Basket Connect 4,328,35
70,GULNARA,8,2026,Basket Connect 4,374,11
71,RE CARLO,8,2026,Basket Connect 4,242,109
72,IAGO,8,2026,Basket Connect 4,425,5
73,DON CARLOS,8,2026,Basket Connect 4,334,31
74,CALATRAVA,8,2026,Basket Connect 4,271,85
75,MINA,8,2026,Basket Connect 4,368,12
76,ELISABETTA DI VALOIS,8,2026,Basket Connect 4,265,90
77,GISELDA,8,2026,Basket Connect 4,340,24
78,GILDA,8,2026,Basket Connect 4,331,33
79,MALCOLM,8,2026,Basket Connect 4,335,30
80,SEID,8,2026,Basket Connect 4,294,58
81,MARCOVALDO,8,2026,Basket Connect 4,457,2
82,ALFREDO,8,2026,Basket Connect 4,504,1
83,DON RICCARDO,8,2026,Basket Connect 4,325,36
84,ULRICA,8,2026,Basket Connect 4,337,26
85,NINETTA,8,2026,Basket Connect 4,259,99
86,MOSER,8,2026,Basket Connect 4,269,87
87,BANCO,8,2026,Basket Connect 4,254,105
88,ATALIBA,8,2026,Basket Connect 4,286,72
89,ODABELLA,8,2026,Basket Connect 4,263,93
90,EZIO,8,2026,Basket Connect 4,355,15
91,ABDALLO,8,2026,Basket Connect 4,317,42
92,FENTON,8,2026,Basket Connect 4,255,104
93,ARVINO,8,2026,Basket Connect 4,412,6
94,RENATO,8,2026,Basket Connect 4,288,68
95,CORRADO,8,2026,Basket Connect 4,352,16
96,FALSTAFF,8,2026,Basket Connect 4,280,76
97,ALZIRA,8,2026,Basket Connect 4,299,53
98,RAMFIS,8,2026,Basket Connect 4,352,17
99,AMONASRO,8,2026,Basket Connect 4,303,50
100,VICLINDA,8,2026,Basket Connect 4,295,57
101,CONTE DI VAUDEMONT,8,2026,Basket Connect 4,350,18
102,SELIMO,8,2026,Basket Connect 4,334,32
103,AZUCENA,8,2026,Basket Connect 4,320,39
104,CASSIO,8,2026,Basket Connect 4,344,22
105,FORESTO,8,2026,Basket Connect 4,306,46
106,RODOLFO,8,2026,Basket Connect 4,290,63
107,STIFFELIO,8,2026,Basket Connect 4,291,62
108,PREZIOSILLA,8,2026,Basket Connect 4,255,103
109,ROLANDO,8,2026,Basket Connect 4,280,75
110,MACBETH,8,2026,Basket Connect 4,286,71
111,MANRICO,8,2026,Basket Connect 4,263,92
112,FEDERICA,8,2026,Basket Connect 4,305,47
1,ZACCARIA,30,2026,Tiro al barattolo,374,10
2,PAGANO,25,2026,Tiro al barattolo,345,20
3,MARCOVALDO,21,2026,Tiro al barattolo,457,2
4,GUSMANO,18,2026,Tiro al barattolo,259,98
5,ABIGAILLE,16,2026,Tiro al barattolo,430,4
6,ALFREDO,16,2026,Tiro al barattolo,504,1
7,RAMFIS,16,2026,Tiro al barattolo,352,17
8,MACBETH,16,2026,Tiro al barattolo,286,71
9,VIOLETTA,14,2026,Tiro al barattolo,335,29
10,LEONORA,14,2026,Tiro al barattolo,293,60
11,DUNCANO,14,2026,Tiro al barattolo,309,44
12,GASTONE,14,2026,Tiro al barattolo,321,38
13,MOSER,14,2026,Tiro al barattolo,269,87
14,FENTON,14,2026,Tiro al barattolo,255,104
15,CORRADO,14,2026,Tiro al barattolo,352,16
16,PIRRO,14,2026,Tiro al barattolo,267,88
17,DON ALVARO,12,2026,Tiro al barattolo,245,108
18,FLORA,12,2026,Tiro al barattolo,294,59
19,AMNERIS,12,2026,Tiro al barattolo,288,67
20,ZAMORO,12,2026,Tiro al barattolo,391,8
21,NABUCODONOSOR,12,2026,Tiro al barattolo,330,34
22,OTELLO,12,2026,Tiro al barattolo,455,3
23,RUY GOMEZ,12,2026,Tiro al barattolo,275,79
24,STANKAR,12,2026,Tiro al barattolo,264,91
25,MINA,12,2026,Tiro al barattolo,368,12
26,MASSIMILIANO,12,2026,Tiro al barattolo,262,95
27,GILDA,12,2026,Tiro al barattolo,331,33
28,MALCOLM,12,2026,Tiro al barattolo,335,30
29,DESDEMONA,12,2026,Tiro al barattolo,284,74
30,ATALIBA,12,2026,Tiro al barattolo,286,72
31,EZIO,12,2026,Tiro al barattolo,355,15
32,VICLINDA,12,2026,Tiro al barattolo,295,57
33,RAFFAELE,10,2026,Tiro al barattolo,224,111
34,DUCA DI MANTOVA,10,2026,Tiro al barattolo,288,69
35,RIGOLETTO,10,2026,Tiro al barattolo,273,82
36,OSCAR,10,2026,Tiro al barattolo,319,40
37,FORD,10,2026,Tiro al barattolo,296,56
38,FILIPPO II,10,2026,Tiro al barattolo,337,25
39,GODVINO,10,2026,Tiro al barattolo,305,48
40,ARMINIO,10,2026,Tiro al barattolo,258,101
41,CONTE DI WALTER,10,2026,Tiro al barattolo,358,14
42,ARRIGO,10,2026,Tiro al barattolo,286,73
43,AMELIA,10,2026,Tiro al barattolo,328,35
44,RODRIGO,10,2026,Tiro al barattolo,335,28
45,FRA MELITONE,10,2026,Tiro al barattolo,262,96
46,CONTE DI LUNA,10,2026,Tiro al barattolo,368,13
47,DON RICCARDO,10,2026,Tiro al barattolo,325,36
48,ARVINO,10,2026,Tiro al barattolo,412,6
49,RENATO,10,2026,Tiro al barattolo,288,68
50,EGBERTO,10,2026,Tiro al barattolo,278,78
51,CONTE DI VAUDEMONT,10,2026,Tiro al barattolo,350,18
52,SELIMO,10,2026,Tiro al barattolo,334,32
53,AZUCENA,10,2026,Tiro al barattolo,320,39
54,LUISA MILLER,10,2026,Tiro al barattolo,340,23
55,CASSIO,10,2026,Tiro al barattolo,344,22
56,STIFFELIO,10,2026,Tiro al barattolo,291,62
57,BORSA,8,2026,Tiro al barattolo,312,43
58,LUCREZIA,8,2026,Tiro al barattolo,271,86
59,ELVIRA,8,2026,Tiro al barattolo,303,51
60,SPARAFUCILE,8,2026,Tiro al barattolo,399,7
61,BARDOLFO,8,2026,Tiro al barattolo,302,52
62,ERNANI,8,2026,Tiro al barattolo,266,89
63,GERMONT,8,2026,Tiro al barattolo,287,70
64,ISMAELE,8,2026,Tiro al barattolo,272,84
65,BARBAROSSA,8,2026,Tiro al barattolo,290,64
66,OVANDO,8,2026,Tiro al barattolo,319,41
67,AIDA,8,2026,Tiro al barattolo,297,55
68,BRIANO,8,2026,Tiro al barattolo,303,49
69,RE CARLO,8,2026,Tiro al barattolo,242,109
70,IAGO,8,2026,Tiro al barattolo,425,5
71,CALATRAVA,8,2026,Tiro al barattolo,271,85
72,ELISABETTA DI VALOIS,8,2026,Tiro al barattolo,265,90
73,GISELDA,8,2026,Tiro al barattolo,340,24
74,SEID,8,2026,Tiro al barattolo,294,58
75,GUY DE MONTFORT,8,2026,Tiro al barattolo,336,27
76,BANCO,8,2026,Tiro al barattolo,254,105
77,ODABELLA,8,2026,Tiro al barattolo,263,93
78,TEBALDO,8,2026,Tiro al barattolo,278,77
79,ATTILA,8,2026,Tiro al barattolo,289,65
80,AMONASRO,8,2026,Tiro al barattolo,303,50
81,FORESTO,8,2026,Tiro al barattolo,306,46
82,RODOLFO,8,2026,Tiro al barattolo,290,63
83,PREZIOSILLA,8,2026,Tiro al barattolo,255,103
84,ROLANDO,8,2026,Tiro al barattolo,280,75
85,MACDUFF,6,2026,Tiro al barattolo,345,21
86,ULDINO,6,2026,Tiro al barattolo,262,97
87,RADAMÈS,6,2026,Tiro al barattolo,321,37
88,ALICE,6,2026,Tiro al barattolo,348,19
89,WURM,6,2026,Tiro al barattolo,273,80
90,DOROTEA,6,2026,Tiro al barattolo,263,94
91,EMILIA,6,2026,Tiro al barattolo,272,83
92,MEDORA,6,2026,Tiro al barattolo,254,106
93,IMELDA,6,2026,Tiro al barattolo,258,100
94,LIDA,6,2026,Tiro al barattolo,257,102
95,ELENA,6,2026,Tiro al barattolo,388,9
96,GULNARA,6,2026,Tiro al barattolo,374,11
97,DON CARLOS,6,2026,Tiro al barattolo,334,31
98,PISANA,6,2026,Tiro al barattolo,289,66
99,LINA,6,2026,Tiro al barattolo,306,45
100,ULRICA,6,2026,Tiro al barattolo,337,26
101,NINETTA,6,2026,Tiro al barattolo,259,99
102,FERRANDO,6,2026,Tiro al barattolo,273,81
103,ABDALLO,6,2026,Tiro al barattolo,317,42
104,FALSTAFF,6,2026,Tiro al barattolo,280,76
105,ALZIRA,6,2026,Tiro al barattolo,299,53
106,BARBARIGO,6,2026,Tiro al barattolo,237,110
107,CONTE RICCARDO,6,2026,Tiro al barattolo,298,54
108,ROLLA,6,2026,Tiro al barattolo,249,107
109,FOSCARI,6,2026,Tiro al barattolo,201,112
110,MANRICO,6,2026,Tiro al barattolo,263,92
111,FEDERICA,6,2026,Tiro al barattolo,305,47
112,AROLDO,6,2026,Tiro al barattolo,291,61
1,ALFREDO,30,2026,Pielle,504,1
2,GULNARA,25,2026,Pielle,374,11
3,ABDALLO,21,2026,Pielle,317,42
4,WURM,18,2026,Pielle,273,80
5,FILIPPO II,16,2026,Pielle,337,25
6,GISELDA,16,2026,Pielle,340,24
7,FERRANDO,16,2026,Pielle,273,81
8,MACBETH,16,2026,Pielle,286,71
9,VIOLETTA,14,2026,Pielle,335,29
10,AIDA,14,2026,Pielle,297,55
11,ARRIGO,14,2026,Pielle,286,73
12,ABIGAILLE,14,2026,Pielle,430,4
13,PISANA,14,2026,Pielle,289,66
14,FENTON,14,2026,Pielle,255,104
15,RODOLFO,14,2026,Pielle,290,63
16,MANRICO,14,2026,Pielle,263,92
17,DUCA DI MANTOVA,12,2026,Pielle,288,69
18,RADAMÈS,12,2026,Pielle,321,37
19,ALICE,12,2026,Pielle,348,19
20,DUNCANO,12,2026,Pielle,309,44
21,ARMINIO,12,2026,Pielle,258,101
22,AMELIA,12,2026,Pielle,328,35
23,RODRIGO,12,2026,Pielle,335,28
24,CALATRAVA,12,2026,Pielle,271,85
25,LINA,12,2026,Pielle,306,45
26,MALCOLM,12,2026,Pielle,335,30
27,NINETTA,12,2026,Pielle,259,99
28,GUY DE MONTFORT,12,2026,Pielle,336,27
29,PAGANO,12,2026,Pielle,345,20
30,ARVINO,12,2026,Pielle,412,6
31,CASSIO,12,2026,Pielle,344,22
32,ZACCARIA,12,2026,Pielle,374,10
33,BORSA,10,2026,Pielle,312,43
34,ZAMORO,10,2026,Pielle,391,8
35,OTELLO,10,2026,Pielle,455,3
36,RIGOLETTO,10,2026,Pielle,273,82
37,IMELDA,10,2026,Pielle,258,100
38,IAGO,10,2026,Pielle,425,5
39,MASSIMILIANO,10,2026,Pielle,262,95
40,GASTONE,10,2026,Pielle,321,38
41,SEID,10,2026,Pielle,294,58
42,MARCOVALDO,10,2026,Pielle,457,2
43,DON RICCARDO,10,2026,Pielle,325,36
44,ULRICA,10,2026,Pielle,337,26
45,MOSER,10,2026,Pielle,269,87
46,ODABELLA,10,2026,Pielle,263,93
47,EZIO,10,2026,Pielle,355,15
48,FALSTAFF,10,2026,Pielle,280,76
49,ALZIRA,10,2026,Pielle,299,53
50,RAMFIS,10,2026,Pielle,352,17
51,AMONASRO,10,2026,Pielle,303,50
52,CONTE DI VAUDEMONT,10,2026,Pielle,350,18
53,SELIMO,10,2026,Pielle,334,32
54,LUISA MILLER,10,2026,Pielle,340,23
55,FORESTO,10,2026,Pielle,306,46
56,PIRRO,10,2026,Pielle,267,88
57,MACDUFF,8,2026,Pielle,345,21
58,NABUCODONOSOR,8,2026,Pielle,330,34
59,ERNANI,8,2026,Pielle,266,89
60,RUY GOMEZ,8,2026,Pielle,275,79
61,OSCAR,8,2026,Pielle,319,40
62,FORD,8,2026,Pielle,296,56
63,GUSMANO,8,2026,Pielle,259,98
64,EMILIA,8,2026,Pielle,272,83
65,ISMAELE,8,2026,Pielle,272,84
66,LIDA,8,2026,Pielle,257,102
67,ELENA,8,2026,Pielle,388,9
68,DON CARLOS,8,2026,Pielle,334,31
69,CONTE DI LUNA,8,2026,Pielle,368,13
70,MINA,8,2026,Pielle,368,12
71,ELISABETTA DI VALOIS,8,2026,Pielle,265,90
72,GILDA,8,2026,Pielle,331,33
73,BANCO,8,2026,Pielle,254,105
74,ATALIBA,8,2026,Pielle,286,72
75,RENATO,8,2026,Pielle,288,68
76,CORRADO,8,2026,Pielle,352,16
77,EGBERTO,8,2026,Pielle,278,78
78,ATTILA,8,2026,Pielle,289,65
79,BARBARIGO,8,2026,Pielle,237,110
80,VICLINDA,8,2026,Pielle,295,57
81,AZUCENA,8,2026,Pielle,320,39
82,CONTE RICCARDO,8,2026,Pielle,298,54
83,PREZIOSILLA,8,2026,Pielle,255,103
84,AROLDO,8,2026,Pielle,291,61
85,DON ALVARO,6,2026,Pielle,245,108
86,FLORA,6,2026,Pielle,294,59
87,RAFFAELE,6,2026,Pielle,224,111
88,LUCREZIA,6,2026,Pielle,271,86
89,ELVIRA,6,2026,Pielle,303,51
90,AMNERIS,6,2026,Pielle,288,67
91,SPARAFUCILE,6,2026,Pielle,399,7
92,BARDOLFO,6,2026,Pielle,302,52
93,ULDINO,6,2026,Pielle,262,97
94,LEONORA,6,2026,Pielle,293,60
95,DOROTEA,6,2026,Pielle,263,94
96,GERMONT,6,2026,Pielle,287,70
97,STANKAR,6,2026,Pielle,264,91
98,BARBAROSSA,6,2026,Pielle,290,64
99,GODVINO,6,2026,Pielle,305,48
100,OVANDO,6,2026,Pielle,319,41
101,BRIANO,6,2026,Pielle,303,49
102,MEDORA,6,2026,Pielle,254,106
103,CONTE DI WALTER,6,2026,Pielle,358,14
104,RE CARLO,6,2026,Pielle,242,109
105,FRA MELITONE,6,2026,Pielle,262,96
106,DESDEMONA,6,2026,Pielle,284,74
107,TEBALDO,6,2026,Pielle,278,77
108,ROLLA,6,2026,Pielle,249,107
109,STIFFELIO,6,2026,Pielle,291,62
110,ROLANDO,6,2026,Pielle,280,75
111,FOSCARI,6,2026,Pielle,201,112
112,FEDERICA,6,2026,Pielle,305,47
1,MINA,30,2026,Scopa 15,368,12
2,RODRIGO,25,2026,Scopa 15,335,28
3,MARCOVALDO,21,2026,Scopa 15,457,2
4,ALICE,18,2026,Scopa 15,348,19
5,ELVIRA,16,2026,Scopa 15,303,51
6,SPARAFUCILE,16,2026,Scopa 15,399,7
7,ISMAELE,16,2026,Scopa 15,272,84
8,EZIO,16,2026,Scopa 15,355,15
9,ZAMORO,14,2026,Scopa 15,391,8
10,DOROTEA,14,2026,Scopa 15,263,94
11,PISANA,14,2026,Scopa 15,289,66
12,GASTONE,14,2026,Scopa 15,321,38
13,ULRICA,14,2026,Scopa 15,337,26
14,ATALIBA,14,2026,Scopa 15,286,72
15,AMONASRO,14,2026,Scopa 15,303,50
16,ZACCARIA,14,2026,Scopa 15,374,10
17,BORSA,12,2026,Scopa 15,312,43
18,DUCA DI MANTOVA,12,2026,Scopa 15,288,69
19,RADAMÈS,12,2026,Scopa 15,321,37
20,OVANDO,12,2026,Scopa 15,319,41
21,ELENA,12,2026,Scopa 15,388,9
22,ABIGAILLE,12,2026,Scopa 15,430,4
23,CONTE DI LUNA,12,2026,Scopa 15,368,13
24,MASSIMILIANO,12,2026,Scopa 15,262,95
25,ALFREDO,12,2026,Scopa 15,504,1
26,ABDALLO,12,2026,Scopa 15,317,42
27,FALSTAFF,12,2026,Scopa 15,280,76
28,ATTILA,12,2026,Scopa 15,289,65
29,AZUCENA,12,2026,Scopa 15,320,39
30,CASSIO,12,2026,Scopa 15,344,22
31,FORESTO,12,2026,Scopa 15,306,46
32,STIFFELIO,12,2026,Scopa 15,291,62
33,DON ALVARO,10,2026,Scopa 15,245,108
34,RAFFAELE,10,2026,Scopa 15,224,111
35,LUCREZIA,10,2026,Scopa 15,271,86
36,NABUCODONOSOR,10,2026,Scopa 15,330,34
37,OTELLO,10,2026,Scopa 15,455,3
38,FORD,10,2026,Scopa 15,296,56
39,FILIPPO II,10,2026,Scopa 15,337,25
40,BARBAROSSA,10,2026,Scopa 15,290,64
41,MEDORA,10,2026,Scopa 15,254,106
42,CONTE DI WALTER,10,2026,Scopa 15,358,14
43,IMELDA,10,2026,Scopa 15,258,100
44,LINA,10,2026,Scopa 15,306,45
45,MALCOLM,10,2026,Scopa 15,335,30
46,DON RICCARDO,10,2026,Scopa 15,325,36
47,NINETTA,10,2026,Scopa 15,259,99
48,GUY DE MONTFORT,10,2026,Scopa 15,336,27
49,MOSER,10,2026,Scopa 15,269,87
50,BANCO,10,2026,Scopa 15,254,105
51,ODABELLA,10,2026,Scopa 15,263,93
52,BARBARIGO,10,2026,Scopa 15,237,110
53,LUISA MILLER,10,2026,Scopa 15,340,23
54,CONTE RICCARDO,10,2026,Scopa 15,298,54
55,MANRICO,10,2026,Scopa 15,263,92
56,AROLDO,10,2026,Scopa 15,291,61
57,FLORA,8,2026,Scopa 15,294,59
58,MACDUFF,8,2026,Scopa 15,345,21
59,BARDOLFO,8,2026,Scopa 15,302,52
60,VIOLETTA,8,2026,Scopa 15,335,29
61,DUNCANO,8,2026,Scopa 15,309,44
62,WURM,8,2026,Scopa 15,273,80
63,OSCAR,8,2026,Scopa 15,319,40
64,GUSMANO,8,2026,Scopa 15,259,98
65,STANKAR,8,2026,Scopa 15,264,91
66,GODVINO,8,2026,Scopa 15,305,48
67,BRIANO,8,2026,Scopa 15,303,49
68,AMELIA,8,2026,Scopa 15,328,35
69,GULNARA,8,2026,Scopa 15,374,11
70,IAGO,8,2026,Scopa 15,425,5
71,CALATRAVA,8,2026,Scopa 15,271,85
72,GILDA,8,2026,Scopa 15,331,33
73,SEID,8,2026,Scopa 15,294,58
74,DESDEMONA,8,2026,Scopa 15,284,74
75,PAGANO,8,2026,Scopa 15,345,20
76,RENATO,8,2026,Scopa 15,288,68
77,ALZIRA,8,2026,Scopa 15,299,53
78,RAMFIS,8,2026,Scopa 15,352,17
79,VICLINDA,8,2026,Scopa 15,295,57
80,CONTE DI VAUDEMONT,8,2026,Scopa 15,350,18
81,RODOLFO,8,2026,Scopa 15,290,63
82,FOSCARI,8,2026,Scopa 15,201,112
83,PIRRO,8,2026,Scopa 15,267,88
84,FEDERICA,8,2026,Scopa 15,305,47
85,AMNERIS,6,2026,Scopa 15,288,67
86,ULDINO,6,2026,Scopa 15,262,97
87,LEONORA,6,2026,Scopa 15,293,60
88,ERNANI,6,2026,Scopa 15,266,89
89,RUY GOMEZ,6,2026,Scopa 15,275,79
90,RIGOLETTO,6,2026,Scopa 15,273,82
91,EMILIA,6,2026,Scopa 15,272,83
92,GERMONT,6,2026,Scopa 15,287,70
93,ARMINIO,6,2026,Scopa 15,258,101
94,AIDA,6,2026,Scopa 15,297,55
95,LIDA,6,2026,Scopa 15,257,102
96,ARRIGO,6,2026,Scopa 15,286,73
97,RE CARLO,6,2026,Scopa 15,242,109
98,DON CARLOS,6,2026,Scopa 15,334,31
99,FRA MELITONE,6,2026,Scopa 15,262,96
100,ELISABETTA DI VALOIS,6,2026,Scopa 15,265,90
101,GISELDA,6,2026,Scopa 15,340,24
102,FERRANDO,6,2026,Scopa 15,273,81
103,TEBALDO,6,2026,Scopa 15,278,77
104,FENTON,6,2026,Scopa 15,255,104
105,ARVINO,6,2026,Scopa 15,412,6
106,CORRADO,6,2026,Scopa 15,352,16
107,EGBERTO,6,2026,Scopa 15,278,78
108,SELIMO,6,2026,Scopa 15,334,32
109,ROLLA,6,2026,Scopa 15,249,107
110,PREZIOSILLA,6,2026,Scopa 15,255,103
111,ROLANDO,6,2026,Scopa 15,280,75
112,MACBETH,6,2026,Scopa 15,286,71
1,OTELLO,30,2026,Bocce,455,3
2,SEID,25,2026,Bocce,294,58
3,MINA,21,2026,Bocce,368,12
4,AMELIA,18,2026,Bocce,328,35
5,GODVINO,16,2026,Bocce,305,48
6,ELENA,16,2026,Bocce,388,9
7,TEBALDO,16,2026,Bocce,278,77
8,ZACCARIA,16,2026,Bocce,374,10
9,BORSA,14,2026,Bocce,312,43
10,ALICE,14,2026,Bocce,348,19
11,FORD,14,2026,Bocce,296,56
12,MASSIMILIANO,14,2026,Bocce,262,95
13,MARCOVALDO,14,2026,Bocce,457,2
14,ULRICA,14,2026,Bocce,337,26
15,ARVINO,14,2026,Bocce,412,6
16,CONTE DI VAUDEMONT,14,2026,Bocce,350,18
17,DUCA DI MANTOVA,12,2026,Bocce,288,69
18,LUCREZIA,12,2026,Bocce,271,86
19,ELVIRA,12,2026,Bocce,303,51
20,VIOLETTA,12,2026,Bocce,335,29
21,OSCAR,12,2026,Bocce,319,40
22,STANKAR,12,2026,Bocce,264,91
23,ARRIGO,12,2026,Bocce,286,73
24,PISANA,12,2026,Bocce,289,66
25,NINETTA,12,2026,Bocce,259,99
26,EZIO,12,2026,Bocce,355,15
27,ABDALLO,12,2026,Bocce,317,42
28,RENATO,12,2026,Bocce,288,68
29,CORRADO,12,2026,Bocce,352,16
30,AMONASRO,12,2026,Bocce,303,50
31,LUISA MILLER,12,2026,Bocce,340,23
32,PIRRO,12,2026,Bocce,267,88
33,MACDUFF,10,2026,Bocce,345,21
34,AMNERIS,10,2026,Bocce,288,67
35,BARDOLFO,10,2026,Bocce,302,52
36,ULDINO,10,2026,Bocce,262,97
37,ZAMORO,10,2026,Bocce,391,8
38,DUNCANO,10,2026,Bocce,309,44
39,FILIPPO II,10,2026,Bocce,337,25
40,ARMINIO,10,2026,Bocce,258,101
41,OVANDO,10,2026,Bocce,319,41
42,CONTE DI WALTER,10,2026,Bocce,358,14
43,IAGO,10,2026,Bocce,425,5
44,DON CARLOS,10,2026,Bocce,334,31
45,RODRIGO,10,2026,Bocce,335,28
46,CONTE DI LUNA,10,2026,Bocce,368,13
47,LINA,10,2026,Bocce,306,45
48,GILDA,10,2026,Bocce,331,33
49,ALFREDO,10,2026,Bocce,504,1
50,DESDEMONA,10,2026,Bocce,284,74
51,FALSTAFF,10,2026,Bocce,280,76
52,ATTILA,10,2026,Bocce,289,65
53,VICLINDA,10,2026,Bocce,295,57
54,ROLLA,10,2026,Bocce,249,107
55,MANRICO,10,2026,Bocce,263,92
56,FEDERICA,10,2026,Bocce,305,47
57,DON ALVARO,8,2026,Bocce,245,108
58,RAFFAELE,8,2026,Bocce,224,111
59,SPARAFUCILE,8,2026,Bocce,399,7
60,NABUCODONOSOR,8,2026,Bocce,330,34
61,ERNANI,8,2026,Bocce,266,89
62,RIGOLETTO,8,2026,Bocce,273,82
63,WURM,8,2026,Bocce,273,80
64,DOROTEA,8,2026,Bocce,263,94
65,GUSMANO,8,2026,Bocce,259,98
66,GERMONT,8,2026,Bocce,287,70
67,ISMAELE,8,2026,Bocce,272,84
68,BARBAROSSA,8,2026,Bocce,290,64
69,AIDA,8,2026,Bocce,297,55
70,IMELDA,8,2026,Bocce,258,100
71,ABIGAILLE,8,2026,Bocce,430,4
72,MALCOLM,8,2026,Bocce,335,30
73,DON RICCARDO,8,2026,Bocce,325,36
74,MOSER,8,2026,Bocce,269,87
75,FERRANDO,8,2026,Bocce,273,81
76,ATALIBA,8,2026,Bocce,286,72
77,PAGANO,8,2026,Bocce,345,20
78,ALZIRA,8,2026,Bocce,299,53
79,BARBARIGO,8,2026,Bocce,237,110
80,SELIMO,8,2026,Bocce,334,32
81,CASSIO,8,2026,Bocce,344,22
82,FORESTO,8,2026,Bocce,306,46
83,ROLANDO,8,2026,Bocce,280,75
84,MACBETH,8,2026,Bocce,286,71
85,FLORA,6,2026,Bocce,294,59
86,RADAMÈS,6,2026,Bocce,321,37
87,LEONORA,6,2026,Bocce,293,60
88,RUY GOMEZ,6,2026,Bocce,275,79
89,EMILIA,6,2026,Bocce,272,83
90,BRIANO,6,2026,Bocce,303,49
91,MEDORA,6,2026,Bocce,254,106
92,LIDA,6,2026,Bocce,257,102
93,GULNARA,6,2026,Bocce,374,11
94,RE CARLO,6,2026,Bocce,242,109
95,FRA MELITONE,6,2026,Bocce,262,96
96,CALATRAVA,6,2026,Bocce,271,85
97,ELISABETTA DI VALOIS,6,2026,Bocce,265,90
98,GASTONE,6,2026,Bocce,321,38
99,GISELDA,6,2026,Bocce,340,24
100,GUY DE MONTFORT,6,2026,Bocce,336,27
101,BANCO,6,2026,Bocce,254,105
102,ODABELLA,6,2026,Bocce,263,93
103,FENTON,6,2026,Bocce,255,104
104,EGBERTO,6,2026,Bocce,278,78
105,RAMFIS,6,2026,Bocce,352,17
106,AZUCENA,6,2026,Bocce,320,39
107,CONTE RICCARDO,6,2026,Bocce,298,54
108,RODOLFO,6,2026,Bocce,290,63
109,STIFFELIO,6,2026,Bocce,291,62
110,PREZIOSILLA,6,2026,Bocce,255,103
111,FOSCARI,6,2026,Bocce,201,112
112,AROLDO,6,2026,Bocce,291,61
1,ALFREDO,30,2026,Freccette,504,1
2,ABIGAILLE,25,2026,Freccette,430,4
3,VIOLETTA,21,2026,Freccette,335,29
4,CONTE DI VAUDEMONT,18,2026,Freccette,350,18
5,BARDOLFO,16,2026,Freccette,302,52
6,ALICE,16,2026,Freccette,348,19
7,MARCOVALDO,16,2026,Freccette,457,2
8,MANRICO,16,2026,Freccette,263,92
9,OTELLO,14,2026,Freccette,455,3
10,GUSMANO,14,2026,Freccette,259,98
11,IAGO,14,2026,Freccette,425,5
12,MASSIMILIANO,14,2026,Freccette,262,95
13,CORRADO,14,2026,Freccette,352,16
14,RAMFIS,14,2026,Freccette,352,17
15,SELIMO,14,2026,Freccette,334,32
16,AROLDO,14,2026,Freccette,291,61
17,MACDUFF,12,2026,Freccette,345,21
18,LUCREZIA,12,2026,Freccette,271,86
19,OSCAR,12,2026,Freccette,319,40
20,GERMONT,12,2026,Freccette,287,70
21,ELENA,12,2026,Freccette,388,9
22,GULNARA,12,2026,Freccette,374,11
23,CONTE DI LUNA,12,2026,Freccette,368,13
24,GUY DE MONTFORT,12,2026,Freccette,336,27
25,MOSER,12,2026,Freccette,269,87
26,FALSTAFF,12,2026,Freccette,280,76
27,BARBARIGO,12,2026,Freccette,237,110
28,AZUCENA,12,2026,Freccette,320,39
29,LUISA MILLER,12,2026,Freccette,340,23
30,ZACCARIA,12,2026,Freccette,374,10
31,ROLANDO,12,2026,Freccette,280,75
32,PIRRO,12,2026,Freccette,267,88
33,DUCA DI MANTOVA,10,2026,Freccette,288,69
34,SPARAFUCILE,10,2026,Freccette,399,7
35,RADAMÈS,10,2026,Freccette,321,37
36,RUY GOMEZ,10,2026,Freccette,275,79
37,DUNCANO,10,2026,Freccette,309,44
38,STANKAR,10,2026,Freccette,264,91
39,CONTE DI WALTER,10,2026,Freccette,358,14
40,AMELIA,10,2026,Freccette,328,35
41,RODRIGO,10,2026,Freccette,335,28
42,PISANA,10,2026,Freccette,289,66
43,FRA MELITONE,10,2026,Freccette,262,96
44,ELISABETTA DI VALOIS,10,2026,Freccette,265,90
45,LINA,10,2026,Freccette,306,45
46,GISELDA,10,2026,Freccette,340,24
47,MALCOLM,10,2026,Freccette,335,30
48,SEID,10,2026,Freccette,294,58
49,FERRANDO,10,2026,Freccette,273,81
50,BANCO,10,2026,Freccette,254,105
51,PAGANO,10,2026,Freccette,345,20
52,EZIO,10,2026,Freccette,355,15
53,RENATO,10,2026,Freccette,288,68
54,EGBERTO,10,2026,Freccette,278,78
55,CONTE RICCARDO,10,2026,Freccette,298,54
56,STIFFELIO,10,2026,Freccette,291,62
57,ELVIRA,8,2026,Freccette,303,51
58,ULDINO,8,2026,Freccette,262,97
59,ZAMORO,8,2026,Freccette,391,8
60,NABUCODONOSOR,8,2026,Freccette,330,34
61,RIGOLETTO,8,2026,Freccette,273,82
62,FILIPPO II,8,2026,Freccette,337,25
63,EMILIA,8,2026,Freccette,272,83
64,GODVINO,8,2026,Freccette,305,48
65,OVANDO,8,2026,Freccette,319,41
66,BRIANO,8,2026,Freccette,303,49
67,IMELDA,8,2026,Freccette,258,100
68,LIDA,8,2026,Freccette,257,102
69,RE CARLO,8,2026,Freccette,242,109
70,DON CARLOS,8,2026,Freccette,334,31
71,DESDEMONA,8,2026,Freccette,284,74
72,ULRICA,8,2026,Freccette,337,26
73,NINETTA,8,2026,Freccette,259,99
74,ATALIBA,8,2026,Freccette,286,72
75,ODABELLA,8,2026,Freccette,263,93
76,ABDALLO,8,2026,Freccette,317,42
77,ARVINO,8,2026,Freccette,412,6
78,VICLINDA,8,2026,Freccette,295,57
79,FORESTO,8,2026,Freccette,306,46
80,RODOLFO,8,2026,Freccette,290,63
81,PREZIOSILLA,8,2026,Freccette,255,103
82,FOSCARI,8,2026,Freccette,201,112
83,MACBETH,8,2026,Freccette,286,71
84,FEDERICA,8,2026,Freccette,305,47
85,BORSA,6,2026,Freccette,312,43
86,DON ALVARO,6,2026,Freccette,245,108
87,FLORA,6,2026,Freccette,294,59
88,RAFFAELE,6,2026,Freccette,224,111
89,AMNERIS,6,2026,Freccette,288,67
90,LEONORA,6,2026,Freccette,293,60
91,ERNANI,6,2026,Freccette,266,89
92,WURM,6,2026,Freccette,273,80
93,DOROTEA,6,2026,Freccette,263,94
94,FORD,6,2026,Freccette,296,56
95,ISMAELE,6,2026,Freccette,272,84
96,BARBAROSSA,6,2026,Freccette,290,64
97,ARMINIO,6,2026,Freccette,258,101
98,AIDA,6,2026,Freccette,297,55
99,MEDORA,6,2026,Freccette,254,106
100,ARRIGO,6,2026,Freccette,286,73
101,CALATRAVA,6,2026,Freccette,271,85
102,MINA,6,2026,Freccette,368,12
103,GASTONE,6,2026,Freccette,321,38
104,GILDA,6,2026,Freccette,331,33
105,DON RICCARDO,6,2026,Freccette,325,36
106,TEBALDO,6,2026,Freccette,278,77
107,FENTON,6,2026,Freccette,255,104
108,ALZIRA,6,2026,Freccette,299,53
109,ATTILA,6,2026,Freccette,289,65
110,AMONASRO,6,2026,Freccette,303,50
111,CASSIO,6,2026,Freccette,344,22
112,ROLLA,6,2026,Freccette,249,107
1,OTELLO,30,2026,Free Climbing,455,3
2,GULNARA,25,2026,Free Climbing,374,11
3,TEBALDO,21,2026,Free Climbing,278,77
4,CONTE DI LUNA,18,2026,Free Climbing,368,13
5,WURM,16,2026,Free Climbing,273,80
6,IAGO,16,2026,Free Climbing,425,5
7,PAGANO,16,2026,Free Climbing,345,20
8,CASSIO,16,2026,Free Climbing,344,22
9,LEONORA,14,2026,Free Climbing,293,60
10,ERNANI,14,2026,Free Climbing,266,89
11,GISELDA,14,2026,Free Climbing,340,24
12,ALFREDO,14,2026,Free Climbing,504,1
13,ULRICA,14,2026,Free Climbing,337,26
14,ARVINO,14,2026,Free Climbing,412,6
15,RAMFIS,14,2026,Free Climbing,352,17
16,AZUCENA,14,2026,Free Climbing,320,39
17,AMNERIS,12,2026,Free Climbing,288,67
18,BARDOLFO,12,2026,Free Climbing,302,52
19,STANKAR,12,2026,Free Climbing,264,91
20,BARBAROSSA,12,2026,Free Climbing,290,64
21,AIDA,12,2026,Free Climbing,297,55
22,ELENA,12,2026,Free Climbing,388,9
23,ABIGAILLE,12,2026,Free Climbing,430,4
24,GASTONE,12,2026,Free Climbing,321,38
25,MARCOVALDO,12,2026,Free Climbing,457,2
26,ABDALLO,12,2026,Free Climbing,317,42
27,RENATO,12,2026,Free Climbing,288,68
28,FALSTAFF,12,2026,Free Climbing,280,76
29,EGBERTO,12,2026,Free Climbing,278,78
30,AMONASRO,12,2026,Free Climbing,303,50
31,STIFFELIO,12,2026,Free Climbing,291,62
32,PIRRO,12,2026,Free Climbing,267,88
33,BORSA,10,2026,Free Climbing,312,43
34,FLORA,10,2026,Free Climbing,294,59
35,MACDUFF,10,2026,Free Climbing,345,21
36,RAFFAELE,10,2026,Free Climbing,224,111
37,RADAMÈS,10,2026,Free Climbing,321,37
38,ALICE,10,2026,Free Climbing,348,19
39,DOROTEA,10,2026,Free Climbing,263,94
40,OSCAR,10,2026,Free Climbing,319,40
41,FORD,10,2026,Free Climbing,296,56
42,FILIPPO II,10,2026,Free Climbing,337,25
43,ARMINIO,10,2026,Free Climbing,258,101
44,IMELDA,10,2026,Free Climbing,258,100
45,AMELIA,10,2026,Free Climbing,328,35
46,ELISABETTA DI VALOIS,10,2026,Free Climbing,265,90
47,GILDA,10,2026,Free Climbing,331,33
48,MALCOLM,10,2026,Free Climbing,335,30
49,SEID,10,2026,Free Climbing,294,58
50,GUY DE MONTFORT,10,2026,Free Climbing,336,27
51,EZIO,10,2026,Free Climbing,355,15
52,SELIMO,10,2026,Free Climbing,334,32
53,LUISA MILLER,10,2026,Free Climbing,340,23
54,FORESTO,10,2026,Free Climbing,306,46
55,MACBETH,10,2026,Free Climbing,286,71
56,MANRICO,10,2026,Free Climbing,263,92
57,DON ALVARO,8,2026,Free Climbing,245,108
58,ELVIRA,8,2026,Free Climbing,303,51
59,ULDINO,8,2026,Free Climbing,262,97
60,ZAMORO,8,2026,Free Climbing,391,8
61,NABUCODONOSOR,8,2026,Free Climbing,330,34
62,GUSMANO,8,2026,Free Climbing,259,98
63,EMILIA,8,2026,Free Climbing,272,83
64,ISMAELE,8,2026,Free Climbing,272,84
65,MEDORA,8,2026,Free Climbing,254,106
66,CONTE DI WALTER,8,2026,Free Climbing,358,14
67,LIDA,8,2026,Free Climbing,257,102
68,ARRIGO,8,2026,Free Climbing,286,73
69,DON CARLOS,8,2026,Free Climbing,334,31
70,FRA MELITONE,8,2026,Free Climbing,262,96
71,MASSIMILIANO,8,2026,Free Climbing,262,95
72,DON RICCARDO,8,2026,Free Climbing,325,36
73,DESDEMONA,8,2026,Free Climbing,284,74
74,NINETTA,8,2026,Free Climbing,259,99
75,ODABELLA,8,2026,Free Climbing,263,93
76,FENTON,8,2026,Free Climbing,255,104
77,CORRADO,8,2026,Free Climbing,352,16
78,ALZIRA,8,2026,Free Climbing,299,53
79,ATTILA,8,2026,Free Climbing,289,65
80,CONTE RICCARDO,8,2026,Free Climbing,298,54
81,ZACCARIA,8,2026,Free Climbing,374,10
82,ROLLA,8,2026,Free Climbing,249,107
83,FOSCARI,8,2026,Free Climbing,201,112
84,AROLDO,8,2026,Free Climbing,291,61
85,DUCA DI MANTOVA,6,2026,Free Climbing,288,69
86,LUCREZIA,6,2026,Free Climbing,271,86
87,SPARAFUCILE,6,2026,Free Climbing,399,7
88,VIOLETTA,6,2026,Free Climbing,335,29
89,RUY GOMEZ,6,2026,Free Climbing,275,79
90,DUNCANO,6,2026,Free Climbing,309,44
91,RIGOLETTO,6,2026,Free Climbing,273,82
92,GERMONT,6,2026,Free Climbing,287,70
93,GODVINO,6,2026,Free Climbing,305,48
94,OVANDO,6,2026,Free Climbing,319,41
95,BRIANO,6,2026,Free Climbing,303,49
96,RE CARLO,6,2026,Free Climbing,242,109
97,RODRIGO,6,2026,Free Climbing,335,28
98,PISANA,6,2026,Free Climbing,289,66
99,CALATRAVA,6,2026,Free Climbing,271,85
100,MINA,6,2026,Free Climbing,368,12
101,LINA,6,2026,Free Climbing,306,45
102,MOSER,6,2026,Free Climbing,269,87
103,FERRANDO,6,2026,Free Climbing,273,81
104,BANCO,6,2026,Free Climbing,254,105
105,ATALIBA,6,2026,Free Climbing,286,72
106,BARBARIGO,6,2026,Free Climbing,237,110
107,VICLINDA,6,2026,Free Climbing,295,57
108,CONTE DI VAUDEMONT,6,2026,Free Climbing,350,18
109,RODOLFO,6,2026,Free Climbing,290,63
110,PREZIOSILLA,6,2026,Free Climbing,255,103
111,ROLANDO,6,2026,Free Climbing,280,75
112,FEDERICA,6,2026,Free Climbing,305,47
1,MARCOVALDO,30,2026,Canotto Race,457,2
2,ALFREDO,25,2026,Canotto Race,504,1
3,GULNARA,21,2026,Canotto Race,374,11
4,GASTONE,18,2026,Canotto Race,321,38
5,ALICE,16,2026,Canotto Race,348,19
6,OVANDO,16,2026,Canotto Race,319,41
7,ARVINO,16,2026,Canotto Race,412,6
8,RAMFIS,16,2026,Canotto Race,352,17
9,MACDUFF,14,2026,Canotto Race,345,21
10,OSCAR,14,2026,Canotto Race,319,40
11,BARBAROSSA,14,2026,Canotto Race,290,64
12,BRIANO,14,2026,Canotto Race,303,49
13,CONTE DI WALTER,14,2026,Canotto Race,358,14
14,ARRIGO,14,2026,Canotto Race,286,73
15,PISANA,14,2026,Canotto Race,289,66
16,ODABELLA,14,2026,Canotto Race,263,93
17,BARDOLFO,10,2026,Canotto Race,302,52
18,ZAMORO,10,2026,Canotto Race,391,8
19,OTELLO,10,2026,Canotto Race,455,3
20,RUY GOMEZ,10,2026,Canotto Race,275,79
21,DUNCANO,10,2026,Canotto Race,309,44
22,DOROTEA,10,2026,Canotto Race,263,94
23,GODVINO,10,2026,Canotto Race,305,48
24,AMELIA,10,2026,Canotto Race,328,35
25,MASSIMILIANO,10,2026,Canotto Race,262,95
26,GISELDA,10,2026,Canotto Race,340,24
27,TEBALDO,10,2026,Canotto Race,278,77
28,EZIO,10,2026,Canotto Race,355,15
29,CORRADO,10,2026,Canotto Race,352,16
30,LUISA MILLER,10,2026,Canotto Race,340,23
31,CASSIO,10,2026,Canotto Race,344,22
32,STIFFELIO,10,2026,Canotto Race,291,62
33,BORSA,8,2026,Canotto Race,312,43
34,DON ALVARO,8,2026,Canotto Race,245,108
35,FLORA,8,2026,Canotto Race,294,59
36,RAFFAELE,8,2026,Canotto Race,224,111
37,DUCA DI MANTOVA,8,2026,Canotto Race,288,69
38,LUCREZIA,8,2026,Canotto Race,271,86
39,ELVIRA,8,2026,Canotto Race,303,51
40,AMNERIS,8,2026,Canotto Race,288,67
41,SPARAFUCILE,8,2026,Canotto Race,399,7
42,ULDINO,8,2026,Canotto Race,262,97
43,RADAMÈS,8,2026,Canotto Race,321,37
44,VIOLETTA,8,2026,Canotto Race,335,29
45,NABUCODONOSOR,8,2026,Canotto Race,330,34
46,LEONORA,8,2026,Canotto Race,293,60
47,ERNANI,8,2026,Canotto Race,266,89
48,RIGOLETTO,8,2026,Canotto Race,273,82
49,WURM,8,2026,Canotto Race,273,80
50,FORD,8,2026,Canotto Race,296,56
51,FILIPPO II,8,2026,Canotto Race,337,25
52,GUSMANO,8,2026,Canotto Race,259,98
53,EMILIA,8,2026,Canotto Race,272,83
54,GERMONT,8,2026,Canotto Race,287,70
55,STANKAR,8,2026,Canotto Race,264,91
56,ISMAELE,8,2026,Canotto Race,272,84
57,ARMINIO,8,2026,Canotto Race,258,101
58,AIDA,8,2026,Canotto Race,297,55
59,MEDORA,8,2026,Canotto Race,254,106
60,IMELDA,8,2026,Canotto Race,258,100
61,LIDA,8,2026,Canotto Race,257,102
62,ELENA,8,2026,Canotto Race,388,9
63,ABIGAILLE,8,2026,Canotto Race,430,4
64,RE CARLO,8,2026,Canotto Race,242,109
65,IAGO,8,2026,Canotto Race,425,5
66,DON CARLOS,8,2026,Canotto Race,334,31
67,RODRIGO,8,2026,Canotto Race,335,28
68,FRA MELITONE,8,2026,Canotto Race,262,96
69,CALATRAVA,8,2026,Canotto Race,271,85
70,CONTE DI LUNA,8,2026,Canotto Race,368,13
71,MINA,8,2026,Canotto Race,368,12
72,ELISABETTA DI VALOIS,8,2026,Canotto Race,265,90
73,LINA,8,2026,Canotto Race,306,45
74,GILDA,8,2026,Canotto Race,331,33
75,MALCOLM,8,2026,Canotto Race,335,30
76,SEID,8,2026,Canotto Race,294,58
77,DON RICCARDO,8,2026,Canotto Race,325,36
78,DESDEMONA,8,2026,Canotto Race,284,74
79,ULRICA,8,2026,Canotto Race,337,26
80,NINETTA,8,2026,Canotto Race,259,99
81,GUY DE MONTFORT,8,2026,Canotto Race,336,27
82,MOSER,8,2026,Canotto Race,269,87
83,FERRANDO,8,2026,Canotto Race,273,81
84,BANCO,8,2026,Canotto Race,254,105
85,ATALIBA,8,2026,Canotto Race,286,72
86,PAGANO,8,2026,Canotto Race,345,20
87,ABDALLO,8,2026,Canotto Race,317,42
88,FENTON,8,2026,Canotto Race,255,104
89,RENATO,8,2026,Canotto Race,288,68
90,FALSTAFF,8,2026,Canotto Race,280,76
91,ALZIRA,8,2026,Canotto Race,299,53
92,EGBERTO,8,2026,Canotto Race,278,78
93,ATTILA,8,2026,Canotto Race,289,65
94,AMONASRO,8,2026,Canotto Race,303,50
95,BARBARIGO,8,2026,Canotto Race,237,110
96,VICLINDA,8,2026,Canotto Race,295,57
97,CONTE DI VAUDEMONT,8,2026,Canotto Race,350,18
98,SELIMO,8,2026,Canotto Race,334,32
99,AZUCENA,8,2026,Canotto Race,320,39
100,CONTE RICCARDO,8,2026,Canotto Race,298,54
101,FORESTO,8,2026,Canotto Race,306,46
102,RODOLFO,8,2026,Canotto Race,290,63
103,ZACCARIA,8,2026,Canotto Race,374,10
104,ROLLA,8,2026,Canotto Race,249,107
105,PREZIOSILLA,8,2026,Canotto Race,255,103
106,ROLANDO,8,2026,Canotto Race,280,75
107,FOSCARI,8,2026,Canotto Race,201,112
108,MACBETH,8,2026,Canotto Race,286,71
109,PIRRO,8,2026,Canotto Race,267,88
110,MANRICO,8,2026,Canotto Race,263,92
111,FEDERICA,8,2026,Canotto Race,305,47
112,AROLDO,8,2026,Canotto Race,291,61
1,MINA,30,2026,Green Tennis,368,12
2,ALFREDO,25,2026,Green Tennis,504,1
3,FILIPPO II,21,2026,Green Tennis,337,25
4,DESDEMONA,18,2026,Green Tennis,284,74
5,ZAMORO,16,2026,Green Tennis,391,8
6,GASTONE,16,2026,Green Tennis,321,38
7,ULRICA,16,2026,Green Tennis,337,26
8,ATTILA,16,2026,Green Tennis,289,65
9,SPARAFUCILE,14,2026,Green Tennis,399,7
10,ELENA,14,2026,Green Tennis,388,9
11,ARRIGO,14,2026,Green Tennis,286,73
12,IAGO,14,2026,Green Tennis,425,5
13,SEID,14,2026,Green Tennis,294,58
14,EZIO,14,2026,Green Tennis,355,15
15,ARVINO,14,2026,Green Tennis,412,6
16,CONTE DI VAUDEMONT,14,2026,Green Tennis,350,18
17,BORSA,12,2026,Green Tennis,312,43
18,MACDUFF,12,2026,Green Tennis,345,21
19,LUCREZIA,12,2026,Green Tennis,271,86
20,RADAMÈS,12,2026,Green Tennis,321,37
21,DUNCANO,12,2026,Green Tennis,309,44
22,DON CARLOS,12,2026,Green Tennis,334,31
23,CONTE DI LUNA,12,2026,Green Tennis,368,13
24,GUY DE MONTFORT,12,2026,Green Tennis,336,27
25,BANCO,12,2026,Green Tennis,254,105
26,ABDALLO,12,2026,Green Tennis,317,42
27,ALZIRA,12,2026,Green Tennis,299,53
28,RAMFIS,12,2026,Green Tennis,352,17
29,CONTE RICCARDO,12,2026,Green Tennis,298,54
30,RODOLFO,12,2026,Green Tennis,290,63
31,ROLANDO,12,2026,Green Tennis,280,75
32,MACBETH,12,2026,Green Tennis,286,71
33,NABUCODONOSOR,10,2026,Green Tennis,330,34
34,LEONORA,10,2026,Green Tennis,293,60
35,RIGOLETTO,10,2026,Green Tennis,273,82
36,DOROTEA,10,2026,Green Tennis,263,94
37,FORD,10,2026,Green Tennis,296,56
38,STANKAR,10,2026,Green Tennis,264,91
39,ISMAELE,10,2026,Green Tennis,272,84
40,GODVINO,10,2026,Green Tennis,305,48
41,OVANDO,10,2026,Green Tennis,319,41
42,BRIANO,10,2026,Green Tennis,303,49
43,CONTE DI WALTER,10,2026,Green Tennis,358,14
44,GILDA,10,2026,Green Tennis,331,33
45,MARCOVALDO,10,2026,Green Tennis,457,2
46,DON RICCARDO,10,2026,Green Tennis,325,36
47,MOSER,10,2026,Green Tennis,269,87
48,ATALIBA,10,2026,Green Tennis,286,72
49,PAGANO,10,2026,Green Tennis,345,20
50,CORRADO,10,2026,Green Tennis,352,16
51,AMONASRO,10,2026,Green Tennis,303,50
52,LUISA MILLER,10,2026,Green Tennis,340,23
53,CASSIO,10,2026,Green Tennis,344,22
54,ROLLA,10,2026,Green Tennis,249,107
55,FEDERICA,10,2026,Green Tennis,305,47
56,AROLDO,10,2026,Green Tennis,291,61
57,ELVIRA,8,2026,Green Tennis,303,51
58,BARDOLFO,8,2026,Green Tennis,302,52
59,VIOLETTA,8,2026,Green Tennis,335,29
60,RUY GOMEZ,8,2026,Green Tennis,275,79
61,ALICE,8,2026,Green Tennis,348,19
62,GUSMANO,8,2026,Green Tennis,259,98
63,GERMONT,8,2026,Green Tennis,287,70
64,BARBAROSSA,8,2026,Green Tennis,290,64
65,ARMINIO,8,2026,Green Tennis,258,101
66,AIDA,8,2026,Green Tennis,297,55
67,MEDORA,8,2026,Green Tennis,254,106
68,IMELDA,8,2026,Green Tennis,258,100
69,AMELIA,8,2026,Green Tennis,328,35
70,GULNARA,8,2026,Green Tennis,374,11
71,RODRIGO,8,2026,Green Tennis,335,28
72,PISANA,8,2026,Green Tennis,289,66
73,ELISABETTA DI VALOIS,8,2026,Green Tennis,265,90
74,LINA,8,2026,Green Tennis,306,45
75,GISELDA,8,2026,Green Tennis,340,24
76,MALCOLM,8,2026,Green Tennis,335,30
77,FERRANDO,8,2026,Green Tennis,273,81
78,ODABELLA,8,2026,Green Tennis,263,93
79,TEBALDO,8,2026,Green Tennis,278,77
80,VICLINDA,8,2026,Green Tennis,295,57
81,ZACCARIA,8,2026,Green Tennis,374,10
82,STIFFELIO,8,2026,Green Tennis,291,62
83,PREZIOSILLA,8,2026,Green Tennis,255,103
84,PIRRO,8,2026,Green Tennis,267,88
85,DON ALVARO,6,2026,Green Tennis,245,108
86,FLORA,6,2026,Green Tennis,294,59
87,RAFFAELE,6,2026,Green Tennis,224,111
88,DUCA DI MANTOVA,6,2026,Green Tennis,288,69
89,AMNERIS,6,2026,Green Tennis,288,67
90,ULDINO,6,2026,Green Tennis,262,97
91,OTELLO,6,2026,Green Tennis,455,3
92,ERNANI,6,2026,Green Tennis,266,89
93,WURM,6,2026,Green Tennis,273,80
94,OSCAR,6,2026,Green Tennis,319,40
95,EMILIA,6,2026,Green Tennis,272,83
96,LIDA,6,2026,Green Tennis,257,102
97,ABIGAILLE,6,2026,Green Tennis,430,4
98,RE CARLO,6,2026,Green Tennis,242,109
99,FRA MELITONE,6,2026,Green Tennis,262,96
100,CALATRAVA,6,2026,Green Tennis,271,85
101,MASSIMILIANO,6,2026,Green Tennis,262,95
102,NINETTA,6,2026,Green Tennis,259,99
103,FENTON,6,2026,Green Tennis,255,104
104,RENATO,6,2026,Green Tennis,288,68
105,FALSTAFF,6,2026,Green Tennis,280,76
106,EGBERTO,6,2026,Green Tennis,278,78
107,BARBARIGO,6,2026,Green Tennis,237,110
108,SELIMO,6,2026,Green Tennis,334,32
109,AZUCENA,6,2026,Green Tennis,320,39
110,FORESTO,6,2026,Green Tennis,306,46
111,FOSCARI,6,2026,Green Tennis,201,112
112,MANRICO,6,2026,Green Tennis,263,92
1,CASSIO,30,2026,Dodgeball,344,22
2,ROLLA,25,2026,Dodgeball,249,107
3,AMNERIS,21,2026,Dodgeball,288,67
4,ALFREDO,18,2026,Dodgeball,504,1
5,ELENA,16,2026,Dodgeball,388,9
6,RODRIGO,16,2026,Dodgeball,335,28
7,MARCOVALDO,16,2026,Dodgeball,457,2
8,LUISA MILLER,16,2026,Dodgeball,340,23
9,MACDUFF,14,2026,Dodgeball,345,21
10,OVANDO,14,2026,Dodgeball,319,41
11,CONTE DI LUNA,14,2026,Dodgeball,368,13
12,DON RICCARDO,14,2026,Dodgeball,325,36
13,ODABELLA,14,2026,Dodgeball,263,93
14,RENATO,14,2026,Dodgeball,288,68
15,CORRADO,14,2026,Dodgeball,352,16
16,STIFFELIO,14,2026,Dodgeball,291,62
17,SPARAFUCILE,12,2026,Dodgeball,399,7
18,OTELLO,12,2026,Dodgeball,455,3
19,EMILIA,12,2026,Dodgeball,272,83
20,BRIANO,12,2026,Dodgeball,303,49
21,DON CARLOS,12,2026,Dodgeball,334,31
22,MINA,12,2026,Dodgeball,368,12
23,GASTONE,12,2026,Dodgeball,321,38
24,GILDA,12,2026,Dodgeball,331,33
25,ABDALLO,12,2026,Dodgeball,317,42
26,FENTON,12,2026,Dodgeball,255,104
27,ARVINO,12,2026,Dodgeball,412,6
28,SELIMO,12,2026,Dodgeball,334,32
29,AZUCENA,12,2026,Dodgeball,320,39
30,FORESTO,12,2026,Dodgeball,306,46
31,MANRICO,12,2026,Dodgeball,263,92
32,AROLDO,12,2026,Dodgeball,291,61
33,BORSA,10,2026,Dodgeball,312,43
34,ELVIRA,10,2026,Dodgeball,303,51
35,BARDOLFO,10,2026,Dodgeball,302,52
36,ULDINO,10,2026,Dodgeball,262,97
37,VIOLETTA,10,2026,Dodgeball,335,29
38,NABUCODONOSOR,10,2026,Dodgeball,330,34
39,ALICE,10,2026,Dodgeball,348,19
40,DUNCANO,10,2026,Dodgeball,309,44
41,FORD,10,2026,Dodgeball,296,56
42,GERMONT,10,2026,Dodgeball,287,70
43,ISMAELE,10,2026,Dodgeball,272,84
44,ARRIGO,10,2026,Dodgeball,286,73
45,AMELIA,10,2026,Dodgeball,328,35
46,GULNARA,10,2026,Dodgeball,374,11
47,IAGO,10,2026,Dodgeball,425,5
48,LINA,10,2026,Dodgeball,306,45
49,MALCOLM,10,2026,Dodgeball,335,30
50,SEID,10,2026,Dodgeball,294,58
51,ULRICA,10,2026,Dodgeball,337,26
52,NINETTA,10,2026,Dodgeball,259,99
53,GUY DE MONTFORT,10,2026,Dodgeball,336,27
54,MOSER,10,2026,Dodgeball,269,87
55,EZIO,10,2026,Dodgeball,355,15
56,AMONASRO,10,2026,Dodgeball,303,50
57,FLORA,8,2026,Dodgeball,294,59
58,DUCA DI MANTOVA,8,2026,Dodgeball,288,69
59,LEONORA,8,2026,Dodgeball,293,60
60,ERNANI,8,2026,Dodgeball,266,89
61,RIGOLETTO,8,2026,Dodgeball,273,82
62,WURM,8,2026,Dodgeball,273,80
63,DOROTEA,8,2026,Dodgeball,263,94
64,OSCAR,8,2026,Dodgeball,319,40
65,GUSMANO,8,2026,Dodgeball,259,98
66,GODVINO,8,2026,Dodgeball,305,48
67,ARMINIO,8,2026,Dodgeball,258,101
68,AIDA,8,2026,Dodgeball,297,55
69,CONTE DI WALTER,8,2026,Dodgeball,358,14
70,PISANA,8,2026,Dodgeball,289,66
71,FRA MELITONE,8,2026,Dodgeball,262,96
72,GISELDA,8,2026,Dodgeball,340,24
73,DESDEMONA,8,2026,Dodgeball,284,74
74,FERRANDO,8,2026,Dodgeball,273,81
75,ATALIBA,8,2026,Dodgeball,286,72
76,TEBALDO,8,2026,Dodgeball,278,77
77,PAGANO,8,2026,Dodgeball,345,20
78,FALSTAFF,8,2026,Dodgeball,280,76
79,EGBERTO,8,2026,Dodgeball,278,78
80,ATTILA,8,2026,Dodgeball,289,65
81,RODOLFO,8,2026,Dodgeball,290,63
82,ZACCARIA,8,2026,Dodgeball,374,10
83,ROLANDO,8,2026,Dodgeball,280,75
84,MACBETH,8,2026,Dodgeball,286,71
85,DON ALVARO,6,2026,Dodgeball,245,108
86,RAFFAELE,6,2026,Dodgeball,224,111
87,LUCREZIA,6,2026,Dodgeball,271,86
88,ZAMORO,6,2026,Dodgeball,391,8
89,RADAMÈS,6,2026,Dodgeball,321,37
90,RUY GOMEZ,6,2026,Dodgeball,275,79
91,FILIPPO II,6,2026,Dodgeball,337,25
92,STANKAR,6,2026,Dodgeball,264,91
93,BARBAROSSA,6,2026,Dodgeball,290,64
94,MEDORA,6,2026,Dodgeball,254,106
95,IMELDA,6,2026,Dodgeball,258,100
96,LIDA,6,2026,Dodgeball,257,102
97,ABIGAILLE,6,2026,Dodgeball,430,4
98,RE CARLO,6,2026,Dodgeball,242,109
99,CALATRAVA,6,2026,Dodgeball,271,85
100,MASSIMILIANO,6,2026,Dodgeball,262,95
101,ELISABETTA DI VALOIS,6,2026,Dodgeball,265,90
102,BANCO,6,2026,Dodgeball,254,105
103,ALZIRA,6,2026,Dodgeball,299,53
104,RAMFIS,6,2026,Dodgeball,352,17
105,BARBARIGO,6,2026,Dodgeball,237,110
106,VICLINDA,6,2026,Dodgeball,295,57
107,CONTE DI VAUDEMONT,6,2026,Dodgeball,350,18
108,CONTE RICCARDO,6,2026,Dodgeball,298,54
109,PREZIOSILLA,6,2026,Dodgeball,255,103
110,FOSCARI,6,2026,Dodgeball,201,112
111,PIRRO,6,2026,Dodgeball,267,88
112,FEDERICA,6,2026,Dodgeball,305,47
1,NABUCODONOSOR,30,2026,Mini Golf,330,34
2,ARVINO,25,2026,Mini Golf,412,6
3,ROLANDO,21,2026,Mini Golf,280,75
4,LINA,18,2026,Mini Golf,306,45
5,VIOLETTA,16,2026,Mini Golf,335,29
6,ARRIGO,16,2026,Mini Golf,286,73
7,ALICE,15,2026,Mini Golf,348,19
8,EZIO,15,2026,Mini Golf,355,15
9,FLORA,13,2026,Mini Golf,294,59
10,ELVIRA,13,2026,Mini Golf,303,51
11,OTELLO,13,2026,Mini Golf,455,3
12,ATTILA,13,2026,Mini Golf,289,65
13,CONTE RICCARDO,13,2026,Mini Golf,298,54
14,RODOLFO,13,2026,Mini Golf,290,63
15,WURM,12,2026,Mini Golf,273,80
16,GODVINO,12,2026,Mini Golf,305,48
17,GULNARA,12,2026,Mini Golf,374,11
18,CORRADO,12,2026,Mini Golf,352,16
19,FALSTAFF,12,2026,Mini Golf,280,76
20,RAMFIS,12,2026,Mini Golf,352,17
21,FEDERICA,12,2026,Mini Golf,305,47
22,FORD,11,2026,Mini Golf,296,56
23,STANKAR,11,2026,Mini Golf,264,91
24,OVANDO,11,2026,Mini Golf,319,41
25,ALFREDO,11,2026,Mini Golf,504,1
26,ULRICA,11,2026,Mini Golf,337,26
27,VICLINDA,11,2026,Mini Golf,295,57
28,PIRRO,11,2026,Mini Golf,267,88
29,LUCREZIA,10,2026,Mini Golf,271,86
30,AMNERIS,10,2026,Mini Golf,288,67
31,SPARAFUCILE,10,2026,Mini Golf,399,7
32,RADAMÈS,10,2026,Mini Golf,321,37
33,DUNCANO,10,2026,Mini Golf,309,44
34,OSCAR,10,2026,Mini Golf,319,40
35,FILIPPO II,10,2026,Mini Golf,337,25
36,GUSMANO,10,2026,Mini Golf,259,98
37,GERMONT,10,2026,Mini Golf,287,70
38,BRIANO,10,2026,Mini Golf,303,49
39,CONTE DI WALTER,10,2026,Mini Golf,358,14
40,IMELDA,10,2026,Mini Golf,258,100
41,ELENA,10,2026,Mini Golf,388,9
42,IAGO,10,2026,Mini Golf,425,5
43,MASSIMILIANO,10,2026,Mini Golf,262,95
44,GASTONE,10,2026,Mini Golf,321,38
45,GISELDA,10,2026,Mini Golf,340,24
46,SEID,10,2026,Mini Golf,294,58
47,MARCOVALDO,10,2026,Mini Golf,457,2
48,DESDEMONA,10,2026,Mini Golf,284,74
49,PAGANO,10,2026,Mini Golf,345,20
50,ABDALLO,10,2026,Mini Golf,317,42
51,FENTON,10,2026,Mini Golf,255,104
52,CONTE DI VAUDEMONT,10,2026,Mini Golf,350,18
53,LUISA MILLER,10,2026,Mini Golf,340,23
54,ZACCARIA,10,2026,Mini Golf,374,10
55,STIFFELIO,10,2026,Mini Golf,291,62
56,MANRICO,10,2026,Mini Golf,263,92
57,DON ALVARO,8,2026,Mini Golf,245,108
58,RAFFAELE,8,2026,Mini Golf,224,111
59,DUCA DI MANTOVA,8,2026,Mini Golf,288,69
60,LEONORA,8,2026,Mini Golf,293,60
61,RUY GOMEZ,8,2026,Mini Golf,275,79
62,RIGOLETTO,8,2026,Mini Golf,273,82
63,AIDA,8,2026,Mini Golf,297,55
64,LIDA,8,2026,Mini Golf,257,102
65,ABIGAILLE,8,2026,Mini Golf,430,4
66,DON CARLOS,8,2026,Mini Golf,334,31
67,PISANA,8,2026,Mini Golf,289,66
68,MINA,8,2026,Mini Golf,368,12
69,GILDA,8,2026,Mini Golf,331,33
70,MALCOLM,8,2026,Mini Golf,335,30
71,GUY DE MONTFORT,8,2026,Mini Golf,336,27
72,BANCO,8,2026,Mini Golf,254,105
73,ATALIBA,8,2026,Mini Golf,286,72
74,RENATO,8,2026,Mini Golf,288,68
75,EGBERTO,8,2026,Mini Golf,278,78
76,AMONASRO,8,2026,Mini Golf,303,50
77,BARBARIGO,8,2026,Mini Golf,237,110
78,SELIMO,8,2026,Mini Golf,334,32
79,AZUCENA,8,2026,Mini Golf,320,39
80,CASSIO,8,2026,Mini Golf,344,22
81,FORESTO,8,2026,Mini Golf,306,46
82,ROLLA,8,2026,Mini Golf,249,107
83,MACBETH,8,2026,Mini Golf,286,71
84,AROLDO,8,2026,Mini Golf,291,61
85,BORSA,6,2026,Mini Golf,312,43
86,MACDUFF,6,2026,Mini Golf,345,21
87,BARDOLFO,6,2026,Mini Golf,302,52
88,ULDINO,6,2026,Mini Golf,262,97
89,ZAMORO,6,2026,Mini Golf,391,8
90,ERNANI,6,2026,Mini Golf,266,89
91,DOROTEA,6,2026,Mini Golf,263,94
92,EMILIA,6,2026,Mini Golf,272,83
93,ISMAELE,6,2026,Mini Golf,272,84
94,BARBAROSSA,6,2026,Mini Golf,290,64
95,ARMINIO,6,2026,Mini Golf,258,101
96,MEDORA,6,2026,Mini Golf,254,106
97,AMELIA,6,2026,Mini Golf,328,35
98,RE CARLO,6,2026,Mini Golf,242,109
99,RODRIGO,6,2026,Mini Golf,335,28
100,FRA MELITONE,6,2026,Mini Golf,262,96
101,CALATRAVA,6,2026,Mini Golf,271,85
102,CONTE DI LUNA,6,2026,Mini Golf,368,13
103,ELISABETTA DI VALOIS,6,2026,Mini Golf,265,90
104,DON RICCARDO,6,2026,Mini Golf,325,36
105,NINETTA,6,2026,Mini Golf,259,99
106,MOSER,6,2026,Mini Golf,269,87
107,FERRANDO,6,2026,Mini Golf,273,81
108,ODABELLA,6,2026,Mini Golf,263,93
109,TEBALDO,6,2026,Mini Golf,278,77
110,ALZIRA,6,2026,Mini Golf,299,53
111,PREZIOSILLA,6,2026,Mini Golf,255,103
112,FOSCARI,6,2026,Mini Golf,201,112
1,SPARAFUCILE,30,2026,Grazielle,399,7
2,ARVINO,25,2026,Grazielle,412,6
3,ALICE,21,2026,Grazielle,348,19
4,CORRADO,18,2026,Grazielle,352,16
5,OTELLO,16,2026,Grazielle,455,3
6,OSCAR,16,2026,Grazielle,319,40
7,DON CARLOS,16,2026,Grazielle,334,31
8,DON RICCARDO,16,2026,Grazielle,325,36
9,BARDOLFO,14,2026,Grazielle,302,52
10,ZAMORO,14,2026,Grazielle,391,8
11,FILIPPO II,14,2026,Grazielle,337,25
12,AIDA,14,2026,Grazielle,297,55
13,IAGO,14,2026,Grazielle,425,5
14,GISELDA,14,2026,Grazielle,340,24
15,ALFREDO,14,2026,Grazielle,504,1
16,MACBETH,14,2026,Grazielle,286,71
17,ELVIRA,12,2026,Grazielle,303,51
18,LEONORA,12,2026,Grazielle,293,60
19,DOROTEA,12,2026,Grazielle,263,94
20,ISMAELE,12,2026,Grazielle,272,84
21,OVANDO,12,2026,Grazielle,319,41
22,CONTE DI WALTER,12,2026,Grazielle,358,14
23,ARRIGO,12,2026,Grazielle,286,73
24,GULNARA,12,2026,Grazielle,374,11
25,CONTE DI LUNA,12,2026,Grazielle,368,13
26,LINA,12,2026,Grazielle,306,45
27,MARCOVALDO,12,2026,Grazielle,457,2
28,GUY DE MONTFORT,12,2026,Grazielle,336,27
29,PAGANO,12,2026,Grazielle,345,20
30,ALZIRA,12,2026,Grazielle,299,53
31,LUISA MILLER,12,2026,Grazielle,340,23
32,RODOLFO,12,2026,Grazielle,290,63
33,VIOLETTA,10,2026,Grazielle,335,29
34,ERNANI,10,2026,Grazielle,266,89
35,DUNCANO,10,2026,Grazielle,309,44
36,WURM,10,2026,Grazielle,273,80
37,EMILIA,10,2026,Grazielle,272,83
38,GERMONT,10,2026,Grazielle,287,70
39,BARBAROSSA,10,2026,Grazielle,290,64
40,GODVINO,10,2026,Grazielle,305,48
41,ARMINIO,10,2026,Grazielle,258,101
42,RODRIGO,10,2026,Grazielle,335,28
43,MINA,10,2026,Grazielle,368,12
44,MASSIMILIANO,10,2026,Grazielle,262,95
45,ELISABETTA DI VALOIS,10,2026,Grazielle,265,90
46,GASTONE,10,2026,Grazielle,321,38
47,MALCOLM,10,2026,Grazielle,335,30
48,ULRICA,10,2026,Grazielle,337,26
49,EZIO,10,2026,Grazielle,355,15
50,VICLINDA,10,2026,Grazielle,295,57
51,SELIMO,10,2026,Grazielle,334,32
52,AZUCENA,10,2026,Grazielle,320,39
53,CONTE RICCARDO,10,2026,Grazielle,298,54
54,ZACCARIA,10,2026,Grazielle,374,10
55,FEDERICA,10,2026,Grazielle,305,47
56,AROLDO,10,2026,Grazielle,291,61
57,BORSA,8,2026,Grazielle,312,43
58,FLORA,8,2026,Grazielle,294,59
59,MACDUFF,8,2026,Grazielle,345,21
60,AMNERIS,8,2026,Grazielle,288,67
61,NABUCODONOSOR,8,2026,Grazielle,330,34
62,BRIANO,8,2026,Grazielle,303,49
63,MEDORA,8,2026,Grazielle,254,106
64,LIDA,8,2026,Grazielle,257,102
65,ELENA,8,2026,Grazielle,388,9
66,ABIGAILLE,8,2026,Grazielle,430,4
67,RE CARLO,8,2026,Grazielle,242,109
68,PISANA,8,2026,Grazielle,289,66
69,CALATRAVA,8,2026,Grazielle,271,85
70,GILDA,8,2026,Grazielle,331,33
71,SEID,8,2026,Grazielle,294,58
72,MOSER,8,2026,Grazielle,269,87
73,ATALIBA,8,2026,Grazielle,286,72
74,FALSTAFF,8,2026,Grazielle,280,76
75,ATTILA,8,2026,Grazielle,289,65
76,RAMFIS,8,2026,Grazielle,352,17
77,AMONASRO,8,2026,Grazielle,303,50
78,CONTE DI VAUDEMONT,8,2026,Grazielle,350,18
79,CASSIO,8,2026,Grazielle,344,22
80,FORESTO,8,2026,Grazielle,306,46
81,ROLLA,8,2026,Grazielle,249,107
82,PREZIOSILLA,8,2026,Grazielle,255,103
83,ROLANDO,8,2026,Grazielle,280,75
84,PIRRO,8,2026,Grazielle,267,88
85,DON ALVARO,6,2026,Grazielle,245,108
86,RAFFAELE,6,2026,Grazielle,224,111
87,DUCA DI MANTOVA,6,2026,Grazielle,288,69
88,LUCREZIA,6,2026,Grazielle,271,86
89,ULDINO,6,2026,Grazielle,262,97
90,RADAMÈS,6,2026,Grazielle,321,37
91,RUY GOMEZ,6,2026,Grazielle,275,79
92,RIGOLETTO,6,2026,Grazielle,273,82
93,FORD,6,2026,Grazielle,296,56
94,GUSMANO,6,2026,Grazielle,259,98
95,STANKAR,6,2026,Grazielle,264,91
96,IMELDA,6,2026,Grazielle,258,100
97,AMELIA,6,2026,Grazielle,328,35
98,FRA MELITONE,6,2026,Grazielle,262,96
99,DESDEMONA,6,2026,Grazielle,284,74
100,NINETTA,6,2026,Grazielle,259,99
101,FERRANDO,6,2026,Grazielle,273,81
102,BANCO,6,2026,Grazielle,254,105
103,ODABELLA,6,2026,Grazielle,263,93
104,TEBALDO,6,2026,Grazielle,278,77
105,ABDALLO,6,2026,Grazielle,317,42
106,FENTON,6,2026,Grazielle,255,104
107,RENATO,6,2026,Grazielle,288,68
108,EGBERTO,6,2026,Grazielle,278,78
109,BARBARIGO,6,2026,Grazielle,237,110
110,STIFFELIO,6,2026,Grazielle,291,62
111,FOSCARI,6,2026,Grazielle,201,112
112,MANRICO,6,2026,Grazielle,263,92
1,ELENA,30,2026,Retro Game,388,9
2,CONTE DI VAUDEMONT,25,2026,Retro Game,350,18
3,FALSTAFF,21,2026,Retro Game,280,76
4,ABIGAILLE,18,2026,Retro Game,430,4
5,ZAMORO,16,2026,Retro Game,391,8
6,OTELLO,16,2026,Retro Game,455,3
7,GISELDA,16,2026,Retro Game,340,24
8,TEBALDO,16,2026,Retro Game,278,77
9,SPARAFUCILE,14,2026,Retro Game,399,7
10,VIOLETTA,14,2026,Retro Game,335,29
11,DON CARLOS,14,2026,Retro Game,334,31
12,CALATRAVA,14,2026,Retro Game,271,85
13,CORRADO,14,2026,Retro Game,352,16
14,ALZIRA,14,2026,Retro Game,299,53
15,SELIMO,14,2026,Retro Game,334,32
16,ZACCARIA,14,2026,Retro Game,374,10
17,MACDUFF,12,2026,Retro Game,345,21
18,BARDOLFO,12,2026,Retro Game,302,52
19,RIGOLETTO,12,2026,Retro Game,273,82
20,EMILIA,12,2026,Retro Game,272,83
21,MINA,12,2026,Retro Game,368,12
22,MASSIMILIANO,12,2026,Retro Game,262,95
23,ELISABETTA DI VALOIS,12,2026,Retro Game,265,90
24,GILDA,12,2026,Retro Game,331,33
25,ALFREDO,12,2026,Retro Game,504,1
26,DESDEMONA,12,2026,Retro Game,284,74
27,ULRICA,12,2026,Retro Game,337,26
28,FENTON,12,2026,Retro Game,255,104
29,ATTILA,12,2026,Retro Game,289,65
30,VICLINDA,12,2026,Retro Game,295,57
31,STIFFELIO,12,2026,Retro Game,291,62
32,FEDERICA,12,2026,Retro Game,305,47
33,DON ALVARO,10,2026,Retro Game,245,108
34,DUCA DI MANTOVA,10,2026,Retro Game,288,69
35,ELVIRA,10,2026,Retro Game,303,51
36,ALICE,10,2026,Retro Game,348,19
37,FILIPPO II,10,2026,Retro Game,337,25
38,GUSMANO,10,2026,Retro Game,259,98
39,STANKAR,10,2026,Retro Game,264,91
40,BARBAROSSA,10,2026,Retro Game,290,64
41,GODVINO,10,2026,Retro Game,305,48
42,OVANDO,10,2026,Retro Game,319,41
43,BRIANO,10,2026,Retro Game,303,49
44,IAGO,10,2026,Retro Game,425,5
45,LINA,10,2026,Retro Game,306,45
46,MALCOLM,10,2026,Retro Game,335,30
47,SEID,10,2026,Retro Game,294,58
48,DON RICCARDO,10,2026,Retro Game,325,36
49,FERRANDO,10,2026,Retro Game,273,81
50,ATALIBA,10,2026,Retro Game,286,72
51,ODABELLA,10,2026,Retro Game,263,93
52,ABDALLO,10,2026,Retro Game,317,42
53,ARVINO,10,2026,Retro Game,412,6
54,CONTE RICCARDO,10,2026,Retro Game,298,54
55,CASSIO,10,2026,Retro Game,344,22
56,MACBETH,10,2026,Retro Game,286,71
57,BORSA,8,2026,Retro Game,312,43
58,LUCREZIA,8,2026,Retro Game,271,86
59,AMNERIS,8,2026,Retro Game,288,67
60,NABUCODONOSOR,8,2026,Retro Game,330,34
61,RUY GOMEZ,8,2026,Retro Game,275,79
62,DUNCANO,8,2026,Retro Game,309,44
63,DOROTEA,8,2026,Retro Game,263,94
64,OSCAR,8,2026,Retro Game,319,40
65,FORD,8,2026,Retro Game,296,56
66,GERMONT,8,2026,Retro Game,287,70
67,ISMAELE,8,2026,Retro Game,272,84
68,ARMINIO,8,2026,Retro Game,258,101
69,IMELDA,8,2026,Retro Game,258,100
70,LIDA,8,2026,Retro Game,257,102
71,ARRIGO,8,2026,Retro Game,286,73
72,GULNARA,8,2026,Retro Game,374,11
73,RE CARLO,8,2026,Retro Game,242,109
74,GASTONE,8,2026,Retro Game,321,38
75,MARCOVALDO,8,2026,Retro Game,457,2
76,MOSER,8,2026,Retro Game,269,87
77,PAGANO,8,2026,Retro Game,345,20
78,RENATO,8,2026,Retro Game,288,68
79,AMONASRO,8,2026,Retro Game,303,50
80,BARBARIGO,8,2026,Retro Game,237,110
81,AZUCENA,8,2026,Retro Game,320,39
82,FORESTO,8,2026,Retro Game,306,46
83,RODOLFO,8,2026,Retro Game,290,63
84,ROLANDO,8,2026,Retro Game,280,75
85,FLORA,6,2026,Retro Game,294,59
86,RAFFAELE,6,2026,Retro Game,224,111
87,ULDINO,6,2026,Retro Game,262,97
88,RADAMÈS,6,2026,Retro Game,321,37
89,LEONORA,6,2026,Retro Game,293,60
90,ERNANI,6,2026,Retro Game,266,89
91,WURM,6,2026,Retro Game,273,80
92,AIDA,6,2026,Retro Game,297,55
93,MEDORA,6,2026,Retro Game,254,106
94,CONTE DI WALTER,6,2026,Retro Game,358,14
95,AMELIA,6,2026,Retro Game,328,35
96,RODRIGO,6,2026,Retro Game,335,28
97,PISANA,6,2026,Retro Game,289,66
98,FRA MELITONE,6,2026,Retro Game,262,96
99,CONTE DI LUNA,6,2026,Retro Game,368,13
100,NINETTA,6,2026,Retro Game,259,99
101,GUY DE MONTFORT,6,2026,Retro Game,336,27
102,BANCO,6,2026,Retro Game,254,105
103,EZIO,6,2026,Retro Game,355,15
104,EGBERTO,6,2026,Retro Game,278,78
105,RAMFIS,6,2026,Retro Game,352,17
106,LUISA MILLER,6,2026,Retro Game,340,23
107,ROLLA,6,2026,Retro Game,249,107
108,PREZIOSILLA,6,2026,Retro Game,255,103
109,FOSCARI,6,2026,Retro Game,201,112
110,PIRRO,6,2026,Retro Game,267,88
111,MANRICO,6,2026,Retro Game,263,92
112,AROLDO,6,2026,Retro Game,291,61
1,GILDA,30,2026,Cars Race,331,33
2,ABIGAILLE,25,2026,Cars Race,430,4
3,MARCOVALDO,21,2026,Cars Race,457,2
4,RADAMÈS,18,2026,Cars Race,321,37
5,ZAMORO,16,2026,Cars Race,391,8
6,CORRADO,15,2026,Cars Race,352,16
7,RODRIGO,14,2026,Cars Race,335,28
8,BRIANO,13,2026,Cars Race,303,49
9,CONTE DI LUNA,13,2026,Cars Race,368,13
10,MALCOLM,13,2026,Cars Race,335,30
11,ATALIBA,13,2026,Cars Race,286,72
12,ARVINO,13,2026,Cars Race,412,6
13,CONTE DI VAUDEMONT,13,2026,Cars Race,350,18
14,ZACCARIA,13,2026,Cars Race,374,10
15,MACDUFF,12,2026,Cars Race,345,21
16,SPARAFUCILE,12,2026,Cars Race,399,7
17,OTELLO,12,2026,Cars Race,455,3
18,LIDA,12,2026,Cars Race,257,102
19,ARRIGO,12,2026,Cars Race,286,73
20,GASTONE,12,2026,Cars Race,321,38
21,FERRANDO,12,2026,Cars Race,273,81
22,ERNANI,11,2026,Cars Race,266,89
23,STANKAR,11,2026,Cars Race,264,91
24,ELENA,11,2026,Cars Race,388,9
25,DON CARLOS,11,2026,Cars Race,334,31
26,LINA,11,2026,Cars Race,306,45
27,CONTE RICCARDO,11,2026,Cars Race,298,54
28,PREZIOSILLA,11,2026,Cars Race,255,103
29,BORSA,10,2026,Cars Race,312,43
30,DUCA DI MANTOVA,10,2026,Cars Race,288,69
31,BARDOLFO,10,2026,Cars Race,302,52
32,VIOLETTA,10,2026,Cars Race,335,29
33,NABUCODONOSOR,10,2026,Cars Race,330,34
34,RIGOLETTO,10,2026,Cars Race,273,82
35,DOROTEA,10,2026,Cars Race,263,94
36,OSCAR,10,2026,Cars Race,319,40
37,FORD,10,2026,Cars Race,296,56
38,GERMONT,10,2026,Cars Race,287,70
39,BARBAROSSA,10,2026,Cars Race,290,64
40,AIDA,10,2026,Cars Race,297,55
41,MEDORA,10,2026,Cars Race,254,106
42,MINA,10,2026,Cars Race,368,12
43,ALFREDO,10,2026,Cars Race,504,1
44,DON RICCARDO,10,2026,Cars Race,325,36
45,DESDEMONA,10,2026,Cars Race,284,74
46,ODABELLA,10,2026,Cars Race,263,93
47,TEBALDO,10,2026,Cars Race,278,77
48,PAGANO,10,2026,Cars Race,345,20
49,ABDALLO,10,2026,Cars Race,317,42
50,RENATO,10,2026,Cars Race,288,68
51,ALZIRA,10,2026,Cars Race,299,53
52,EGBERTO,10,2026,Cars Race,278,78
53,RAMFIS,10,2026,Cars Race,352,17
54,VICLINDA,10,2026,Cars Race,295,57
55,SELIMO,10,2026,Cars Race,334,32
56,CASSIO,10,2026,Cars Race,344,22
57,RAFFAELE,8,2026,Cars Race,224,111
58,ELVIRA,8,2026,Cars Race,303,51
59,AMNERIS,8,2026,Cars Race,288,67
60,LEONORA,8,2026,Cars Race,293,60
61,WURM,8,2026,Cars Race,273,80
62,EMILIA,8,2026,Cars Race,272,83
63,ISMAELE,8,2026,Cars Race,272,84
64,GODVINO,8,2026,Cars Race,305,48
65,ARMINIO,8,2026,Cars Race,258,101
66,OVANDO,8,2026,Cars Race,319,41
67,GULNARA,8,2026,Cars Race,374,11
68,IAGO,8,2026,Cars Race,425,5
69,FRA MELITONE,8,2026,Cars Race,262,96
70,GISELDA,8,2026,Cars Race,340,24
71,ULRICA,8,2026,Cars Race,337,26
72,NINETTA,8,2026,Cars Race,259,99
73,GUY DE MONTFORT,8,2026,Cars Race,336,27
74,EZIO,8,2026,Cars Race,355,15
75,FENTON,8,2026,Cars Race,255,104
76,ATTILA,8,2026,Cars Race,289,65
77,AZUCENA,8,2026,Cars Race,320,39
78,FORESTO,8,2026,Cars Race,306,46
79,RODOLFO,8,2026,Cars Race,290,63
80,STIFFELIO,8,2026,Cars Race,291,62
81,ROLANDO,8,2026,Cars Race,280,75
82,FOSCARI,8,2026,Cars Race,201,112
83,PIRRO,8,2026,Cars Race,267,88
84,AROLDO,8,2026,Cars Race,291,61
85,DON ALVARO,6,2026,Cars Race,245,108
86,FLORA,6,2026,Cars Race,294,59
87,LUCREZIA,6,2026,Cars Race,271,86
88,ULDINO,6,2026,Cars Race,262,97
89,RUY GOMEZ,6,2026,Cars Race,275,79
90,ALICE,6,2026,Cars Race,348,19
91,DUNCANO,6,2026,Cars Race,309,44
92,FILIPPO II,6,2026,Cars Race,337,25
93,GUSMANO,6,2026,Cars Race,259,98
94,CONTE DI WALTER,6,2026,Cars Race,358,14
95,IMELDA,6,2026,Cars Race,258,100
96,AMELIA,6,2026,Cars Race,328,35
97,RE CARLO,6,2026,Cars Race,242,109
98,PISANA,6,2026,Cars Race,289,66
99,CALATRAVA,6,2026,Cars Race,271,85
100,MASSIMILIANO,6,2026,Cars Race,262,95
101,ELISABETTA DI VALOIS,6,2026,Cars Race,265,90
102,SEID,6,2026,Cars Race,294,58
103,MOSER,6,2026,Cars Race,269,87
104,BANCO,6,2026,Cars Race,254,105
105,FALSTAFF,6,2026,Cars Race,280,76
106,AMONASRO,6,2026,Cars Race,303,50
107,BARBARIGO,6,2026,Cars Race,237,110
108,LUISA MILLER,6,2026,Cars Race,340,23
109,ROLLA,6,2026,Cars Race,249,107
110,MACBETH,6,2026,Cars Race,286,71
111,MANRICO,6,2026,Cars Race,263,92
112,FEDERICA,6,2026,Cars Race,305,47
1,ZAMORO,30,2026,Biglie,391,8
2,AMELIA,25,2026,Biglie,328,35
3,LEONORA,21,2026,Biglie,293,60
4,DESDEMONA,18,2026,Biglie,284,74
5,BRIANO,16,2026,Biglie,303,49
6,MARCOVALDO,15,2026,Biglie,457,2
7,LINA,14,2026,Biglie,306,45
8,GISELDA,14,2026,Biglie,340,24
9,DUNCANO,13,2026,Biglie,309,44
10,EZIO,13,2026,Biglie,355,15
11,BORSA,12,2026,Biglie,312,43
12,RAMFIS,12,2026,Biglie,352,17
13,SPARAFUCILE,11,2026,Biglie,399,7
14,GUSMANO,11,2026,Biglie,259,98
15,MALCOLM,11,2026,Biglie,335,30
16,ARVINO,11,2026,Biglie,412,6
17,CONTE DI VAUDEMONT,11,2026,Biglie,350,18
18,RODOLFO,11,2026,Biglie,290,63
19,OTELLO,10,2026,Biglie,455,3
20,ALICE,10,2026,Biglie,348,19
21,FILIPPO II,10,2026,Biglie,337,25
22,ABIGAILLE,10,2026,Biglie,430,4
23,MINA,10,2026,Biglie,368,12
24,ELISABETTA DI VALOIS,10,2026,Biglie,265,90
25,GILDA,10,2026,Biglie,331,33
26,ALFREDO,10,2026,Biglie,504,1
27,DON RICCARDO,10,2026,Biglie,325,36
28,TEBALDO,10,2026,Biglie,278,77
29,FALSTAFF,10,2026,Biglie,280,76
30,FORESTO,10,2026,Biglie,306,46
31,RADAMÈS,9,2026,Biglie,321,37
32,VIOLETTA,9,2026,Biglie,335,29
33,WURM,9,2026,Biglie,273,80
34,DOROTEA,9,2026,Biglie,263,94
35,GERMONT,9,2026,Biglie,287,70
36,RE CARLO,9,2026,Biglie,242,109
37,IAGO,9,2026,Biglie,425,5
38,GASTONE,9,2026,Biglie,321,38
39,NINETTA,9,2026,Biglie,259,99
40,ODABELLA,9,2026,Biglie,263,93
41,EGBERTO,9,2026,Biglie,278,78
42,ATTILA,9,2026,Biglie,289,65
43,RAFFAELE,8,2026,Biglie,224,111
44,ERNANI,8,2026,Biglie,266,89
45,RIGOLETTO,8,2026,Biglie,273,82
46,STANKAR,8,2026,Biglie,264,91
47,ISMAELE,8,2026,Biglie,272,84
48,CONTE DI WALTER,8,2026,Biglie,358,14
49,DON CARLOS,8,2026,Biglie,334,31
50,SEID,8,2026,Biglie,294,58
51,FERRANDO,8,2026,Biglie,273,81
52,AMONASRO,8,2026,Biglie,303,50
53,AZUCENA,8,2026,Biglie,320,39
54,CONTE RICCARDO,8,2026,Biglie,298,54
55,ZACCARIA,8,2026,Biglie,374,10
56,STIFFELIO,8,2026,Biglie,291,62
57,MACDUFF,7,2026,Biglie,345,21
58,LUCREZIA,7,2026,Biglie,271,86
59,BARDOLFO,7,2026,Biglie,302,52
60,FORD,7,2026,Biglie,296,56
61,EMILIA,7,2026,Biglie,272,83
62,BARBAROSSA,7,2026,Biglie,290,64
63,AIDA,7,2026,Biglie,297,55
64,MEDORA,7,2026,Biglie,254,106
65,IMELDA,7,2026,Biglie,258,100
66,LIDA,7,2026,Biglie,257,102
67,ARRIGO,7,2026,Biglie,286,73
68,GULNARA,7,2026,Biglie,374,11
69,RODRIGO,7,2026,Biglie,335,28
70,PISANA,7,2026,Biglie,289,66
71,FRA MELITONE,7,2026,Biglie,262,96
72,CALATRAVA,7,2026,Biglie,271,85
73,CONTE DI LUNA,7,2026,Biglie,368,13
74,ULRICA,7,2026,Biglie,337,26
75,GUY DE MONTFORT,7,2026,Biglie,336,27
76,BANCO,7,2026,Biglie,254,105
77,PAGANO,7,2026,Biglie,345,20
78,CORRADO,7,2026,Biglie,352,16
79,ALZIRA,7,2026,Biglie,299,53
80,BARBARIGO,7,2026,Biglie,237,110
81,SELIMO,7,2026,Biglie,334,32
82,LUISA MILLER,7,2026,Biglie,340,23
83,CASSIO,7,2026,Biglie,344,22
84,MACBETH,7,2026,Biglie,286,71
85,DON ALVARO,6,2026,Biglie,245,108
86,FLORA,6,2026,Biglie,294,59
87,DUCA DI MANTOVA,6,2026,Biglie,288,69
88,ELVIRA,6,2026,Biglie,303,51
89,AMNERIS,6,2026,Biglie,288,67
90,ULDINO,6,2026,Biglie,262,97
91,NABUCODONOSOR,6,2026,Biglie,330,34
92,RUY GOMEZ,6,2026,Biglie,275,79
93,OSCAR,6,2026,Biglie,319,40
94,GODVINO,6,2026,Biglie,305,48
95,ARMINIO,6,2026,Biglie,258,101
96,OVANDO,6,2026,Biglie,319,41
97,ELENA,6,2026,Biglie,388,9
98,MASSIMILIANO,6,2026,Biglie,262,95
99,MOSER,6,2026,Biglie,269,87
100,ATALIBA,6,2026,Biglie,286,72
101,ABDALLO,6,2026,Biglie,317,42
102,FENTON,6,2026,Biglie,255,104
103,RENATO,6,2026,Biglie,288,68
104,VICLINDA,6,2026,Biglie,295,57
105,ROLLA,6,2026,Biglie,249,107
106,PREZIOSILLA,6,2026,Biglie,255,103
107,ROLANDO,6,2026,Biglie,280,75
108,FOSCARI,6,2026,Biglie,201,112
109,PIRRO,6,2026,Biglie,267,88
110,MANRICO,6,2026,Biglie,263,92
111,FEDERICA,6,2026,Biglie,305,47
112,AROLDO,6,2026,Biglie,291,61
1,CONTE DI WALTER,30,2026,Tiro con l&#039;arco,358,14
2,ARVINO,25,2026,Tiro con l&#039;arco,412,6
3,AMELIA,21,2026,Tiro con l&#039;arco,328,35
4,ABIGAILLE,18,2026,Tiro con l&#039;arco,430,4
5,LINA,16,2026,Tiro con l&#039;arco,306,45
6,RADAMÈS,15,2026,Tiro con l&#039;arco,321,37
7,OTELLO,14,2026,Tiro con l&#039;arco,455,3
8,ZAMORO,13,2026,Tiro con l&#039;arco,391,8
9,IMELDA,13,2026,Tiro con l&#039;arco,258,100
10,IAGO,13,2026,Tiro con l&#039;arco,425,5
11,GISELDA,13,2026,Tiro con l&#039;arco,340,24
12,SEID,13,2026,Tiro con l&#039;arco,294,58
13,NINETTA,13,2026,Tiro con l&#039;arco,259,99
14,EGBERTO,13,2026,Tiro con l&#039;arco,278,78
15,ELVIRA,12,2026,Tiro con l&#039;arco,303,51
16,NABUCODONOSOR,12,2026,Tiro con l&#039;arco,330,34
17,DUNCANO,12,2026,Tiro con l&#039;arco,309,44
18,OSCAR,12,2026,Tiro con l&#039;arco,319,40
19,GERMONT,12,2026,Tiro con l&#039;arco,287,70
20,MARCOVALDO,12,2026,Tiro con l&#039;arco,457,2
21,EZIO,12,2026,Tiro con l&#039;arco,355,15
22,ALICE,11,2026,Tiro con l&#039;arco,348,19
23,RIGOLETTO,11,2026,Tiro con l&#039;arco,273,82
24,OVANDO,11,2026,Tiro con l&#039;arco,319,41
25,ELISABETTA DI VALOIS,11,2026,Tiro con l&#039;arco,265,90
26,ROLANDO,11,2026,Tiro con l&#039;arco,280,75
27,MANRICO,11,2026,Tiro con l&#039;arco,263,92
28,FEDERICA,11,2026,Tiro con l&#039;arco,305,47
29,RAFFAELE,10,2026,Tiro con l&#039;arco,224,111
30,DUCA DI MANTOVA,10,2026,Tiro con l&#039;arco,288,69
31,AMNERIS,10,2026,Tiro con l&#039;arco,288,67
32,SPARAFUCILE,10,2026,Tiro con l&#039;arco,399,7
33,VIOLETTA,10,2026,Tiro con l&#039;arco,335,29
34,ERNANI,10,2026,Tiro con l&#039;arco,266,89
35,WURM,10,2026,Tiro con l&#039;arco,273,80
36,FORD,10,2026,Tiro con l&#039;arco,296,56
37,FILIPPO II,10,2026,Tiro con l&#039;arco,337,25
38,AIDA,10,2026,Tiro con l&#039;arco,297,55
39,BRIANO,10,2026,Tiro con l&#039;arco,303,49
40,MEDORA,10,2026,Tiro con l&#039;arco,254,106
41,LIDA,10,2026,Tiro con l&#039;arco,257,102
42,ARRIGO,10,2026,Tiro con l&#039;arco,286,73
43,RE CARLO,10,2026,Tiro con l&#039;arco,242,109
44,DON CARLOS,10,2026,Tiro con l&#039;arco,334,31
45,GUY DE MONTFORT,10,2026,Tiro con l&#039;arco,336,27
46,ABDALLO,10,2026,Tiro con l&#039;arco,317,42
47,RENATO,10,2026,Tiro con l&#039;arco,288,68
48,RAMFIS,10,2026,Tiro con l&#039;arco,352,17
49,AMONASRO,10,2026,Tiro con l&#039;arco,303,50
50,VICLINDA,10,2026,Tiro con l&#039;arco,295,57
51,AZUCENA,10,2026,Tiro con l&#039;arco,320,39
52,LUISA MILLER,10,2026,Tiro con l&#039;arco,340,23
53,ZACCARIA,10,2026,Tiro con l&#039;arco,374,10
54,STIFFELIO,10,2026,Tiro con l&#039;arco,291,62
55,PREZIOSILLA,10,2026,Tiro con l&#039;arco,255,103
56,AROLDO,10,2026,Tiro con l&#039;arco,291,61
57,BORSA,8,2026,Tiro con l&#039;arco,312,43
58,DON ALVARO,8,2026,Tiro con l&#039;arco,245,108
59,BARDOLFO,8,2026,Tiro con l&#039;arco,302,52
60,GUSMANO,8,2026,Tiro con l&#039;arco,259,98
61,GODVINO,8,2026,Tiro con l&#039;arco,305,48
62,ARMINIO,8,2026,Tiro con l&#039;arco,258,101
63,ELENA,8,2026,Tiro con l&#039;arco,388,9
64,PISANA,8,2026,Tiro con l&#039;arco,289,66
65,CONTE DI LUNA,8,2026,Tiro con l&#039;arco,368,13
66,MALCOLM,8,2026,Tiro con l&#039;arco,335,30
67,ALFREDO,8,2026,Tiro con l&#039;arco,504,1
68,DON RICCARDO,8,2026,Tiro con l&#039;arco,325,36
69,DESDEMONA,8,2026,Tiro con l&#039;arco,284,74
70,ULRICA,8,2026,Tiro con l&#039;arco,337,26
71,MOSER,8,2026,Tiro con l&#039;arco,269,87
72,ATALIBA,8,2026,Tiro con l&#039;arco,286,72
73,PAGANO,8,2026,Tiro con l&#039;arco,345,20
74,FENTON,8,2026,Tiro con l&#039;arco,255,104
75,ALZIRA,8,2026,Tiro con l&#039;arco,299,53
76,ATTILA,8,2026,Tiro con l&#039;arco,289,65
77,BARBARIGO,8,2026,Tiro con l&#039;arco,237,110
78,CONTE DI VAUDEMONT,8,2026,Tiro con l&#039;arco,350,18
79,SELIMO,8,2026,Tiro con l&#039;arco,334,32
80,CASSIO,8,2026,Tiro con l&#039;arco,344,22
81,FORESTO,8,2026,Tiro con l&#039;arco,306,46
82,RODOLFO,8,2026,Tiro con l&#039;arco,290,63
83,FOSCARI,8,2026,Tiro con l&#039;arco,201,112
84,MACBETH,8,2026,Tiro con l&#039;arco,286,71
85,FLORA,6,2026,Tiro con l&#039;arco,294,59
86,MACDUFF,6,2026,Tiro con l&#039;arco,345,21
87,LUCREZIA,6,2026,Tiro con l&#039;arco,271,86
88,ULDINO,6,2026,Tiro con l&#039;arco,262,97
89,LEONORA,6,2026,Tiro con l&#039;arco,293,60
90,RUY GOMEZ,6,2026,Tiro con l&#039;arco,275,79
91,DOROTEA,6,2026,Tiro con l&#039;arco,263,94
92,EMILIA,6,2026,Tiro con l&#039;arco,272,83
93,STANKAR,6,2026,Tiro con l&#039;arco,264,91
94,ISMAELE,6,2026,Tiro con l&#039;arco,272,84
95,BARBAROSSA,6,2026,Tiro con l&#039;arco,290,64
96,GULNARA,6,2026,Tiro con l&#039;arco,374,11
97,RODRIGO,6,2026,Tiro con l&#039;arco,335,28
98,FRA MELITONE,6,2026,Tiro con l&#039;arco,262,96
99,CALATRAVA,6,2026,Tiro con l&#039;arco,271,85
100,MINA,6,2026,Tiro con l&#039;arco,368,12
101,MASSIMILIANO,6,2026,Tiro con l&#039;arco,262,95
102,GASTONE,6,2026,Tiro con l&#039;arco,321,38
103,GILDA,6,2026,Tiro con l&#039;arco,331,33
104,FERRANDO,6,2026,Tiro con l&#039;arco,273,81
105,BANCO,6,2026,Tiro con l&#039;arco,254,105
106,ODABELLA,6,2026,Tiro con l&#039;arco,263,93
107,TEBALDO,6,2026,Tiro con l&#039;arco,278,77
108,CORRADO,6,2026,Tiro con l&#039;arco,352,16
109,FALSTAFF,6,2026,Tiro con l&#039;arco,280,76
110,CONTE RICCARDO,6,2026,Tiro con l&#039;arco,298,54
111,ROLLA,6,2026,Tiro con l&#039;arco,249,107
112,PIRRO,6,2026,Tiro con l&#039;arco,267,88
1,OTELLO,30,2026,Scacchi,455,3
2,ATTILA,25,2026,Scacchi,289,65
3,ZAMORO,21,2026,Scacchi,391,8
4,MARCOVALDO,18,2026,Scacchi,457,2
5,MACDUFF,16,2026,Scacchi,345,21
6,IMELDA,16,2026,Scacchi,258,100
7,GULNARA,16,2026,Scacchi,374,11
8,GUY DE MONTFORT,16,2026,Scacchi,336,27
9,BARBAROSSA,14,2026,Scacchi,290,64
10,AIDA,14,2026,Scacchi,297,55
11,IAGO,14,2026,Scacchi,425,5
12,GASTONE,14,2026,Scacchi,321,38
13,LINA,14,2026,Scacchi,306,45
14,TEBALDO,14,2026,Scacchi,278,77
15,AZUCENA,14,2026,Scacchi,320,39
16,PIRRO,14,2026,Scacchi,267,88
17,DUCA DI MANTOVA,12,2026,Scacchi,288,69
18,LUCREZIA,12,2026,Scacchi,271,86
19,SPARAFUCILE,12,2026,Scacchi,399,7
20,DOROTEA,12,2026,Scacchi,263,94
21,OSCAR,12,2026,Scacchi,319,40
22,CONTE DI WALTER,12,2026,Scacchi,358,14
23,ELENA,12,2026,Scacchi,388,9
24,CALATRAVA,12,2026,Scacchi,271,85
25,ALFREDO,12,2026,Scacchi,504,1
26,ULRICA,12,2026,Scacchi,337,26
27,MOSER,12,2026,Scacchi,269,87
28,SELIMO,12,2026,Scacchi,334,32
29,LUISA MILLER,12,2026,Scacchi,340,23
30,ZACCARIA,12,2026,Scacchi,374,10
31,ROLLA,12,2026,Scacchi,249,107
32,MACBETH,12,2026,Scacchi,286,71
33,RADAMÈS,10,2026,Scacchi,321,37
34,NABUCODONOSOR,10,2026,Scacchi,330,34
35,LEONORA,10,2026,Scacchi,293,60
36,ERNANI,10,2026,Scacchi,266,89
37,ALICE,10,2026,Scacchi,348,19
38,DUNCANO,10,2026,Scacchi,309,44
39,RIGOLETTO,10,2026,Scacchi,273,82
40,EMILIA,10,2026,Scacchi,272,83
41,GERMONT,10,2026,Scacchi,287,70
42,ABIGAILLE,10,2026,Scacchi,430,4
43,RE CARLO,10,2026,Scacchi,242,109
44,GISELDA,10,2026,Scacchi,340,24
45,MALCOLM,10,2026,Scacchi,335,30
46,DESDEMONA,10,2026,Scacchi,284,74
47,FERRANDO,10,2026,Scacchi,273,81
48,PAGANO,10,2026,Scacchi,345,20
49,ARVINO,10,2026,Scacchi,412,6
50,RENATO,10,2026,Scacchi,288,68
51,CORRADO,10,2026,Scacchi,352,16
52,EGBERTO,10,2026,Scacchi,278,78
53,RAMFIS,10,2026,Scacchi,352,17
54,AMONASRO,10,2026,Scacchi,303,50
55,FORESTO,10,2026,Scacchi,306,46
56,ROLANDO,10,2026,Scacchi,280,75
57,BORSA,8,2026,Scacchi,312,43
58,DON ALVARO,8,2026,Scacchi,245,108
59,FLORA,8,2026,Scacchi,294,59
60,AMNERIS,8,2026,Scacchi,288,67
61,VIOLETTA,8,2026,Scacchi,335,29
62,RUY GOMEZ,8,2026,Scacchi,275,79
63,ISMAELE,8,2026,Scacchi,272,84
64,GODVINO,8,2026,Scacchi,305,48
65,ARMINIO,8,2026,Scacchi,258,101
66,OVANDO,8,2026,Scacchi,319,41
67,MEDORA,8,2026,Scacchi,254,106
68,LIDA,8,2026,Scacchi,257,102
69,ARRIGO,8,2026,Scacchi,286,73
70,AMELIA,8,2026,Scacchi,328,35
71,DON CARLOS,8,2026,Scacchi,334,31
72,RODRIGO,8,2026,Scacchi,335,28
73,FRA MELITONE,8,2026,Scacchi,262,96
74,CONTE DI LUNA,8,2026,Scacchi,368,13
75,MINA,8,2026,Scacchi,368,12
76,SEID,8,2026,Scacchi,294,58
77,ATALIBA,8,2026,Scacchi,286,72
78,ODABELLA,8,2026,Scacchi,263,93
79,FENTON,8,2026,Scacchi,255,104
80,ALZIRA,8,2026,Scacchi,299,53
81,VICLINDA,8,2026,Scacchi,295,57
82,CASSIO,8,2026,Scacchi,344,22
83,RODOLFO,8,2026,Scacchi,290,63
84,STIFFELIO,8,2026,Scacchi,291,62
85,RAFFAELE,6,2026,Scacchi,224,111
86,ELVIRA,6,2026,Scacchi,303,51
87,BARDOLFO,6,2026,Scacchi,302,52
88,ULDINO,6,2026,Scacchi,262,97
89,WURM,6,2026,Scacchi,273,80
90,FORD,6,2026,Scacchi,296,56
91,FILIPPO II,6,2026,Scacchi,337,25
92,GUSMANO,6,2026,Scacchi,259,98
93,STANKAR,6,2026,Scacchi,264,91
94,BRIANO,6,2026,Scacchi,303,49
95,PISANA,6,2026,Scacchi,289,66
96,MASSIMILIANO,6,2026,Scacchi,262,95
97,ELISABETTA DI VALOIS,6,2026,Scacchi,265,90
98,GILDA,6,2026,Scacchi,331,33
99,DON RICCARDO,6,2026,Scacchi,325,36
100,NINETTA,6,2026,Scacchi,259,99
101,BANCO,6,2026,Scacchi,254,105
102,EZIO,6,2026,Scacchi,355,15
103,ABDALLO,6,2026,Scacchi,317,42
104,FALSTAFF,6,2026,Scacchi,280,76
105,BARBARIGO,6,2026,Scacchi,237,110
106,CONTE DI VAUDEMONT,6,2026,Scacchi,350,18
107,CONTE RICCARDO,6,2026,Scacchi,298,54
108,PREZIOSILLA,6,2026,Scacchi,255,103
109,FOSCARI,6,2026,Scacchi,201,112
110,MANRICO,6,2026,Scacchi,263,92
111,FEDERICA,6,2026,Scacchi,305,47
112,AROLDO,6,2026,Scacchi,291,61
1,OTELLO,30,2026,Pentathlon,455,3
2,ALFREDO,25,2026,Pentathlon,504,1
3,ELENA,21,2026,Pentathlon,388,9
4,MARCOVALDO,18,2026,Pentathlon,457,2
5,ZAMORO,16,2026,Pentathlon,391,8
6,LEONORA,16,2026,Pentathlon,293,60
7,IAGO,16,2026,Pentathlon,425,5
8,SELIMO,16,2026,Pentathlon,334,32
9,SPARAFUCILE,14,2026,Pentathlon,399,7
10,CONTE DI LUNA,14,2026,Pentathlon,368,13
11,GASTONE,14,2026,Pentathlon,321,38
12,ARVINO,14,2026,Pentathlon,412,6
13,LUISA MILLER,14,2026,Pentathlon,340,23
14,CASSIO,14,2026,Pentathlon,344,22
15,FORESTO,14,2026,Pentathlon,306,46
16,AROLDO,14,2026,Pentathlon,291,61
17,BORSA,12,2026,Pentathlon,312,43
18,MACDUFF,12,2026,Pentathlon,345,21
19,OSCAR,12,2026,Pentathlon,319,40
20,BRIANO,12,2026,Pentathlon,303,49
21,MEDORA,12,2026,Pentathlon,254,106
22,RE CARLO,12,2026,Pentathlon,242,109
23,RODRIGO,12,2026,Pentathlon,335,28
24,PISANA,12,2026,Pentathlon,289,66
25,GISELDA,12,2026,Pentathlon,340,24
26,GILDA,12,2026,Pentathlon,331,33
27,SEID,12,2026,Pentathlon,294,58
28,DON RICCARDO,12,2026,Pentathlon,325,36
29,GUY DE MONTFORT,12,2026,Pentathlon,336,27
30,BANCO,12,2026,Pentathlon,254,105
31,ABDALLO,12,2026,Pentathlon,317,42
32,RODOLFO,12,2026,Pentathlon,290,63
33,FLORA,10,2026,Pentathlon,294,59
34,RADAMÈS,10,2026,Pentathlon,321,37
35,RIGOLETTO,10,2026,Pentathlon,273,82
36,DOROTEA,10,2026,Pentathlon,263,94
37,FORD,10,2026,Pentathlon,296,56
38,GUSMANO,10,2026,Pentathlon,259,98
39,ARMINIO,10,2026,Pentathlon,258,101
40,OVANDO,10,2026,Pentathlon,319,41
41,IMELDA,10,2026,Pentathlon,258,100
42,ARRIGO,10,2026,Pentathlon,286,73
43,GULNARA,10,2026,Pentathlon,374,11
44,DON CARLOS,10,2026,Pentathlon,334,31
45,ULRICA,10,2026,Pentathlon,337,26
46,MOSER,10,2026,Pentathlon,269,87
47,EZIO,10,2026,Pentathlon,355,15
48,RAMFIS,10,2026,Pentathlon,352,17
49,AMONASRO,10,2026,Pentathlon,303,50
50,CONTE DI VAUDEMONT,10,2026,Pentathlon,350,18
51,AZUCENA,10,2026,Pentathlon,320,39
52,CONTE RICCARDO,10,2026,Pentathlon,298,54
53,ZACCARIA,10,2026,Pentathlon,374,10
54,ROLLA,10,2026,Pentathlon,249,107
55,MACBETH,10,2026,Pentathlon,286,71
56,PIRRO,10,2026,Pentathlon,267,88
57,RAFFAELE,8,2026,Pentathlon,224,111
58,ELVIRA,8,2026,Pentathlon,303,51
59,BARDOLFO,8,2026,Pentathlon,302,52
60,ULDINO,8,2026,Pentathlon,262,97
61,NABUCODONOSOR,8,2026,Pentathlon,330,34
62,RUY GOMEZ,8,2026,Pentathlon,275,79
63,DUNCANO,8,2026,Pentathlon,309,44
64,WURM,8,2026,Pentathlon,273,80
65,FILIPPO II,8,2026,Pentathlon,337,25
66,GERMONT,8,2026,Pentathlon,287,70
67,STANKAR,8,2026,Pentathlon,264,91
68,ISMAELE,8,2026,Pentathlon,272,84
69,BARBAROSSA,8,2026,Pentathlon,290,64
70,LIDA,8,2026,Pentathlon,257,102
71,ABIGAILLE,8,2026,Pentathlon,430,4
72,AMELIA,8,2026,Pentathlon,328,35
73,MINA,8,2026,Pentathlon,368,12
74,LINA,8,2026,Pentathlon,306,45
75,MALCOLM,8,2026,Pentathlon,335,30
76,DESDEMONA,8,2026,Pentathlon,284,74
77,ATALIBA,8,2026,Pentathlon,286,72
78,PAGANO,8,2026,Pentathlon,345,20
79,RENATO,8,2026,Pentathlon,288,68
80,CORRADO,8,2026,Pentathlon,352,16
81,EGBERTO,8,2026,Pentathlon,278,78
82,VICLINDA,8,2026,Pentathlon,295,57
83,PREZIOSILLA,8,2026,Pentathlon,255,103
84,ROLANDO,8,2026,Pentathlon,280,75
85,DON ALVARO,6,2026,Pentathlon,245,108
86,DUCA DI MANTOVA,6,2026,Pentathlon,288,69
87,LUCREZIA,6,2026,Pentathlon,271,86
88,AMNERIS,6,2026,Pentathlon,288,67
89,VIOLETTA,6,2026,Pentathlon,335,29
90,ERNANI,6,2026,Pentathlon,266,89
91,ALICE,6,2026,Pentathlon,348,19
92,EMILIA,6,2026,Pentathlon,272,83
93,GODVINO,6,2026,Pentathlon,305,48
94,AIDA,6,2026,Pentathlon,297,55
95,CONTE DI WALTER,6,2026,Pentathlon,358,14
96,FRA MELITONE,6,2026,Pentathlon,262,96
97,CALATRAVA,6,2026,Pentathlon,271,85
98,MASSIMILIANO,6,2026,Pentathlon,262,95
99,ELISABETTA DI VALOIS,6,2026,Pentathlon,265,90
100,NINETTA,6,2026,Pentathlon,259,99
101,FERRANDO,6,2026,Pentathlon,273,81
102,ODABELLA,6,2026,Pentathlon,263,93
103,TEBALDO,6,2026,Pentathlon,278,77
104,FENTON,6,2026,Pentathlon,255,104
105,FALSTAFF,6,2026,Pentathlon,280,76
106,ALZIRA,6,2026,Pentathlon,299,53
107,ATTILA,6,2026,Pentathlon,289,65
108,BARBARIGO,6,2026,Pentathlon,237,110
109,STIFFELIO,6,2026,Pentathlon,291,62
110,FOSCARI,6,2026,Pentathlon,201,112
111,MANRICO,6,2026,Pentathlon,263,92
112,FEDERICA,6,2026,Pentathlon,305,47
1,AMONASRO,30,2026,Ballo,303,50
2,MINA,25,2026,Ballo,368,12
3,ALZIRA,21,2026,Ballo,299,53
4,ALICE,18,2026,Ballo,348,19
5,ABIGAILLE,16,2026,Ballo,430,4
6,CASSIO,15,2026,Ballo,344,22
7,FILIPPO II,14,2026,Ballo,337,25
8,LIDA,14,2026,Ballo,257,102
9,CONTE DI WALTER,13,2026,Ballo,358,14
10,GULNARA,13,2026,Ballo,374,11
11,SPARAFUCILE,12,2026,Ballo,399,7
12,IAGO,12,2026,Ballo,425,5
13,AMNERIS,11,2026,Ballo,288,67
14,GISELDA,11,2026,Ballo,340,24
15,FENTON,11,2026,Ballo,255,104
16,RAMFIS,11,2026,Ballo,352,17
17,CONTE RICCARDO,11,2026,Ballo,298,54
18,MANRICO,11,2026,Ballo,263,92
19,DUCA DI MANTOVA,10,2026,Ballo,288,69
20,BARDOLFO,10,2026,Ballo,302,52
21,ERNANI,10,2026,Ballo,266,89
22,OSCAR,10,2026,Ballo,319,40
23,ELENA,10,2026,Ballo,388,9
24,MARCOVALDO,10,2026,Ballo,457,2
25,NINETTA,10,2026,Ballo,259,99
26,PAGANO,10,2026,Ballo,345,20
27,EZIO,10,2026,Ballo,355,15
28,RENATO,10,2026,Ballo,288,68
29,CONTE DI VAUDEMONT,10,2026,Ballo,350,18
30,RODOLFO,10,2026,Ballo,290,63
31,DON ALVARO,9,2026,Ballo,245,108
32,FLORA,9,2026,Ballo,294,59
33,ELVIRA,9,2026,Ballo,303,51
34,ULDINO,9,2026,Ballo,262,97
35,VIOLETTA,9,2026,Ballo,335,29
36,GUSMANO,9,2026,Ballo,259,98
37,ARRIGO,9,2026,Ballo,286,73
38,LINA,9,2026,Ballo,306,45
39,ALFREDO,9,2026,Ballo,504,1
40,ULRICA,9,2026,Ballo,337,26
41,ARVINO,9,2026,Ballo,412,6
42,ZACCARIA,9,2026,Ballo,374,10
43,RADAMÈS,8,2026,Ballo,321,37
44,RUY GOMEZ,8,2026,Ballo,275,79
45,DUNCANO,8,2026,Ballo,309,44
46,BRIANO,8,2026,Ballo,303,49
47,IMELDA,8,2026,Ballo,258,100
48,DON CARLOS,8,2026,Ballo,334,31
49,FRA MELITONE,8,2026,Ballo,262,96
50,CONTE DI LUNA,8,2026,Ballo,368,13
51,MALCOLM,8,2026,Ballo,335,30
52,DON RICCARDO,8,2026,Ballo,325,36
53,GUY DE MONTFORT,8,2026,Ballo,336,27
54,ATALIBA,8,2026,Ballo,286,72
55,SELIMO,8,2026,Ballo,334,32
56,AROLDO,8,2026,Ballo,291,61
57,ZAMORO,7,2026,Ballo,391,8
58,RIGOLETTO,7,2026,Ballo,273,82
59,WURM,7,2026,Ballo,273,80
60,EMILIA,7,2026,Ballo,272,83
61,GERMONT,7,2026,Ballo,287,70
62,STANKAR,7,2026,Ballo,264,91
63,AIDA,7,2026,Ballo,297,55
64,MEDORA,7,2026,Ballo,254,106
65,AMELIA,7,2026,Ballo,328,35
66,RODRIGO,7,2026,Ballo,335,28
67,CALATRAVA,7,2026,Ballo,271,85
68,GILDA,7,2026,Ballo,331,33
69,SEID,7,2026,Ballo,294,58
70,DESDEMONA,7,2026,Ballo,284,74
71,FERRANDO,7,2026,Ballo,273,81
72,BANCO,7,2026,Ballo,254,105
73,ODABELLA,7,2026,Ballo,263,93
74,ABDALLO,7,2026,Ballo,317,42
75,CORRADO,7,2026,Ballo,352,16
76,ATTILA,7,2026,Ballo,289,65
77,BARBARIGO,7,2026,Ballo,237,110
78,VICLINDA,7,2026,Ballo,295,57
79,AZUCENA,7,2026,Ballo,320,39
80,LUISA MILLER,7,2026,Ballo,340,23
81,ROLLA,7,2026,Ballo,249,107
82,STIFFELIO,7,2026,Ballo,291,62
83,ROLANDO,7,2026,Ballo,280,75
84,PIRRO,7,2026,Ballo,267,88
85,BORSA,6,2026,Ballo,312,43
86,MACDUFF,6,2026,Ballo,345,21
87,RAFFAELE,6,2026,Ballo,224,111
88,LUCREZIA,6,2026,Ballo,271,86
89,NABUCODONOSOR,6,2026,Ballo,330,34
90,OTELLO,6,2026,Ballo,455,3
91,LEONORA,6,2026,Ballo,293,60
92,DOROTEA,6,2026,Ballo,263,94
93,FORD,6,2026,Ballo,296,56
94,ISMAELE,6,2026,Ballo,272,84
95,BARBAROSSA,6,2026,Ballo,290,64
96,GODVINO,6,2026,Ballo,305,48
97,ARMINIO,6,2026,Ballo,258,101
98,OVANDO,6,2026,Ballo,319,41
99,RE CARLO,6,2026,Ballo,242,109
100,PISANA,6,2026,Ballo,289,66
101,MASSIMILIANO,6,2026,Ballo,262,95
102,ELISABETTA DI VALOIS,6,2026,Ballo,265,90
103,GASTONE,6,2026,Ballo,321,38
104,MOSER,6,2026,Ballo,269,87
105,TEBALDO,6,2026,Ballo,278,77
106,FALSTAFF,6,2026,Ballo,280,76
107,EGBERTO,6,2026,Ballo,278,78
108,FORESTO,6,2026,Ballo,306,46
109,PREZIOSILLA,6,2026,Ballo,255,103
110,FOSCARI,6,2026,Ballo,201,112
111,MACBETH,6,2026,Ballo,286,71
112,FEDERICA,6,2026,Ballo,305,47
